{"type":"FeatureCollection","features":[{"type":"Feature","properties":{"market":"gardenoaksoakforest","source":"garden_oaks/*_boundary_filled.geojson union"},"geometry":{"type":"Polygon","coordinates":[[[-95.42909941473833,29.830331640935434],[-95.4290908985319,29.830332020300542],[-95.42903089763658,29.830331703608678],[-95.42864796317242,29.830327883644202],[-95.42864498029967,29.83032786627049],[-95.42836417072196,29.830327396286325],[-95.42834124553839,29.830328089909862],[-95.42828287296666,29.8303317234483],[-95.42827308756596,29.83033206518899],[-95.42806252786401,29.830333676323544],[-95.42784618890445,29.830335322311935],[-95.42763278621429,29.83033694849256],[-95.42741725725067,29.830338593583864],[-95.42720558410161,29.83034020963072],[-95.4269920385629,29.830341604264362],[-95.42677735600324,29.830342852614372],[-95.42656046993302,29.830343777341653],[-95.4263472602716,29.83034467120737],[-95.42613354191349,29.830345572746026],[-95.42591910169016,29.830346476245712],[-95.4257046487966,29.83034737981478],[-95.4254909349317,29.830348274869003],[-95.4252779714658,29.83034917334043],[-95.42506353920676,29.830350070252468],[-95.42484902345011,29.830350975470196],[-95.42463536236008,29.83035187069507],[-95.42442090033543,29.830352772026544],[-95.42420646242458,29.83035366740043],[-95.42399417230048,29.83035456047752],[-95.4239913752664,29.830354583131353],[-95.42377196349858,29.830357214282667],[-95.42376327962958,29.830356895837042],[-95.423754395219,29.830354804009396],[-95.4237204072041,29.830348509590234],[-95.42368597164588,29.830345510057104],[-95.42365140720649,29.830345833167293],[-95.42361703374081,29.830349475930788],[-95.42358316933638,29.83035640463793],[-95.42357388778295,29.83035877394719],[-95.42356499337217,29.830359223084436],[-95.42333531765557,29.830359357179493],[-95.42311641406114,29.830359483595853],[-95.42290261888267,29.83035960519436],[-95.42268086400357,29.83035973069288],[-95.4224677170162,29.830359851624443],[-95.42224975993882,29.830359972339295],[-95.42224519723418,29.83036000383635],[-95.42203901947869,29.830362736313774],[-95.42181588039273,29.830365697946593],[-95.42181359449813,29.830365713742157],[-95.42159366699107,29.83036583426259],[-95.42137555157532,29.830365951760463],[-95.42115447143073,29.83036606567918],[-95.42092975363433,29.830366185986964],[-95.42071530555643,29.830366301925302],[-95.4204914039519,29.830366419251373],[-95.42048678496275,29.830366451360934],[-95.42029306476485,29.83036904330841],[-95.42006571887326,29.83037038355418],[-95.41962456546668,29.830372961079956],[-95.41961580179942,29.830372581651428],[-95.41960455974372,29.830369833945152],[-95.41957060237213,29.83036324821899],[-95.41953616910354,29.830359958099095],[-95.41950157902431,29.830359994074364],[-95.41946715267397,29.83036335581142],[-95.41943320907474,29.830370012157708],[-95.41942800158574,29.830371296421497],[-95.41941917410382,29.830371684157427],[-95.41918074570337,29.830370353945824],[-95.41895900659576,29.83036911783716],[-95.41874600088633,29.830367923394633],[-95.41852574150641,29.830366693756744],[-95.41812347248185,29.830364452458106],[-95.41802236185906,29.830363884412968],[-95.41801686376724,29.830363895588892],[-95.41793049418379,29.830364731963975],[-95.41792853644347,29.830364740254797],[-95.4176732051419,29.830364430375056],[-95.41766755604718,29.830364467927023],[-95.417446659756,29.83036767298214],[-95.41722064496516,29.830370095706773],[-95.41686429687164,29.830373918573553],[-95.41634681002694,29.830379264221435],[-95.41633916594157,29.830379424533255],[-95.41626479462266,29.83038177606132],[-95.41625616950112,29.83038162906308],[-95.4162547404769,29.830380841807155],[-95.41622638991498,29.83036346464817],[-95.41619339691194,29.8303476099829],[-95.41615896206989,29.830335194254424],[-95.41612344274368,29.83032634630959],[-95.41608720754269,29.830321157969816],[-95.41605063250536,29.830319683078205],[-95.4158594691404,29.830321719872092],[-95.41557247544002,29.830324778964854],[-95.41528595613568,29.830327829874904],[-95.41528549385536,29.83032783509477],[-95.4149988939129,29.83033125565237],[-95.41484807492975,29.830332918337174],[-95.41483978953126,29.830332609722653],[-95.4148390777524,29.830324349018674],[-95.41482878533044,29.83005145793844],[-95.41481637084391,29.829722403632562],[-95.41481493310845,29.82968425505754],[-95.41481431366536,29.829672735805445],[-95.4148058012056,29.829550936438267],[-95.41480551038295,29.829545660822525],[-95.41479859754978,29.829374493312017],[-95.4147921648869,29.829198282592866],[-95.41478602377323,29.829025455778183],[-95.41478020078912,29.82885108762603],[-95.41477416574762,29.82867551035234],[-95.41477408682712,29.828673395759566],[-95.4147630158007,29.828398481150717],[-95.41476293832906,29.82839848427056],[-95.41476191216456,29.828373098429488],[-95.41475689519855,29.82833757246654],[-95.41474836040678,29.82830272391821],[-95.41473639288087,29.82826890022363],[-95.41472111193677,29.828236438604158],[-95.41470266992509,29.8282056627013],[-95.41468125071222,29.82817687935002],[-95.41465706784713,29.82815037551958],[-95.41463036243239,29.82812641545249],[-95.4146014007203,29.82810523803],[-95.41457047145835,29.82808705439046],[-95.41453788301051,29.828072045824293],[-95.41450396028274,29.82806036196651],[-95.41446904148378,29.82805211930488],[-95.41443347475315,29.828047400018516],[-95.41439761469024,29.82804625115859],[-95.41438693844447,29.82804644248978],[-95.41419856151612,29.828049822016524],[-95.41406188454997,29.82805226968427],[-95.41398658397495,29.82805361621399],[-95.41397787315903,29.828053345832142],[-95.41396129381626,29.828047768879326],[-95.41392723401542,29.828038150786007],[-95.41389239323959,29.82803193000684],[-95.41385710949055,29.828029166891632],[-95.41382172506742,29.82802988824626],[-95.41378658324604,29.828034087072634],[-95.41375202494869,29.828041722636566],[-95.41371838543667,29.828052720862964],[-95.41370393650116,29.82805824636741],[-95.41369511635435,29.828058842679305],[-95.41353606620753,29.828061686798005],[-95.413346927042,29.82806507718337],[-95.41331566680792,29.82806563556852],[-95.4130946047663,29.828069598794862],[-95.41287435139058,29.82807359029384],[-95.41265417481175,29.82807775569695],[-95.41239196548281,29.82808276580168],[-95.41229863728726,29.82808455100136],[-95.41196491425929,29.828090935095602],[-95.41188226568272,29.828092520708637],[-95.41134657889133,29.828102756230777],[-95.41120212207696,29.828105514467058],[-95.41119995242079,29.828105542788688],[-95.41081362577219,29.828108252532232],[-95.41080520374844,29.828107897338448],[-95.41080475093088,29.82809947999895],[-95.41080182544212,29.827460811124677],[-95.41080219304929,29.82745230437939],[-95.4108046209813,29.82744521119704],[-95.41081455856536,29.82741060996128],[-95.41082098399673,29.82737518800587],[-95.4108238327792,29.827339300883782],[-95.41082307631771,29.827303308817168],[-95.41081872220536,29.827267573081567],[-95.41081081414717,29.82723245237957],[-95.41079943152141,29.827198299240266],[-95.41079500094082,29.827188429261344],[-95.4107904786986,29.827176817854284],[-95.41078985695802,29.82716787605296],[-95.41077380456463,29.826327166539084],[-95.41076392621343,29.825809494610755],[-95.410764201404,29.82580056654035],[-95.41076634171336,29.825784271522707],[-95.41076696214094,29.8257808639194],[-95.41076983181381,29.825744854148176],[-95.41076907139434,29.825708738218058],[-95.41076468856801,29.825672881147913],[-95.41075672763147,29.82563764534034],[-95.41075376712354,29.82562705093934],[-95.41075312913419,29.825618078616557],[-95.41074402375177,29.825176370325746],[-95.41073719516653,29.824774277063824],[-95.4107345073209,29.82473609141179],[-95.4107330358718,29.82472424378102],[-95.41073239046699,29.82471569257895],[-95.41073295555475,29.82471393168328],[-95.41074161574059,29.824681944172422],[-95.41074729215089,29.824649294853348],[-95.41074993650405,29.82461626142988],[-95.41074952630814,29.82458312487289],[-95.41074606505212,29.824550167030477],[-95.41073958217625,29.82451766823065],[-95.41073013282164,29.82448590489696],[-95.41072748318362,29.824479298190166],[-95.41072338796107,29.82446743451567],[-95.41072299027266,29.82445896205395],[-95.4107232853104,29.824022060782347],[-95.4107235393188,29.82365909016561],[-95.41072317667128,29.823642697212563],[-95.41071831207368,29.82353451613948],[-95.41071835540767,29.823525662773633],[-95.41072490982172,29.82351031214164],[-95.41072492675268,29.82351027752864],[-95.4107249421236,29.823510236489707],[-95.41072534836223,29.82350928506677],[-95.4107253053523,29.823509266702384],[-95.41073709159456,29.823477798516603],[-95.4107460685119,29.82344429800085],[-95.41075177387276,29.82341008808331],[-95.41075415452411,29.823375487474937],[-95.410753188287,29.82334081852649],[-95.41074888416323,29.823306404225406],[-95.41074128225144,29.82327256518674],[-95.41073045337356,29.82323961666622],[-95.41071649841501,29.823207865623203],[-95.41071034310337,29.823195515799235],[-95.41070972394046,29.823186849436222],[-95.41069891966873,29.822705487584127],[-95.41069058438795,29.822258689762144],[-95.41069084548205,29.822250011913678],[-95.41069238321819,29.82224540920965],[-95.4107017020152,29.822212330047577],[-95.41070781803424,29.822178511927397],[-95.410710675329,29.82214426420035],[-95.4107102477624,29.822109900147503],[-95.4107065392456,29.822075734114016],[-95.41069958370224,29.82204207863366],[-95.41068944475816,29.82200924156993],[-95.41068685350197,29.8220020832542],[-95.41068634851959,29.821993533148436],[-95.41068151872506,29.821552021594144],[-95.41068150031971,29.821550597218067],[-95.41067402657194,29.82104914694287],[-95.4106743172973,29.82104057083104],[-95.41067999362954,29.821035215846607],[-95.41069587880769,29.82102158159495],[-95.41072092621293,29.820995244805978],[-95.41074318493676,29.820966512451804],[-95.41076242724452,29.82093567850046],[-95.41077845626323,29.820903058421955],[-95.41079110799596,29.820868985960608],[-95.41080025299958,29.82083380972045],[-95.41080579770924,29.820797889598545],[-95.41080768539562,29.820761593102805],[-95.41080816821797,29.820407661996416],[-95.41080816651292,29.82040596119992],[-95.41080650929284,29.819914082864294],[-95.41080691747942,29.819905235074827],[-95.41080768915228,29.81989995213706],[-95.41081231645015,29.819876591204373],[-95.41081574427606,29.819841964568358],[-95.41081580682456,29.819807168735277],[-95.41081250350906,29.819772529999458],[-95.41080586530609,29.81973837318208],[-95.41080575737217,29.81973793286833],[-95.41080619677498,29.819729294650838],[-95.4108527514475,29.819262287402488],[-95.41085406190861,29.819253559405563],[-95.41086091551439,29.81924229029446],[-95.4108777228337,29.8192113316093],[-95.4108914179634,29.819178875953526],[-95.41090186927845,29.819145235261157],[-95.41090897633039,29.819110732855705],[-95.41091267081276,29.819075700342673],[-95.41091291721756,29.819040474422472],[-95.4109097131766,29.81900539365437],[-95.41090308948415,29.818970795202556],[-95.4108931098011,29.81893701159565],[-95.410879870043,29.818904367530724],[-95.4108634974583,29.81887317675261],[-95.41084414940525,29.81884373903849],[-95.4108272485247,29.818822819248346],[-95.41082481821569,29.81881949728626],[-95.41082273795398,29.818811133729522],[-95.41078581093721,29.818624468828087],[-95.41077729327613,29.818590302633567],[-95.41076547242527,29.81855713417138],[-95.4107504619,29.818525281957495],[-95.41073240584602,29.818495051867956],[-95.4107114776552,29.8184667342016],[-95.41068787830046,29.81844060089231],[-95.41066183440586,29.818416902897628],[-95.41063359607027,29.818395867788837],[-95.41060343446577,29.81837769756559],[-95.41057163923354,29.818362566716115],[-95.41053851570243,29.81835062054159],[-95.41050438195694,29.818341973760855],[-95.4104695657826,29.818336709408733],[-95.41043440151833,29.818334878038677],[-95.4103992268457,29.81833649723729],[-95.41036437954627,29.818341551455447],[-95.41033019425782,29.818349992157607],[-95.4102969992609,29.81836173828791],[-95.41026511332623,29.818376677048544],[-95.41023484265372,29.818394664982947],[-95.4102064779319,29.81841552935341],[-95.41018029154654,29.818439069799876],[-95.41015653496486,29.818465060264],[-95.41013543632074,29.818493251159968],[-95.410117198224,29.818523371771278],[-95.41010199581461,29.818555132850406],[-95.41008997508098,29.81858822939647],[-95.4100812514579,29.81862234358412],[-95.41004326899282,29.81880843941276],[-95.41004115613084,29.81881669282828],[-95.41003264300716,29.81881702416296],[-95.40950052639725,29.818811501049236],[-95.40822113990302,29.818796560918397],[-95.40821170250389,29.818796574654435],[-95.40792234427742,29.818800796117788],[-95.4076658039301,29.818804453004255],[-95.40739603172072,29.818806985806507],[-95.40712971405674,29.818809302995778],[-95.40712861895561,29.81880931419307],[-95.40685399960279,29.81881254069447],[-95.40685339231953,29.81881254834273],[-95.40658333800631,29.818816177728767],[-95.40631520330258,29.818819767951396],[-95.40604866980601,29.818823340959312],[-95.40604683467245,29.81882335618625],[-95.40578622580968,29.81882418749329],[-95.40552402358543,29.81882502568758],[-95.40526321771007,29.818825862058596],[-95.40500316450346,29.818826696189973],[-95.40475314983159,29.818827488791957],[-95.40450313023355,29.818828286136185],[-95.40427725389401,29.818829009988942],[-95.40427206543045,29.818829064079768],[-95.40402381494351,29.81883344492302],[-95.40374603972283,29.81883631379506],[-95.40349572404436,29.81883835716472],[-95.40349447562888,29.818838369524745],[-95.40324856145683,29.818841231480587],[-95.40324699057739,29.818841253197164],[-95.40300436671424,29.818845137859622],[-95.4027616631971,29.818849021124894],[-95.40251986451013,29.818852894648987],[-95.40226786219864,29.818854584057007],[-95.40201681521935,29.818856253115936],[-95.40176789356407,29.818857902658774],[-95.40151685812702,29.818859566161283],[-95.40128325671127,29.81886111496031],[-95.40104892721988,29.818862669886276],[-95.40081313613706,29.818864229597725],[-95.40057952202675,29.818865775938015],[-95.40034669622689,29.818867315909955],[-95.40012111707681,29.818868810045114],[-95.39989047837877,29.818870337560394],[-95.39964180047465,29.818871985608148],[-95.39963345257917,29.818871634400477],[-95.3996328803793,29.818863298736456],[-95.39962477287821,29.818455192097105],[-95.39962502421507,29.81844647668992],[-95.3996252598833,29.81844461945956],[-95.3996307236553,29.818413631032076],[-95.39963341333406,29.81837847487214],[-95.39963264450202,29.818343224356532],[-95.39962842456202,29.818308218898967],[-95.39962263117118,29.818282082984595],[-95.39962193068806,29.818277963240753],[-95.39962131542093,29.81826914010848],[-95.39961157113814,29.81778731754363],[-95.3996019014266,29.817309001575087],[-95.39960214774482,29.817300311498215],[-95.39960376300138,29.81728750221164],[-95.39960545580587,29.817277834212206],[-95.39960810177516,29.817242587922085],[-95.39960727208722,29.817207252193157],[-95.39960297477009,29.817172168932387],[-95.3995960900218,29.81714142273643],[-95.39959577720899,29.81713959790715],[-95.39959515242636,29.817130693319662],[-95.39958513247072,29.816634449825784],[-95.3995770560533,29.816132882767103],[-95.39957736676129,29.81612386551007],[-95.39957790328602,29.81612164031304],[-95.39958434630762,29.816087922875496],[-95.39958754246081,29.81605374447988],[-95.3995874625754,29.81601941706022],[-95.3995841073805,29.815985253910643],[-95.39957779054079,29.81595301153258],[-95.39957768961271,29.815952322784607],[-95.39957726323301,29.81594376010608],[-95.39957637741904,29.815472484912288],[-95.39957635883556,29.815469444016347],[-95.39957145933495,29.81499574075223],[-95.39957184277911,29.81498616730284],[-95.39957507369394,29.814949645516027],[-95.39957443766836,29.814911907605705],[-95.39956984665028,29.814874444597855],[-95.39956135129378,29.814837669833107],[-95.39955605632144,29.81481922628795],[-95.39955549085153,29.814810971498577],[-95.39954775941398,29.81437358316637],[-95.39954804523765,29.8143648557717],[-95.39955941451143,29.81436098505105],[-95.39959160561234,29.81434826434242],[-95.39962242340832,29.814332505317797],[-95.39965158193293,29.814313854209303],[-95.39967881061658,29.814292484085474],[-95.39970385679716,29.8142685932453],[-95.39972648806457,29.81424240337816],[-95.39974649441737,29.814214157506708],[-95.39976369021132,29.81418411773181],[-95.39977791588215,29.814152562800416],[-95.39978903942612,29.81411978551903],[-95.39979695762496,29.814086090036646],[-95.3998015970036,29.814051789022496],[-95.39980291451205,29.814017200764702],[-95.39980089792479,29.813982646216786],[-95.39979556595426,29.813948446019477],[-95.39978696807722,29.813914917525384],[-95.39977518407562,29.813882371854206],[-95.39976032329633,29.81385111100578],[-95.39974252363639,29.81382142505772],[-95.39972195026355,29.81379358947374],[-95.39969879408352,29.81376786254753],[-95.39967326996859,29.813744483005994],[-95.3996456147637,29.81372366779404],[-95.39961344978866,29.813701802795915],[-95.39960363781263,29.813694040748498],[-95.39958455002426,29.813676560537598],[-95.39957286492522,29.813664195738372],[-95.3995674739505,29.81365792275603],[-95.39956939563444,29.813649877879165],[-95.39961654966068,29.813486936333522],[-95.39961919487452,29.813479163382056],[-95.39962553649423,29.813473966159624],[-95.39970497153332,29.813414746209055],[-95.39971269880066,29.813409593302225],[-95.399721968073,29.813409007043347],[-95.4003187396666,29.813402641032617],[-95.4003461008633,29.81340130489001],[-95.40035988033061,29.81339957272725],[-95.4003739969484,29.81339869308135],[-95.40060891289224,29.813395930444415],[-95.40085212151511,29.813393073405948],[-95.40085382218342,29.813393049402055],[-95.40109615582968,29.81338905534078],[-95.40133274574389,29.813385147531537],[-95.40156858620776,29.8133812592703],[-95.40180241187326,29.813377475497145],[-95.40203624408346,29.813373688533083],[-95.40227067717164,29.813369900703847],[-95.40250451434633,29.813366118250006],[-95.40275347271347,29.813362087588214],[-95.40300325055566,29.813358045939676],[-95.40326695695572,29.813353778328825],[-95.4035008302127,29.813349989746232],[-95.40372345892543,29.81334638736551],[-95.40373209567765,29.813346665492084],[-95.40374745371729,29.81335019150618],[-95.40375076656616,29.813351122051277],[-95.40378512558095,29.813357255941053],[-95.40381991761006,29.81336002744096],[-95.40385481439738,29.813359410402434],[-95.40388948669842,29.81335541064711],[-95.40391692975568,29.813349503322286],[-95.40392017865909,29.8133489756878],[-95.40392907845076,29.813348428654628],[-95.40415646797786,29.813345794504492],[-95.40439756050398,29.81334300492076],[-95.40463874577378,29.813340211053443],[-95.40487989503634,29.813337415779532],[-95.40512404121782,29.81333458680843],[-95.40537039602773,29.813331728942504],[-95.40562459296443,29.81332878130197],[-95.40587592427636,29.813325871080806],[-95.40612859413018,29.81332293550154],[-95.40644039894467,29.813319318973136],[-95.40670024401722,29.813316308578482],[-95.4069515751713,29.813313390696006],[-95.40720074231874,29.813310501071214],[-95.407439895595,29.813307724489494],[-95.40755867873378,29.81330634716114],[-95.40767744894073,29.813304969599713],[-95.40791347203569,29.813302228346785],[-95.40814317398835,29.813299564858816],[-95.4081519880259,29.813299898108056],[-95.40816392007757,29.813302759140065],[-95.40819867045549,29.813309302231982],[-95.40823389568764,29.813312398009405],[-95.40826925463647,29.813312016491388],[-95.40830440486944,29.813308161372728],[-95.40832595899738,29.81330361933769],[-95.4083325873421,29.81330255212967],[-95.40834127955759,29.81330200937622],[-95.40858442300083,29.81329867270461],[-95.40886101113664,29.81329488071603],[-95.40910390275685,29.81329155226051],[-95.40934312408315,29.813288273108203],[-95.40960477938222,29.81328468671196],[-95.41019604451715,29.813276400714333],[-95.41020470895272,29.813276700952375],[-95.41021616572405,29.81328058099535],[-95.41024994995263,29.813290209600698],[-95.41028451294481,29.813296493207332],[-95.41031952434437,29.813299371755964],[-95.41035464950915,29.813298817733166],[-95.41038955270959,29.81329483643434],[-95.41042390033772,29.8132874659131],[-95.41045736409576,29.813276776617567],[-95.41048962413406,29.813262870716997],[-95.41050120893517,29.813257190199238],[-95.410510059126,29.813256687556176],[-95.41110473477148,29.813252620560927],[-95.41142544878096,29.81325042739771],[-95.4114340632529,29.813250786493796],[-95.41144908957183,29.813257671624086],[-95.41148151337086,29.81327066096683],[-95.41151504514353,29.813280440843595],[-95.41154936804115,29.813286918842298],[-95.41158415773951,29.813290033750977],[-95.41161908550352,29.81328975613621],[-95.41165382129344,29.813286088621243],[-95.41168803688359,29.81327906586118],[-95.41170499950202,29.813274715409268],[-95.41171312837861,29.813274257085155],[-95.41187238307987,29.813272878996198],[-95.41212576177392,29.813270681434233],[-95.41236246067801,29.813268625593814],[-95.41259909099864,29.813266572884565],[-95.41283571991785,29.813264520671378],[-95.4130731116782,29.813262460441432],[-95.41330973935582,29.813260406500962],[-95.41354643679705,29.813258353992197],[-95.41378306788859,29.813256299186836],[-95.41402048935196,29.813254238157466],[-95.41425656498814,29.81325218658953],[-95.41426486175926,29.81325251566443],[-95.41426553512034,29.813260791610546],[-95.41428297700642,29.813791515735073],[-95.41428282964668,29.813800341257235],[-95.41428020253646,29.813808431520613],[-95.4142708553788,29.8138429911471],[-95.4142649936955,29.813878309383302],[-95.41426267567647,29.81391403561914],[-95.41426392433308,29.813949815194263],[-95.41426624400226,29.813977129218134],[-95.4142832850582,29.814545012748273],[-95.41428335496929,29.814548420359785],[-95.41428905197081,29.81506501495678],[-95.41428872835509,29.815073661663828],[-95.41428626667712,29.815084120766105],[-95.41428283040294,29.815096058932824],[-95.41427652759644,29.815129788395677],[-95.41427347081193,29.815163965260695],[-95.4142736879245,29.815198277866195],[-95.41427717695427,29.81523241331266],[-95.41427766297909,29.81523563737185],[-95.41427467767664,29.8152439065469],[-95.41414376228286,29.81555698200052],[-95.41413119077629,29.815592052146886],[-95.41412231807752,29.815628235473987],[-95.4141172395668,29.815665143016208],[-95.41411600983741,29.81570237802271],[-95.41411624538478,29.815714872526037],[-95.41412504376274,29.816182043268686],[-95.41412477467834,29.816190841165668],[-95.4141192858412,29.816207023187186],[-95.41411849625729,29.816209024808817],[-95.41410870546228,29.816243654326986],[-95.4141024276268,29.816279089506924],[-95.41409972571995,29.81631497492032],[-95.41410062684284,29.81635095062286],[-95.41410063181728,29.816351016700843],[-95.41411125599912,29.816751006630476],[-95.41411381279227,29.816785298302946],[-95.41411963578456,29.816819188548635],[-95.41412867164772,29.816852366992983],[-95.41414083762923,29.816884529780268],[-95.4141560223103,29.816915382356385],[-95.41417408662615,29.81694464216644],[-95.4141948651397,29.816972041242458],[-95.41421816755661,29.816997328657482],[-95.41424378046804,29.81702027282363],[-95.41427146930515,29.817040663613017],[-95.41430098048727,29.817058314282175],[-95.41433204374431,29.817073063182264],[-95.41436437459193,29.81708477523951],[-95.4143972741977,29.817093239576412],[-95.41439794759239,29.817101795828854],[-95.41440281626639,29.817269692643944],[-95.41440264335871,29.817278157982845],[-95.4143941958235,29.817278733312694],[-95.41414454302695,29.817283374595533],[-95.41413583499714,29.81728311062527],[-95.41412281139525,29.817278741748293],[-95.41411044200966,29.81727397402899],[-95.41407327646013,29.817264055601562],[-95.4140352636086,29.817258166935204],[-95.41399683908408,29.81725637551431],[-95.41373393339596,29.81725820624011],[-95.41348952790509,29.817259906058414],[-95.4132562400017,29.817261530210875],[-95.4132414833694,29.817261589314114],[-95.41320608205822,29.817263479992878],[-95.413171039361,29.817268849990196],[-95.4131366963918,29.817277647033226],[-95.41310338745335,29.817289785489425],[-95.41307143678287,29.817305147200138],[-95.4130411553959,29.817323582630777],[-95.41301283805875,29.81734491232642],[-95.41298676041919,29.817368928658667],[-95.41296317632325,29.817395397846763],[-95.4129423153442,29.81742406223325],[-95.41292438054784,29.81745464279209],[-95.41290954651578,29.817486841844758],[-95.41289795764607,29.817520345957917],[-95.41288972674757,29.817554828994464],[-95.41288493394181,29.817589955288213],[-95.41288362588313,29.817625382911366],[-95.41288402228848,29.81765723148386],[-95.41288504999102,29.817739717571733],[-95.41288608299048,29.817822210403378],[-95.41288845772239,29.81801291222254],[-95.41288964926191,29.81810831729498],[-95.41288998485152,29.818135111824315],[-95.41288967579075,29.81814353866428],[-95.41288125777913,29.818144032860758],[-95.4128720765916,29.818144119685098],[-95.41283680744999,29.818146190164004],[-95.41280191211865,29.818151714209876],[-95.4127677279452,29.818160638419478],[-95.41273458540218,29.818172876518776],[-95.41270280489229,29.818188310197],[-95.41267269365088,29.81820679025039],[-95.4126445427758,29.818228138024615],[-95.41261862441321,29.818252147141898],[-95.41259518912665,29.818278585496166],[-95.41257446347475,29.818307197496893],[-95.41255664782098,29.81833770654002],[-95.41254191439661,29.818369817681994],[-95.41253040563579,29.818403220491106],[-95.41252223279845,29.818437592048564],[-95.41251747489483,29.81847260007029],[-95.4125161779215,29.81850790611924],[-95.41251626305277,29.818514736660294],[-95.41251728668169,29.818596428801307],[-95.41251830443727,29.81867812642399],[-95.41251932306255,29.818759814261668],[-95.41252034140456,29.81884136347548],[-95.41252000502435,29.818850316040315],[-95.41251896803374,29.818857802402018],[-95.41251512637581,29.81887800948069],[-95.41251197306437,29.818913683454376],[-95.41251238654243,29.818949494134447],[-95.41251636270268,29.818985085789663],[-95.41252386204725,29.8190201048645],[-95.4125348100802,29.81905420349125],[-95.41254909804744,29.819087042945625],[-95.4125665840171,29.819118297011542],[-95.41258709428945,29.819147655221624],[-95.41261042512235,29.819174825941293],[-95.41263634475517,29.81919953926576],[-95.41266459571098,29.81922154970118],[-95.41269489735429,29.81924063860329],[-95.41272694867878,29.81925661634936],[-95.41276043129739,29.819269324221843],[-95.41279501260503,29.819278635985],[-95.41283034908264,29.819284459138917],[-95.41286608970954,29.819286735838343],[-95.41306991250492,29.819289540640977],[-95.41307093998877,29.819289553310767],[-95.41333777538043,29.819292462041563],[-95.41376975278762,29.819297189339817],[-95.41377167993355,29.819297220768533],[-95.41443489125426,29.819311595474556],[-95.41443589311493,29.819311615791694],[-95.41448820257665,29.81931260362955],[-95.4144964539185,29.819313157263554],[-95.4144969530619,29.81932141208093],[-95.41450264810486,29.81978516141391],[-95.4145023449615,29.819793659381492],[-95.41449391355802,29.819808556389685],[-95.41449396474049,29.81980858535792],[-95.41449163749172,29.81981230588948],[-95.41447523983847,29.819845813975597],[-95.4144624046853,29.819880841589132],[-95.41445327037775,29.819917011179854],[-95.41444793537131,29.819953932888556],[-95.41444645717013,29.819991208749222],[-95.41444897514873,29.820195936850325],[-95.41445310079072,29.82053142147567],[-95.4144561627629,29.82078039057065],[-95.41445952774458,29.82105394573139],[-95.41446298715712,29.821335234957917],[-95.41446471745682,29.821475926774397],[-95.41446439258225,29.821484728397568],[-95.4144620662648,29.821501819963004],[-95.4144620028175,29.821502159402026],[-95.41445895085576,29.821537137092303],[-95.41445932714903,29.821572245662352],[-95.41446312810457,29.821607149903137],[-95.41446542386788,29.821618124184972],[-95.41446729552229,29.821629912348516],[-95.4144678181331,29.82163863793596],[-95.41447440917396,29.822237579030684],[-95.41447808558142,29.822571683788894],[-95.41448108473726,29.82284418984798],[-95.41448109547572,29.82284639256349],[-95.4144809297194,29.82297844250722],[-95.4144809635753,29.822983846608622],[-95.4144843905701,29.823232437700263],[-95.4144865925724,29.823267509637493],[-95.41449220988525,29.823302198762466],[-95.41450118878282,29.823336173296955],[-95.41451344338797,29.8233691082973],[-95.41452885649362,29.823400688762298],[-95.41454728068373,29.823430612645968],[-95.4145685397433,29.823458593746413],[-95.41459243034363,29.82348436444316],[-95.41461872398716,29.82350767825677],[-95.41464716919282,29.823528312206236],[-95.41467749390125,29.823546068941663],[-95.41470940807699,29.823560778631773],[-95.41474260648228,29.823572300588243],[-95.41477677159665,29.823580524611273],[-95.41481157665369,29.823585372043606],[-95.41484668876633,29.82358679652279],[-95.41491505346222,29.823586224229462],[-95.4149544416769,29.823585895720136],[-95.41514369316931,29.82358468375663],[-95.41524458847007,29.823584036852527],[-95.4154022723952,29.82358300553124],[-95.41555998007554,29.82358199550404],[-95.41586983954215,29.823580008753222],[-95.4158717118873,29.823580006504734],[-95.41602829109894,29.823580634375706],[-95.41603283385024,29.823580623875603],[-95.41649445103566,29.82357663877817],[-95.41665212932509,29.823575273618925],[-95.4169629215875,29.82357259034362],[-95.4172737108988,29.823569908249823],[-95.41742912263125,29.823568565512502],[-95.41758449758493,29.82356722264417],[-95.41789528123753,29.82356453165403],[-95.41810373323555,29.823562725052447],[-95.41831186866422,29.823560925036304],[-95.41851685224809,29.823559158737577],[-95.4185917589319,29.823558510135648],[-95.41866665293887,29.82355786055368],[-95.41873789178065,29.82355724501853],[-95.41874153042298,29.82355721291673],[-95.41881645259792,29.823556563002654],[-95.4188913532362,29.82355591417568],[-95.41896625170048,29.823555265325727],[-95.4190411470213,29.82355461642459],[-95.4191384291201,29.823553774666426],[-95.41918431566101,29.82355337885598],[-95.41927261287475,29.823552616649145],[-95.41936091714832,29.82355185161877],[-95.41944922021564,29.823551088270378],[-95.4195375171821,29.82355032495321],[-95.41962582190098,29.82354955970788],[-95.4197141159704,29.82354879449659],[-95.41976000323696,29.823548398555786],[-95.42023306941515,29.823544305093275],[-95.42024181449615,29.82354465812228],[-95.42025245998214,29.823547222060284],[-95.42028739847979,29.823553827288556],[-95.42032281874054,29.823556947030017],[-95.42035837391751,29.823556550735134],[-95.42039371584265,29.823552642284554],[-95.42041207445658,29.82354968635489],[-95.42041998945788,29.823549239164624],[-95.42044893697572,29.823549028713277],[-95.42053285825122,29.823548391300168],[-95.42061485762186,29.8235477802138],[-95.42070567163051,29.823547092464864],[-95.42078764732105,29.823546470424347],[-95.42088134407548,29.823545768029064],[-95.42091919769886,29.823545481151257],[-95.42118340904302,29.823543490567907],[-95.42119742803958,29.823543111265376],[-95.42139241484108,29.823534025031886],[-95.42139996159621,29.82353383215376],[-95.42177476693143,29.82353213095716],[-95.42191831170454,29.8235314369369],[-95.42207033502135,29.823530703883932],[-95.42207220347609,29.823530690016064],[-95.42225911119318,29.823528816764494],[-95.42291027159057,29.823526774453374],[-95.42291264989315,29.823526782782682],[-95.42317443304074,29.823529434136915],[-95.4231806009455,29.823529443666054],[-95.42333290982914,29.82352837172874],[-95.42348830700104,29.823527277114216],[-95.42364368820877,29.823526184543855],[-95.42379897142773,29.823525093388245],[-95.42409349955128,29.82352281824332],[-95.42460471316421,29.82351973321598],[-95.42461359905676,29.823520121306338],[-95.42462452403093,29.823521694412037],[-95.42466009519488,29.823525021963672],[-95.42469582097485,29.823524800715518],[-95.42473134819723,29.823521032854764],[-95.4247663256513,29.82351375562927],[-95.42479318958239,29.823505310163103],[-95.42479683387485,29.823504356319134],[-95.42480560033943,29.823503835669005],[-95.42502182471829,29.823501640194117],[-95.42521032633682,29.823499731008273],[-95.42540320246749,29.823497773892242],[-95.42559584431334,29.823495821144938],[-95.42578499407978,29.823494190375555],[-95.42597390793648,29.823492569191213],[-95.42616279820007,29.823490940503113],[-95.426351680917,29.823489311650263],[-95.42654059092561,29.823487684073083],[-95.42672793988982,29.823486069673994],[-95.42692164723154,29.82348528178562],[-95.42692201309164,29.823485280111253],[-95.42760647628693,29.823481799179934],[-95.42761208821682,29.82348172680828],[-95.42772748910865,29.82347933708538],[-95.4277356990749,29.82347954876423],[-95.42774210291087,29.823484690674487],[-95.4287400083242,29.82436525854763],[-95.42874222014636,29.824367194262802],[-95.42895940251599,29.824555702218824],[-95.42897550369734,29.824569677722508],[-95.428981384683,29.824575274305857],[-95.42898347185343,29.82458310828017],[-95.42900320166254,29.8246734653828],[-95.42900497423494,29.8246811750696],[-95.42904269611562,29.824837350766806],[-95.42904327614227,29.824839828973523],[-95.42905328821695,29.824884014486315],[-95.42905501848173,29.824894516609675],[-95.42905548880982,29.824905149916074],[-95.42905327297518,29.825049593357164],[-95.4290527377926,29.825058057357168],[-95.42905230613087,29.82505877549408],[-95.42903635318129,29.825088368510446],[-95.42902323580476,29.825119322955217],[-95.42901306882862,29.825151367858314],[-95.42900594125292,29.825184222703964],[-95.42900191547126,29.82521759988629],[-95.42900102672465,29.82525120722697],[-95.42906069817975,29.82818173666972],[-95.42906046609394,29.828190244217765],[-95.42905710444842,29.828205433732286],[-95.42905621289998,29.828208716888902],[-95.42905041257323,29.82824264168159],[-95.42904788453434,29.82827696578928],[-95.42904865197636,29.828311374311212],[-95.42905270785853,29.828345551572205],[-95.42906001497083,29.828379184018726],[-95.42906258122241,29.828387202026118],[-95.42906586795118,29.828399535413705],[-95.42906644050204,29.828408200808482],[-95.42909969116687,29.83032312076649],[-95.42909941473833,29.830331640935434]]]}},{"type":"Feature","properties":{"market":"gardenoaksoakforest","source":"garden_oaks/*_boundary_filled.geojson union"},"geometry":{"type":"Polygon","coordinates":[[[-95.47816272779396,29.8256570498649],[-95.47815382448363,29.82569359756551],[-95.47814879077742,29.8257308757784],[-95.47814768184139,29.825768475959457],[-95.47815050982871,29.825805986036002],[-95.47815272334815,29.825823236695868],[-95.47815298483212,29.825831981969014],[-95.47814399875718,29.82630557045831],[-95.4781434313424,29.82631394418003],[-95.47813512046068,29.826315114828823],[-95.47801939738646,29.826325704075657],[-95.47771140058028,29.826353885615312],[-95.47748195258387,29.826374882338254],[-95.47740467912341,29.826381357872847],[-95.47738404785363,29.826383688731635],[-95.47733463245228,29.82639072276263],[-95.4773022031315,29.826396870164427],[-95.47725958656892,29.82640699635188],[-95.47722785815796,29.826416093568124],[-95.47718276844614,29.826431295270055],[-95.4771589411747,29.82644028073909],[-95.47714202712518,29.826447353466964],[-95.47711038205267,29.82646243973204],[-95.47708420033906,29.82647652818384],[-95.47708184105929,29.826477809106958],[-95.47707646148409,29.82648075591092],[-95.4770765946619,29.82648099903534],[-95.4770424192172,29.8265006437807],[-95.47701584082522,29.826518466418378],[-95.47700449247189,29.82652639741802],[-95.47699827613906,29.826530922533166],[-95.47699127977467,29.8265355153972],[-95.47698474888513,29.82653028175636],[-95.47649802022504,29.82610001747268],[-95.47649180283607,29.82609395692291],[-95.4764873007955,29.82608582886789],[-95.47648103653128,29.826073033910298],[-95.47646344853644,29.82604428922394],[-95.47644324508515,29.826017318589663],[-95.47642060387246,29.82599235922178],[-95.4763957240342,29.825969630644934],[-95.47637738485177,29.825954391594298],[-95.47621823239774,29.82580815791587],[-95.47621567741187,29.82580583287537],[-95.47610360950267,29.82570483146591],[-95.47609910608496,29.825700630646974],[-95.4759741083071,29.82557995935734],[-95.47584577116712,29.825456075186413],[-95.47584452081725,29.82545487403447],[-95.47571753056164,29.825333468266646],[-95.47571559123789,29.82533162798588],[-95.47558797741182,29.825211430582428],[-95.47543894041294,29.82507105796665],[-95.47525740206447,29.824900070625887],[-95.47505588823337,29.824710274766517],[-95.47483179947912,29.824499207947515],[-95.47482576264983,29.824492941276805],[-95.47481535120814,29.82447978703848],[-95.47479034635947,29.824451403124247],[-95.47476249615521,29.82442580517185],[-95.47473210924143,29.82440327686709],[-95.47469952237694,29.82438406787682],[-95.47469250000879,29.82438041213082],[-95.47468562968764,29.824374885174013],[-95.47425518715941,29.823992125341494],[-95.4742493519574,29.823986404485847],[-95.47425645783997,29.823982369116425],[-95.47456455490105,29.823826717491578],[-95.47457198257477,29.823823381732936],[-95.47458009522465,29.82382292579987],[-95.4749144307019,29.823819305485237],[-95.47510237841743,29.823817270081495],[-95.47510582800513,29.823817265843235],[-95.47518474982873,29.823817926588262],[-95.47519071827745,29.823817926986706],[-95.47542377634383,29.823816006909897],[-95.47560996353985,29.823815184341733],[-95.47579529234271,29.8238143683248],[-95.47592252126181,29.82381380568648],[-95.47598195444002,29.823813542410996],[-95.47598370689225,29.823813530374366],[-95.47617677762086,29.82381173342506],[-95.47636715313376,29.823809959725253],[-95.47656121167648,29.823808157000848],[-95.47674928163808,29.823806403171876],[-95.4769477315228,29.823804556279043],[-95.47713372020334,29.823802824162968],[-95.47733017818514,29.823800990437224],[-95.4774819440956,29.823799579237036],[-95.47753311972036,29.823799107289762],[-95.47754191469346,29.823799459807603],[-95.47754399050989,29.82379996161382],[-95.47757887827818,29.823806590000245],[-95.47761424994717,29.823809742287768],[-95.47764976003224,29.82380938768714],[-95.47768506169683,29.823805529661843],[-95.47771981014013,29.823798205894253],[-95.47773062182486,29.82379536260684],[-95.47773934325937,29.82379482570216],[-95.4779439211319,29.82379225506578],[-95.47812618357631,29.823789960306108],[-95.47813461992396,29.823790269691244],[-95.47813509878429,29.82379869811773],[-95.47813740116828,29.824105362000715],[-95.47813703860683,29.824114112918352],[-95.47813485748144,29.82412967627163],[-95.47813418179298,29.82413322424513],[-95.47813101079363,29.82416819340114],[-95.47813126798503,29.824203305093796],[-95.47813495091128,29.82423822404514],[-95.47814202440452,29.82427261681767],[-95.47814359319243,29.82427871694366],[-95.47814407672422,29.824287482970703],[-95.47814502484373,29.824446820681374],[-95.47814515334733,29.82446840961187],[-95.47814603077249,29.824614441991866],[-95.47814617242615,29.82463875271534],[-95.47814702135756,29.824780533862747],[-95.47814717567032,29.82480720082105],[-95.47814799334064,29.82494378680443],[-95.47814819907241,29.824977938075367],[-95.47814824149658,29.824981704020768],[-95.47815036340725,29.825110250875202],[-95.47815101027231,29.825149071292024],[-95.47815306301702,29.825273060811824],[-95.4781538204579,29.825318769307497],[-95.47815569965552,29.825432157711543],[-95.47815592771485,29.825440319845928],[-95.47815800173967,29.82549307200257],[-95.4781580298417,29.825493769508338],[-95.47816421971292,29.825643782310834],[-95.47816416661374,29.82565225143085],[-95.47816272779396,29.8256570498649]]]}},{"type":"Feature","properties":{"market":"gardenoaksoakforest","source":"garden_oaks/*_boundary_filled.geojson union"},"geometry":{"type":"Polygon","coordinates":[[[-95.45442295459699,29.82762100701094],[-95.45442512140036,29.827714409157437],[-95.45442504149875,29.82772536055902],[-95.45442139044304,29.827821938463835],[-95.45442064327912,29.827832864640193],[-95.4544111188591,29.827928984084153],[-95.4544096891466,29.827939956295683],[-95.45439226605305,29.828047660276624],[-95.45439065663923,29.82805627152402],[-95.45436776385684,29.828164126495363],[-95.4543657365338,29.828172649038997],[-95.45433876036574,29.828274909267193],[-95.45433609014842,29.828283322030302],[-95.45433483168604,29.828285598377885],[-95.4543179980506,29.82832033236482],[-95.45430498723267,29.828356671596342],[-95.45429594936147,29.828394196761426],[-95.45429098872313,29.8284324748648],[-95.45429075661811,29.828435557969794],[-95.45428846779433,29.82844388000775],[-95.45425862551879,29.828534934389534],[-95.45425668164863,29.828540549928675],[-95.45422198581394,29.828635661950795],[-95.45421964178668,29.828641742732476],[-95.4541827894357,29.828732408282164],[-95.45418068662632,29.828737367250085],[-95.45414052576484,29.828828261080922],[-95.45410055719617,29.82891637839025],[-95.45409614560776,29.828925416580287],[-95.45405461427077,29.829004769658976],[-95.45404931711148,29.829014189697215],[-95.45399603222975,29.82910261099042],[-95.45399012492535,29.829111772728528],[-95.45393345653689,29.829194065646675],[-95.45392819666573,29.829200961768752],[-95.45392786241037,29.8292012578982],[-95.45390192397215,29.829222045122517],[-95.45387734282238,29.829245929267262],[-95.45385514905753,29.829272046734534],[-95.45383554459742,29.829300159906513],[-95.45381870780427,29.829330013008377],[-95.45381253302355,29.829342296119794],[-95.4538078156893,29.82934974846806],[-95.45376626206048,29.829408750095535],[-95.45376198106858,29.82941457599046],[-95.45371490200411,29.829476014431773],[-95.45371039006731,29.82948166335778],[-95.45366122258199,29.8295407426094],[-95.45365576108247,29.82954700469094],[-95.45358293396536,29.829626708412494],[-95.45357627515806,29.82963361610096],[-95.4534978479199,29.82971074188674],[-95.45349478377564,29.8297136847302],[-95.45337254776618,29.829828334336312],[-95.45336720000806,29.829833152477086],[-95.45330232167383,29.82988929196432],[-95.45329886181715,29.829892210389172],[-95.45323095266774,29.829948043587443],[-95.45322865027785,29.82994990497234],[-95.45298354205727,29.830144746917426],[-95.45298362576136,29.83014485221592],[-95.45296741183616,29.8301576733018],[-95.45294367269727,29.830180248577072],[-95.45292208826365,29.830204892075063],[-95.45290283794402,29.83023139896025],[-95.4528860817461,29.830259548908725],[-95.45287755392899,29.83027548633095],[-95.45287218137267,29.830281964102394],[-95.45275724799295,29.830407421442217],[-95.45274668048292,29.830419486468323],[-95.45264299245943,29.830543339324986],[-95.45263337289909,29.830555342564956],[-95.45253706879048,29.830680927080227],[-95.45252838846557,29.83069273785874],[-95.45242587769624,29.830838350943914],[-95.45242056118724,29.83084517539987],[-95.45240977886253,29.830854542256322],[-95.45238497180226,29.830878264296423],[-95.45236254134001,29.830904245054477],[-95.4523426921467,29.830932247464215],[-95.45232560534001,29.83096201601243],[-95.45231143683168,29.830993279070462],[-95.45231012652039,29.83099658136494],[-95.45226454966668,29.831096673719887],[-95.45226037442538,29.831106206749034],[-95.45221627973827,29.831210988603207],[-95.45221238232854,29.831220638550484],[-95.45217153445329,29.831326152867998],[-95.45216756131103,29.83133692391495],[-95.45214194777733,29.83140993278443],[-95.45213632103867,29.83142738451211],[-95.45211543425407,29.83149831444998],[-95.45211070511606,29.831516030494857],[-95.45209341033554,29.831588157034513],[-95.45209090489396,29.83159670563174],[-95.45208575886988,29.83160941902612],[-95.4520749105908,29.831640161538683],[-95.45206689326334,29.831671760742758],[-95.4520617728812,29.831703956533236],[-95.45205959159217,29.83173648389427],[-95.45205917549572,29.831755761746038],[-95.45205815718174,29.831763649420854],[-95.45203953851978,29.83186665855864],[-95.45203736918467,29.831880113731206],[-95.45202235492977,29.831985978340068],[-95.45202069740866,29.83199950610075],[-95.4520099028139,29.832103984218726],[-95.45200862260808,29.832112375366876],[-95.45197783951613,29.832129179015382],[-95.45194864832528,29.832149064458484],[-95.45192155049425,29.83217171978951],[-95.45189680785407,29.832196926102775],[-95.45187465947896,29.832224439843895],[-95.45185531937614,29.832253995163107],[-95.45183897441812,29.832285306484035],[-95.45182578253701,29.83231807126305],[-95.45181587119853,29.832351972912573],[-95.45180933617034,29.832386683860086],[-95.45180624059674,29.83242186871329],[-95.4518066143885,29.832457187500793],[-95.45181045393389,29.83249229895707],[-95.45181772213353,29.832526863819936],[-95.45182834875894,29.83256054810861],[-95.451842231131,29.832593026350814],[-95.4518592351122,29.832623984727615],[-95.45187919640266,29.832653124105683],[-95.45190192212767,29.832680162927645],[-95.4519271927014,29.832704839932614],[-95.45193844848973,29.83271479890711],[-95.45194301483237,29.83272217408238],[-95.45194552869317,29.832726713935703],[-95.45194976206787,29.832735453280176],[-95.45195095762168,29.832745090098054],[-95.45197158316952,29.83304432000279],[-95.45197171038858,29.833046329790935],[-95.45197810617799,29.833157223986895],[-95.4519793056657,29.833172411995346],[-95.45199013029334,29.833280282121507],[-95.45199093852597,29.833287584175462],[-95.45201006190386,29.833445568532003],[-95.45201113093376,29.833453633686382],[-95.45203307802781,29.833605952048313],[-95.45203390741842,29.83361479997077],[-95.4520338321324,29.8336277619225],[-95.45203359417812,29.833631732606438],[-95.4520345880521,29.833664207567576],[-95.45203851125105,29.83369645999999],[-95.45204533169965,29.833728226214234],[-95.45205499363531,29.833759246496083],[-95.45205849341744,29.833767702903263],[-95.45206194977979,29.833777569028168],[-95.45206405910116,29.83378632845797],[-95.45208054008229,29.833873922590143],[-95.45208289538267,29.83388540648969],[-95.45210291502381,29.833975522597964],[-95.45210564368249,29.833986923554438],[-95.45212979785754,29.834081035837745],[-95.452130306954,29.834082996470368],[-95.45217026594523,29.8342351225413],[-95.45217192473315,29.834241218996315],[-95.45221248917295,29.834385291321727],[-95.45221441905831,29.834393667439645],[-95.45221566671049,29.834403177190627],[-95.4522172872997,29.834422016539733],[-95.45222420121458,29.834458254690187],[-95.4522347943514,29.834493592930375],[-95.45224895504674,29.83452765875599],[-95.45225801082906,29.834544367237534],[-95.4522620845036,29.834552795610314],[-95.45226510686692,29.834561013724937],[-95.45230717567615,29.83469533769885],[-95.45230979190728,29.834703359734153],[-95.45235676437892,29.83484185151513],[-95.45235894461703,29.834848090423783],[-95.45239374191512,29.83494480028015],[-95.45240031313116,29.834961710475383],[-95.4524377225501,29.835051217598057],[-95.45244513890485,29.83506777456836],[-95.45248714005652,29.835155533690557],[-95.45249053097159,29.835163611294863],[-95.45249162161632,29.835167142083705],[-95.45249879381184,29.83519500618282],[-95.45251123365134,29.835228843144595],[-95.45252700148511,29.83526126327734],[-95.4525459385908,29.835291940233137],[-95.45256024958243,29.835310632350545],[-95.45256393238024,29.835315936765557],[-95.45256816122019,29.835323494110543],[-95.45263604482797,29.835459892007787],[-95.45263913409157,29.835465954641556],[-95.45271087525538,29.83560351023833],[-95.45271650960211,29.835613893517056],[-95.45279269387817,29.835748945716624],[-95.45279616031884,29.835754954407356],[-95.45287355380549,29.83588616484933],[-95.45287756290469,29.83589377460742],[-95.45288058696893,29.83590115614823],[-95.45288844781022,29.835923001246446],[-95.45290492561341,29.835957048977406],[-95.45292489129574,29.83598917587439],[-95.45294812360935,29.836019025926078],[-95.45295792865723,29.836029204967232],[-95.45296646490206,29.836038881769422],[-95.45297152914047,29.836045880745754],[-95.45307107223194,29.836198438952486],[-95.45307799519175,29.836208660862845],[-95.45317231969561,29.836342906869877],[-95.45317916763965,29.836352324915815],[-95.45328197487713,29.83648900446056],[-95.45328773945523,29.836496462629807],[-95.45340838726003,29.836648394704756],[-95.45341106500588,29.836651725921502],[-95.45353091227182,29.83679901786941],[-95.45353565442748,29.836805469206308],[-95.45352765481577,29.836805806847188],[-95.4532995175057,29.836804217766392],[-95.45329632773904,29.83680420970661],[-95.45289130537829,29.836804984042658],[-95.45288184375228,29.83680500096389],[-95.45264650881204,29.836805450378776],[-95.45248443514554,29.836805755565855],[-95.45241413559859,29.836805889287913],[-95.45238502893804,29.83680594152399],[-95.45218929349207,29.836806315777793],[-95.45204019152217,29.836806597736683],[-95.45197807368977,29.836806719799498],[-95.45178229806747,29.83680542968841],[-95.45175443753834,29.83680524282449],[-95.45154770107428,29.836803869541058],[-95.45131607593005,29.83680234535615],[-95.45130743047483,29.836801869949934],[-95.45130049715928,29.836800810442313],[-95.45127879493174,29.8367964450378],[-95.45124316208104,29.836792912738964],[-95.45120735459331,29.836792944463195],[-95.45117172805753,29.836796539895452],[-95.45113663626576,29.836803663331015],[-95.45112109964143,29.8368076324662],[-95.45111220774149,29.836808083626885],[-95.45089671487757,29.83680826435671],[-95.45082503501092,29.83680831796912],[-95.45070624551919,29.836808399167225],[-95.4505852334414,29.836808487085385],[-95.45051475026553,29.83680853331829],[-95.45036363585974,29.836808641364925],[-95.45033071579391,29.836808663588428],[-95.45013263068597,29.83680880445329],[-95.45013117043398,29.836808808458894],[-95.449944834148,29.836809698227654],[-95.44990958056805,29.83680986608327],[-95.44975040456373,29.836810619946792],[-95.44968732795324,29.836810922390047],[-95.44956332791087,29.836811512718374],[-95.44946298478429,29.836811988931544],[-95.44936482940315,29.836812451665978],[-95.44923857566003,29.836813053440398],[-95.44915904049999,29.836813431523115],[-95.44902423927039,29.83681407351299],[-95.44896631846434,29.836814346789858],[-95.4487829719061,29.8368135492047],[-95.44878024360237,29.836813547694092],[-95.4487643874403,29.836813599112087],[-95.44854005741213,29.836814310069773],[-95.44851560942901,29.836814387396828],[-95.44831565928509,29.836815018977717],[-95.44825115623253,29.836815228134665],[-95.44805460964852,29.836815065414225],[-95.44804602475402,29.83681464461599],[-95.4480393444652,29.83681366916108],[-95.4480174770427,29.836809426401096],[-95.44798216289651,29.836806136391864],[-95.44794669643282,29.836806343839523],[-95.44791142318893,29.836810046722988],[-95.44787668681964,29.83681720896636],[-95.44785914757558,29.83682173816385],[-95.44785045861079,29.836822178794637],[-95.44765798935777,29.836822322001176],[-95.44760823972278,29.83682219120852],[-95.4474623354214,29.836821791337496],[-95.44735824230011,29.836821506875282],[-95.44727105033178,29.836821267516726],[-95.44711128807224,29.836820825352095],[-95.4470797847209,29.836820742744425],[-95.44688836222105,29.836820220441847],[-95.4468612572348,29.83682014496896],[-95.44669707448222,29.836819695819948],[-95.44661165165437,29.836819457719297],[-95.44661109193633,29.836819456595123],[-95.44650663046144,29.836819328147875],[-95.44636375540234,29.836819203836193],[-95.44631741928096,29.836819163689846],[-95.44612890794191,29.83681900539796],[-95.44611668106036,29.83681899723195],[-95.44593973217866,29.83681884677499],[-95.4458723255507,29.836818786954023],[-95.44576576104429,29.836818697713888],[-95.44562520993293,29.836818578009044],[-95.44560260106446,29.83681855631893],[-95.44542501078718,29.83681840963429],[-95.44538063295725,29.836818371568885],[-95.44537970976329,29.836818371962966],[-95.44523578512906,29.836818618289172],[-95.44513383782265,29.836818792301575],[-95.44504320581221,29.83681895048943],[-95.44488684026321,29.8368192181209],[-95.4448477859521,29.836819286582088],[-95.44463496061701,29.83681866365302],[-95.44462231999547,29.83681862791012],[-95.44439863081415,29.836817962795717],[-95.44438757742479,29.83681793683463],[-95.44417760318063,29.83681731285468],[-95.44413691981143,29.83681719362502],[-95.44394567760457,29.83681662745647],[-95.44388134279376,29.836816438871608],[-95.44387744002455,29.836816448626422],[-95.44378276193143,29.83681719945849],[-95.44371668549637,29.83681772457071],[-95.44361190240042,29.836818557817153],[-95.44347188830181,29.8368196653832],[-95.44340543929904,29.83682019468848],[-95.44316506233233,29.83682051501549],[-95.44291321917987,29.836818543133205],[-95.4426780980332,29.8368165860281],[-95.44266931778263,29.836816078934145],[-95.44265274655847,29.836809956878756],[-95.44265274649608,29.836809957047628],[-95.44265176272829,29.836809538215807],[-95.44261739196631,29.83679882087244],[-95.4425821212449,29.836791596819666],[-95.44254630465625,29.836787938581683],[-95.44251030177267,29.836787882884522],[-95.44247447403676,29.836791430287338],[-95.44243918113273,29.836798545176812],[-95.44240477737546,29.83680915612466],[-95.44239700184941,29.83681243811595],[-95.44238427640283,29.836817055189346],[-95.44237525029149,29.83681744927828],[-95.44218998428376,29.836816133289155],[-95.4421894859127,29.83681613009474],[-95.44200626537624,29.836815082771583],[-95.44182536678096,29.836814049517578],[-95.44182188199157,29.836814046511535],[-95.44162997417178,29.83681481155361],[-95.44143983878011,29.836815568140768],[-95.4412532869405,29.836816305061195],[-95.44107276087308,29.8368170226802],[-95.44105971728901,29.836817073670566],[-95.44086956888974,29.836817829531928],[-95.44073974976027,29.836818344262763],[-95.44073758700684,29.83681835934716],[-95.44068186196323,29.83681891572794],[-95.44067705669826,29.83681899584666],[-95.44049210008923,29.836823317047536],[-95.44048714528954,29.836823364457203],[-95.44043689656203,29.836823152266074],[-95.44029294330917,29.836822539995136],[-95.4401657031602,29.836822001030175],[-95.44008916507325,29.83682167960649],[-95.43987456895931,29.836820765143948],[-95.43986529372924,29.836820727413436],[-95.43966266518517,29.836818007673276],[-95.43952912949915,29.836815985934514],[-95.43944301621032,29.836814679793136],[-95.43922469681608,29.83681137232559],[-95.43922262305936,29.836811346894542],[-95.43919626209386,29.8368110997056],[-95.43919524806891,29.83681109162796],[-95.43882503791039,29.836808664982023],[-95.43881661630857,29.836808186485847],[-95.43881905448505,29.836800111361427],[-95.43889197391435,29.836596201400944],[-95.43893846262411,29.836466198581892],[-95.43894863963813,29.836432663759503],[-95.43895550147627,29.836398297044436],[-95.43895898286752,29.836363425338973],[-95.43895905069625,29.83632838034894],[-95.4389557043173,29.83629349542849],[-95.43894897556197,29.836259102409155],[-95.4389389284354,29.836225528443425],[-95.43892565850766,29.8361930928928],[-95.4389092920046,29.83616210428998],[-95.43888998460731,29.83613285740404],[-95.43886791997119,29.836105630436528],[-95.43884330797896,29.83608068237518],[-95.43881638274422,29.836058250530375],[-95.43878740038458,29.836038548277788],[-95.43875663658538,29.83602176302873],[-95.43872438397732,29.836008054447458],[-95.43869094935292,29.83599755293243],[-95.43853082001498,29.835955717333285],[-95.43852474196827,29.835954185879146],[-95.43833437886985,29.835907983008703],[-95.43815336188517,29.83586298796447],[-95.43815150708335,29.83586251632931],[-95.4379765388479,29.835817029488574],[-95.4378177474927,29.83577412655596],[-95.4377090857364,29.8357437758247],[-95.43768313406343,29.83573755608511],[-95.43761961615698,29.835724806860014],[-95.43760791757508,29.83572265951589],[-95.43752535365,29.835708912849704],[-95.43751357547902,29.835707151884698],[-95.43743088257008,29.835696186098865],[-95.43741850303104,29.835694762429686],[-95.43733680013993,29.83568679924632],[-95.43732474232598,29.835685828617084],[-95.43724273548374,29.83568061489439],[-95.43723045224189,29.835680044790493],[-95.43714805722144,29.835677632523343],[-95.43713637117075,29.8356774805346],[-95.43705388124481,29.835677749285075],[-95.43704170729019,29.83567799526035],[-95.43696099092507,29.835680994980372],[-95.43694910337885,29.83568163410839],[-95.43687183535465,29.835687073382623],[-95.43685312524484,29.835688883374086],[-95.43667387882944,29.835710969433592],[-95.43648498267176,29.83573423607365],[-95.43630219630533,29.83575675522804],[-95.43611363330153,29.835779985855748],[-95.43592208671431,29.835802266583016],[-95.43591688265442,29.83580287156049],[-95.43588108813411,29.83580887811576],[-95.43584608215777,29.835818464982395],[-95.43581222188475,29.83583153434741],[-95.43577985278498,29.83584795286656],[-95.43574930511423,29.835867553024805],[-95.4357208905446,29.835890134845457],[-95.43569489898455,29.835915467930484],[-95.43567159562102,29.835943293811233],[-95.4356512182138,29.83597332858552],[-95.43563397466974,29.83600526581425],[-95.4356200409214,29.836038779647943],[-95.43560955913222,29.83607352815131],[-95.43560263624586,29.836109156791974],[-95.43559934289523,29.836145302057677],[-95.43559971268176,29.836181595165137],[-95.43560374183261,29.836217665822666],[-95.43561462721597,29.83628436856179],[-95.43564120394072,29.836449854135555],[-95.43566653724446,29.8366076124897],[-95.43569831130345,29.836805472598684],[-95.43569921795587,29.836813582655964],[-95.43569106909933,29.83681401990163],[-95.43530372022519,29.83681623098981],[-95.43522729806455,29.83681658647995],[-95.4351102695434,29.836817124386414],[-95.43491728887956,29.836817956023673],[-95.43486245328141,29.836818034243652],[-95.43472393053737,29.83681822461493],[-95.43454563780757,29.836818468842797],[-95.43453486479481,29.83681848209069],[-95.43434213870118,29.83681874600313],[-95.43432683663218,29.83681876769439],[-95.43414834029367,29.836819099788595],[-95.43410288957732,29.836819194769944],[-95.4339539088763,29.836819503241315],[-95.43388227271532,29.836819647249122],[-95.43375973263953,29.83681990027321],[-95.43365972899612,29.836820059236626],[-95.43357070851779,29.836820203836695],[-95.43344030149149,29.8368204128623],[-95.43337862078798,29.836820513374047],[-95.43321773137524,29.836820364796317],[-95.43318427810495,29.836820326073394],[-95.43299043567376,29.8368201112574],[-95.43279646965922,29.836819898672196],[-95.43277407356044,29.836819872093788],[-95.43260929584373,29.836819387274186],[-95.43255783958963,29.836819172472545],[-95.43241265589928,29.83681857404205],[-95.43234300695424,29.83681828981868],[-95.43221691224196,29.836817768575685],[-95.43212886659867,29.836817402848887],[-95.43202047867787,29.836816954318827],[-95.43191121893116,29.836816504263407],[-95.43182547248591,29.83681615131563],[-95.43182399793092,29.83681614827169],[-95.43169180062978,29.83681614662474],[-95.43162462996807,29.836816146337096],[-95.43146592193705,29.836816151034647],[-95.43141640914457,29.836816151368875],[-95.43124219290478,29.836816151294425],[-95.43121571554383,29.8368161474701],[-95.43101638967192,29.836816207786814],[-95.43083106183707,29.836816141801098],[-95.43079256292533,29.836816143256375],[-95.43065032640428,29.83681614243699],[-95.4306497890775,29.836816142835648],[-95.43056266634288,29.836816272615533],[-95.43056184892589,29.836816274762942],[-95.4304528709756,29.83681668501238],[-95.43031450075479,29.836817206844923],[-95.43026121591942,29.83681740497351],[-95.43009480306132,29.836817958035176],[-95.43006425050417,29.836818040128264],[-95.42987257497347,29.836817905063548],[-95.42986372099942,29.836817458750023],[-95.42985287917331,29.83681470228883],[-95.42983992931701,29.836810720381212],[-95.42980474549935,29.83680364708413],[-95.42976903159469,29.83680011868918],[-95.42973314385466,29.836800170392646],[-95.42969744026495,29.836803801678776],[-95.4296622769743,29.83681097632494],[-95.42964750931812,29.836815563797796],[-95.42963771536057,29.836818072725798],[-95.42962876499396,29.83681852090875],[-95.4295222248831,29.836818504505498],[-95.42939500088916,29.836818486608887],[-95.42927908590943,29.83681846981801],[-95.42926111445878,29.83681846806758],[-95.42925736981915,29.836818428673425],[-95.4291602827127,29.83681639516454],[-95.42915392991651,29.836816318282683],[-95.42902694437255,29.836815904209118],[-95.42901854050317,29.836815464025506],[-95.42901815047964,29.836807057678797],[-95.42901893083578,29.836518786194407],[-95.42901972196441,29.836317042510643],[-95.42902138045064,29.836111172650988],[-95.42902316234502,29.83589019727558],[-95.42902316661566,29.835889607673565],[-95.42902446229475,29.835687875758197],[-95.42902576790068,29.83548535956217],[-95.42902733851543,29.835265240882997],[-95.42902871913665,29.835071443911808],[-95.42902872768607,29.83506952330666],[-95.42902912322091,29.83484716752448],[-95.42902955290593,29.834838662821117],[-95.42904292140821,29.834830534668196],[-95.42907112687463,29.834811499917567],[-95.42909740532983,29.834789882497258],[-95.42912152111366,29.83476587626812],[-95.42914325796046,29.83473969651337],[-95.4291624209384,29.834711578007997],[-95.42917883819757,29.834681772913314],[-95.42919236251119,29.834650548515658],[-95.4292028725958,29.834618184829385],[-95.42921027419901,29.834584972085782],[-95.42921450094468,29.834551208130314],[-95.42921551492815,29.83451719575161],[-95.42921496581717,29.834485934820005],[-95.42921217430754,29.83430990898282],[-95.4292093641472,29.834132939962537],[-95.42920830591707,29.833961433824914],[-95.42920828468236,29.833959159239978],[-95.42920602833115,29.833778669140795],[-95.42920452540322,29.833605875937497],[-95.42920299463105,29.833429996397832],[-95.42920147364507,29.833254716861692],[-95.42919995626985,29.83308037534826],[-95.42919991596808,29.83307727846788],[-95.4291969279329,29.832904802464725],[-95.42919690583892,29.83290363641566],[-95.42919332284771,29.832729461462748],[-95.42918973163181,29.832555152440502],[-95.42918600456669,29.83237388828382],[-95.42918625377898,29.832365135488644],[-95.42918648943274,29.832364103773934],[-95.42919259789926,29.832329753810242],[-95.42919534626968,29.832294973358422],[-95.42919470863352,29.832260090313987],[-95.4291906910021,29.832225433539662],[-95.42918820566828,29.832210413131158],[-95.42918763331953,29.832201481627234],[-95.42918488933857,29.832005533891955],[-95.42918297800114,29.831846586160122],[-95.42918294688074,29.831844501304097],[-95.42918002561333,29.83168065266503],[-95.42917721157103,29.83151588645315],[-95.42917441451864,29.831351533544925],[-95.4291716021141,29.831186905712418],[-95.42916879749751,29.831022221619847],[-95.42916599814033,29.83085787880183],[-95.42916347675764,29.830692511573865],[-95.42916095669386,29.830527403298515],[-95.42915844079661,29.830362389294525],[-95.42915606728194,29.83020395311309],[-95.42915605838694,29.830203388932077],[-95.42915322408885,29.830032148698272],[-95.42915159733545,29.8298652380706],[-95.42915000064414,29.829700175914716],[-95.42914839554587,29.829534764788704],[-95.42914838984042,29.82953421947246],[-95.42914650562061,29.829366308724616],[-95.42914073603076,29.828851580355213],[-95.42913572882915,29.828405203030645],[-95.42913371990238,29.82837107811785],[-95.42912847729997,29.82833729852964],[-95.42912004847,29.82830416998779],[-95.4291085096975,29.828271992321785],[-95.42909396541403,29.828241056755232],[-95.42907654725242,29.82821164327012],[-95.42906498133642,29.828195774371068],[-95.42906132173309,29.828190143562303],[-95.42906068753102,29.82818121369895],[-95.42900071756682,29.82523602415276],[-95.42900097116168,29.82522728013809],[-95.4290054268217,29.825219543547956],[-95.42902198562257,29.82518709066728],[-95.4290351730159,29.8251531278051],[-95.42904485342603,29.825118004123485],[-95.42905092733155,29.82508208071855],[-95.42905333228845,29.82504572690812],[-95.42905499348271,29.824937438766476],[-95.42905310378514,29.824894715965353],[-95.42904615187794,29.824852520234778],[-95.42904355738506,29.82484107016052],[-95.42904239731801,29.824836113688423],[-95.42900569327227,29.824684152019696],[-95.42899514878502,29.824648632298906],[-95.42898100260453,29.82461438726491],[-95.42896340514348,29.824581781036343],[-95.42894254351117,29.824551160306864],[-95.42891863952399,29.824522850658816],[-95.42889194734686,29.82449715310141],[-95.42874383358304,29.824368594678717],[-95.42873848402265,29.824363759793947],[-95.42857851255827,29.824213237042155],[-95.42857761238548,29.824212392947608],[-95.42844920263308,29.824092396474867],[-95.4283140945104,29.823965689595397],[-95.42830680521699,29.823959039294117],[-95.42814955859609,29.823819484699534],[-95.42814034912867,29.823811585290592],[-95.42801137145827,29.823704681120393],[-95.42800965389439,29.823703266452622],[-95.42787419157742,29.823592395393863],[-95.42783832216878,29.823563038759076],[-95.42780981105892,29.823541964628035],[-95.42777936190141,29.823523802822166],[-95.42774727113695,29.823508730157464],[-95.42771385118822,29.823496893375296],[-95.42767942741833,29.823488407713782],[-95.42764433496316,29.82348335578589],[-95.42760891546867,29.82348178677514],[-95.42692201291156,29.82348528011217],[-95.42672957769167,29.823486059309584],[-95.42672793642626,29.823486069703836],[-95.4265405909256,29.823487684073083],[-95.42635168380609,29.823489311625362],[-95.42616279820007,29.823490940503113],[-95.42597392262712,29.823492569064843],[-95.42578500725837,29.823494190262203],[-95.42559638904441,29.823495816036733],[-95.42559584392139,29.82349582114891],[-95.42540320622338,29.823497773854147],[-95.42521033314887,29.82349973093922],[-95.42502183381347,29.823501640101885],[-95.42480553607223,29.823503836321557],[-95.42479716626868,29.82350351260677],[-95.42479659862563,29.823495155802068],[-95.42479091105287,29.823196020503723],[-95.42479117778731,29.823187204962647],[-95.424792061911,29.823180376846466],[-95.4247957227895,29.823160144729247],[-95.42479857907814,29.823125581369464],[-95.42479808997274,29.823090903638853],[-95.42479426002966,29.823056434583744],[-95.42478712492736,29.823022495306503],[-95.4247865152324,29.823020161096196],[-95.42478599339063,29.823011435042506],[-95.42478261418486,29.822698314783313],[-95.42478042677467,29.822380873548386],[-95.42478079779838,29.82237209107261],[-95.42478157167547,29.822366616456307],[-95.42478611855194,29.822342915595772],[-95.42478933586239,29.822307797210726],[-95.42478909518027,29.822272532580755],[-95.42478539882389,29.822237461381683],[-95.42477942233035,29.82220845415202],[-95.42477899332776,29.822205695943747],[-95.42477849957233,29.82219693791185],[-95.42477620272147,29.821883447097502],[-95.42477394772256,29.821575043796987],[-95.42477430380461,29.82156639460024],[-95.42477445259594,29.82156577308265],[-95.42478094308231,29.821531312207163],[-95.42478404360205,29.821496382776452],[-95.42478372462594,29.82146131745731],[-95.42477998919188,29.821426450210716],[-95.42477501805872,29.821402463881718],[-95.42477421251485,29.82139730768055],[-95.42477371363552,29.82138853102461],[-95.42476975611619,29.820873444517687],[-95.42477010049247,29.82086507567649],[-95.42477845852137,29.820864528453168],[-95.42540070402875,29.820854217036345],[-95.42559175015946,29.820851915009445],[-95.42578556001625,29.82084958543452],[-95.42597563797186,29.8208472975649],[-95.42616568805082,29.820845008841083],[-95.42640091934537,29.820842180229217],[-95.42659102773814,29.820839886952943],[-95.42680429748077,29.820837322277324],[-95.42701646161969,29.820834768951276],[-95.42722605390263,29.820832994061576],[-95.42722778211436,29.82083297526991],[-95.42732116837925,29.820831735214508],[-95.42732207479055,29.820831722034903],[-95.4275167009415,29.820828646528753],[-95.42778560886585,29.820824391862686],[-95.42803396404085,29.820820463384027],[-95.42823398402453,29.82081724055438],[-95.42842149244467,29.820814455334542],[-95.4286078848289,29.820811784349676],[-95.42879797738941,29.820809356006336],[-95.42898446762713,29.820806974130846],[-95.42917449167203,29.820804554918503],[-95.42937999429141,29.820801929648958],[-95.42938870448235,29.820802244579102],[-95.42939749806227,29.820805252968594],[-95.4294314295497,29.82081502756662],[-95.4294661565974,29.82082142450047],[-95.42950134383715,29.820824381993273],[-95.4295366514565,29.820823871483736],[-95.4295717384805,29.820819897901984],[-95.42960626606451,29.82081249962195],[-95.42963990076656,29.820801748090762],[-95.4296566356901,29.82079452025185],[-95.42966460319987,29.820791529964083],[-95.42967329900013,29.82079095871075],[-95.42983264004611,29.820788298830845],[-95.4300228404522,29.820786334319887],[-95.43021640769483,29.82078434338568],[-95.43021686555876,29.82078433838456],[-95.43040853642954,29.820782122677908],[-95.43059823711842,29.820779933553272],[-95.43079263052965,29.820777711863812],[-95.43079649077717,29.820777709220586],[-95.43096965005643,29.820779451065],[-95.43097735572812,29.820779445950084],[-95.43116314283982,29.820777330405626],[-95.4313564316478,29.820775136767395],[-95.43154580153018,29.82077297869472],[-95.43173543917152,29.820770960199923],[-95.43192427291729,29.820768948623545],[-95.43211372955703,29.820767750160066],[-95.43230319493057,29.820766554683136],[-95.43249270271966,29.82076535919907],[-95.43267555487328,29.82076420095349],[-95.43268434590073,29.82076457859696],[-95.43269732132026,29.82076775381849],[-95.43273199345383,29.8207744520215],[-95.43276715563226,29.820777714532593],[-95.43280246824858,29.82077750984144],[-95.43283759024288,29.82077383992502],[-95.43287218239631,29.82076674022849],[-95.43287285633724,29.820766567003293],[-95.43288153383527,29.820766072187258],[-95.43309753763785,29.820764278292717],[-95.43328755544573,29.82076269908742],[-95.43347356962019,29.820761117618613],[-95.43347410302883,29.820761112687656],[-95.43366352701803,29.820759220990823],[-95.43385192650146,29.82075733048328],[-95.43385351869081,29.82075731097809],[-95.43404568069306,29.820754531039167],[-95.43423634087219,29.8207520016585],[-95.43442437467827,29.820749862446455],[-95.43462661681006,29.82074756448973],[-95.4348330352779,29.82074521857386],[-95.43503948242812,29.82074286895956],[-95.43524225855745,29.820740543942605],[-95.43545138933833,29.820738253729928],[-95.43545537550419,29.820738187959403],[-95.43566895488239,29.820733478682826],[-95.43567132876453,29.820733418491887],[-95.43588424246052,29.820727315911437],[-95.4362637019069,29.820716436545005],[-95.4362723686211,29.8207166097411],[-95.43628291391612,29.82072000917565],[-95.43629441107156,29.82072434715933],[-95.43632793401375,29.82073341269568],[-95.43636217551777,29.8207391998369],[-95.43639681575577,29.820741654529023],[-95.43643153117553,29.820740753844344],[-95.43646599752262,29.820736506195587],[-95.43648423725821,29.82073335712107],[-95.43649291923157,29.820732767369453],[-95.43885423816549,29.820692063004774],[-95.43886277051057,29.82069233939027],[-95.43886403882085,29.820700781468826],[-95.43886498912812,29.820710300386835],[-95.43887015198207,29.8207448861921],[-95.43887865224968,29.82077880636953],[-95.43889040942537,29.82081173966281],[-95.43890531215749,29.82084337416236],[-95.43892321930302,29.820873410259406],[-95.43894396126426,29.820901563483563],[-95.43896734159513,29.820927567197046],[-95.43899313886168,29.820951175119976],[-95.43902110873927,29.820972163662887],[-95.4390509863266,29.820990334044332],[-95.43908248865452,29.82100551417353],[-95.43911531736603,29.82101756028024],[-95.43914916154205,29.82102635827637],[-95.43918370064607,29.821031824836545],[-95.43921860755995,29.821033908187246],[-95.43925355168203,29.82103258859716],[-95.4392882020583,29.821027878564053],[-95.43932223051672,29.821019822696424],[-95.4393553147755,29.82100849729099],[-95.43938714149522,29.820994009610104],[-95.43941740924664,29.820976496865875],[-95.43944583136538,29.820956124920624],[-95.43945589743714,29.820948140738054],[-95.43946477019722,29.820947549692917],[-95.43963538827803,29.820944789274304],[-95.43964491219896,29.820944635027676],[-95.4398168230285,29.8209418523519],[-95.4399975274542,29.820938927566704],[-95.44017754015815,29.82093601296301],[-95.44018864434474,29.820935833198728],[-95.4402250470273,29.82093339138724],[-95.44026101444798,29.820927270734582],[-95.44029617579619,29.820917534342392],[-95.44033016857158,29.82090428258923],[-95.44036264232136,29.820887652095696],[-95.44039326225337,29.82086781431596],[-95.44042171268754,29.82084497377009],[-95.44044770031057,29.820819365935563],[-95.44047095719982,29.820791254819554],[-95.44049124358544,29.820760930237142],[-95.44050835032243,29.820728704823413],[-95.44052210104672,29.820694910810303],[-95.44053235399349,29.820659896601434],[-95.44053337406235,29.82065561849814],[-95.44054178357356,29.820655027213995],[-95.44066808700113,29.82065231340952],[-95.44084674794048,29.82064847566767],[-95.44103206274677,29.82064449391677],[-95.44121003677026,29.820640669056218],[-95.4413882875045,29.82063683892378],[-95.44156692325622,29.820633623071814],[-95.44174855482466,29.820630358509195],[-95.44192728672843,29.820627146457074],[-95.44210894982308,29.820624100371305],[-95.44228609007159,29.820621218534857],[-95.44228660005172,29.820621209876105],[-95.4424636128552,29.820618078774523],[-95.44264150764768,29.82061492858447],[-95.44281556316173,29.820611786584447],[-95.44298974634859,29.82060876123338],[-95.44316337434766,29.82060594092727],[-95.44333410024292,29.820604057146493],[-95.44350834905062,29.820602188546527],[-95.44368267436327,29.82060031906779],[-95.44388578015112,29.82059813714078],[-95.44388833297714,29.82059812785436],[-95.44393833762447,29.820598301222386],[-95.44395585116429,29.82059921841319],[-95.44399813595821,29.820603511369224],[-95.44401547648239,29.82060613273094],[-95.44405814735178,29.82061473321189],[-95.44407318628141,29.820618445904024],[-95.44411088695031,29.82062949848255],[-95.44412937224463,29.820636033430876],[-95.44416373599834,29.820650337548788],[-95.44418811977187,29.82066208841048],[-95.44422057703493,29.82067581183344],[-95.44425422246194,29.820686289977537],[-95.44428873245457,29.82069342206503],[-95.44432377509914,29.820697139500215],[-95.444359013359,29.82069740652917],[-95.4443941083161,29.820694220583636],[-95.44442872243066,29.820687612305722],[-95.44446252278756,29.820677645253184],[-95.44449518429836,29.820664415288135],[-95.44452639282791,29.820648049655055],[-95.4445558482157,29.820628705756974],[-95.44458326716276,29.820606569641562],[-95.44460838595637,29.820581854211763],[-95.44463096300652,29.82055479717812],[-95.44463987476428,29.82054298452036],[-95.44464831171398,29.82054249775338],[-95.44469921219881,29.820542015555407],[-95.4469006636188,29.820520716641127],[-95.44690936180487,29.820520632238562],[-95.44691818873746,29.82052098809013],[-95.44693034732012,29.82053004523085],[-95.44695801750484,29.820548723397955],[-95.44698730175338,29.820564752928107],[-95.44701794728401,29.820577995454354],[-95.44704968956444,29.82058833666717],[-95.4470822545952,29.820595687301186],[-95.44711536127488,29.8205999839057],[-95.4471487238265,29.820601189392416],[-95.44734029170327,29.820599205867246],[-95.44753583603448,29.820597287849342],[-95.4477313517696,29.82059536965392],[-95.44792680078604,29.820593451865662],[-95.44812225440612,29.820591460548634],[-95.4483178354939,29.820589605771602],[-95.4485134109063,29.82058768496876],[-95.44870892758516,29.82058576541374],[-95.44887356895016,29.820584147867407],[-95.44888206385242,29.82058448052736],[-95.44888503092017,29.820592447367194],[-95.44891415276877,29.82068413306396],[-95.44892028307687,29.82070182233493],[-95.4489566786248,29.820798616267794],[-95.44895777004223,29.820801598644493],[-95.44895859534151,29.820803917126234],[-95.44896075759594,29.820810874225828],[-95.44896199230604,29.820816394597138],[-95.44896479575223,29.820836469533255],[-95.44896502119276,29.820836438050694],[-95.44896587425833,29.820844328513616],[-95.44897333188958,29.82087963526464],[-95.44898429318147,29.820914015971614],[-95.44899864758365,29.82094712388713],[-95.44901625032448,29.820978625100558],[-95.44903692387109,29.82100820190569],[-95.44906045971999,29.821035556004997],[-95.44906650111481,29.821041295970286],[-95.44907643612918,29.821051657316666],[-95.44908110828982,29.821058934308724],[-95.44912409391851,29.821133601954983],[-95.44913230797385,29.82114716857371],[-95.44917935183754,29.821221132823588],[-95.4491873183327,29.821233120893265],[-95.4492288145399,29.82129293055244],[-95.449236397567,29.821303449709188],[-95.44928048748407,29.82136234109319],[-95.44928837178632,29.82137248882072],[-95.44933510926593,29.821430473090253],[-95.44934327436194,29.821440243518836],[-95.44939211463847,29.821496625186562],[-95.44940053922791,29.82150601249427],[-95.44945196716702,29.821561332514285],[-95.44946063396704,29.821570336041386],[-95.44951354015627,29.821623418512242],[-95.44952345807641,29.82163299481875],[-95.44959292862394,29.821697543665923],[-95.44960414163778,29.82170753388944],[-95.4496746510658,29.821767758869115],[-95.4496868974114,29.821779327600872],[-95.44970200901193,29.821795057573368],[-95.44973032058606,29.82181901039319],[-95.44976095018247,29.821839917584068],[-95.44979357154428,29.82185755644913],[-95.44982783719891,29.8218717391047],[-95.44983512844998,29.821874324915328],[-95.44984207567376,29.821879393673015],[-95.450106317962,29.822092454244757],[-95.45010665034107,29.82209272191899],[-95.45038548366746,29.822317001414323],[-95.45039213220409,29.82232291659653],[-95.45039608673288,29.822327210382014],[-95.45042149668829,29.822352192136325],[-95.45044925604984,29.82237453428772],[-95.45047909182206,29.82239401711551],[-95.45051071058931,29.822410449018612],[-95.45053701777125,29.822420958421223],[-95.45054033616796,29.82242247317803],[-95.45054742333248,29.822427572992364],[-95.45081918820551,29.82264404604751],[-95.45109559718038,29.82286383864535],[-95.45110211640025,29.822869560443895],[-95.45110241000602,29.82286994171666],[-95.45112510863054,29.82289661962259],[-95.45115029693083,29.82292096069381],[-95.4511777355489,29.822942733623314],[-95.45120716374251,29.822961731508485],[-95.45122877765597,29.82297286696135],[-95.45123353131564,29.822975599434923],[-95.4512404522684,29.822980503036376],[-95.45151384242752,29.823194343114704],[-95.45179082927582,29.823411562250552],[-95.45179744009413,29.82341728937438],[-95.45180437288302,29.82342459525964],[-95.45181454569021,29.82343640730892],[-95.45184028345992,29.823460912945187],[-95.45186831605622,29.823482756308998],[-95.45189836927183,29.823501723734474],[-95.45193014913431,29.823517629687384],[-95.45194215298145,29.82352291241861],[-95.451949310384,29.823527916435403],[-95.45222929396104,29.82374478257741],[-95.45250573569231,29.823958673530324],[-95.45251232767237,29.82396430582243],[-95.4525165840528,29.823969682766034],[-95.452538721694,29.823995101281383],[-95.45256314374663,29.8240183335741],[-95.45258963530192,29.824039175205],[-95.45261796323986,29.824057442772226],[-95.45264787828069,29.824072975525112],[-95.45265006868094,29.824073985372724],[-95.45265729333077,29.824079282555804],[-95.45291472823939,29.824288671235323],[-95.45319665944044,29.824517762287233],[-95.4532093155781,29.82452910674702],[-95.45322021306984,29.824539926992443],[-95.45324560412301,29.824560890567543],[-95.45327280755957,29.824579441850556],[-95.45330159495097,29.82459542506547],[-95.45333172456809,29.82460870600047],[-95.45334910038305,29.82461543220124],[-95.45335555781143,29.824620615998356],[-95.45343471739923,29.824690906997503],[-95.45343904226159,29.824694875567108],[-95.4535452709413,29.82479559863255],[-95.4535499072429,29.82480015677557],[-95.4536158134883,29.824867340221406],[-95.45361948170591,29.824871191965286],[-95.45368379439242,29.82494075590804],[-95.45368730319777,29.824944664317076],[-95.45374605791439,29.82501206697595],[-95.45374945285678,29.825016078590618],[-95.45380417930888,29.82508269785247],[-95.45381127729628,29.82509193332975],[-95.45386359049303,29.82516477190176],[-95.45386682223474,29.82516942475378],[-95.45391826313633,29.825246036507234],[-95.45392176177926,29.82525145478401],[-95.4539847956902,29.825353030072883],[-95.4539878006612,29.825358053246365],[-95.45404456943379,29.82545655693606],[-95.4540486731132,29.8254645897911],[-95.45405087389842,29.825472534999754],[-95.45406281177824,29.82550824327091],[-95.45407842058887,29.82554250635067],[-95.45409752895509,29.82557494805136],[-95.45411992707872,29.825605212182957],[-95.45412910141998,29.82561633843184],[-95.45413331808231,29.8256242797627],[-95.45418143952672,29.825727091595812],[-95.4541849320489,29.82573504927026],[-95.4542300707314,29.825845054013715],[-95.45423271016016,29.825851879002656],[-95.45425925147127,29.8259248959401],[-95.45426117480488,29.825930470464865],[-95.45428514100773,29.826003816160377],[-95.45428755601743,29.826011835593963],[-95.45430921490384,29.826090341176677],[-95.45431061848477,29.826095756108195],[-95.45432965818283,29.82617421994693],[-95.45433170287173,29.82618377277978],[-95.45434650453876,29.82626345628926],[-95.45434750292496,29.826269381174054],[-95.45435976988489,29.82635042835244],[-95.45436078259091,29.82635828693808],[-95.454373862207,29.826481095511205],[-95.45437460861422,29.826490387842508],[-95.45438102625393,29.826608674457642],[-95.45438107193345,29.826619846022755],[-95.45437965078187,29.826648391601125],[-95.45438108482456,29.826681688888815],[-95.45438559777419,29.82671471008097],[-95.45439315080597,29.826747171096926],[-95.45440367894128,29.826778792675203],[-95.45440405810088,29.826779776678336],[-95.4544046893552,29.826788539570632],[-95.45441201470412,29.827112614137597],[-95.45441202608038,29.827113102718435],[-95.45441984508977,29.827439374312466],[-95.45441961546896,29.827448277404265],[-95.45441913875823,29.827452062744502],[-95.45441435244463,29.827479012348878],[-95.45441161770827,29.82751410425566],[-95.45441232946085,29.827549295364093],[-95.45441648087271,29.827584247996096],[-95.45442123338806,29.827605884932222],[-95.45442233455469,29.82761236178206],[-95.45442295459699,29.82762100701094]]]}},{"type":"Feature","properties":{"market":"gardenoaksoakforest","source":"garden_oaks/*_boundary_filled.geojson union"},"geometry":{"type":"Polygon","coordinates":[[[-95.48167237995114,29.833412181613475],[-95.48167196057439,29.833420593195978],[-95.48166354806767,29.833420993608495],[-95.48138079534512,29.833420554612946],[-95.48117862739414,29.833420266975814],[-95.48095811038478,29.833419950088437],[-95.48074039619088,29.83341964149392],[-95.48052049615886,29.83341932839361],[-95.48029705965465,29.833419010357453],[-95.48029486328808,29.83341899380501],[-95.48012732236056,29.833416706913642],[-95.48012070039597,29.833416677550233],[-95.4800581246802,29.83341697669381],[-95.4798929802425,29.833417765812246],[-95.4798373441338,29.83341803204201],[-95.47968910449225,29.833418740307273],[-95.47961656228767,29.833419087065177],[-95.47949671074711,29.8334196602356],[-95.4793957803517,29.83342014169322],[-95.47930431526513,29.833420578125093],[-95.47917500189479,29.833421195973365],[-95.47911192064592,29.833421496604046],[-95.47895422188925,29.83342224986537],[-95.47891952736049,29.833422414800673],[-95.47871386294902,29.8334233969181],[-95.47870511212497,29.833423009307268],[-95.47869763241269,29.833421175506594],[-95.47866301444878,29.83341446961441],[-95.47862790589612,29.833411189074226],[-95.47859264485109,29.833411365477748],[-95.47855757087864,29.833414997126194],[-95.47852302174215,29.833422049046685],[-95.47851574204502,29.833423911217178],[-95.47850697880828,29.833424383970957],[-95.478295033131,29.833425392981233],[-95.47826348990371,29.833425543975164],[-95.47809002024168,29.83342637135689],[-95.47803639883352,29.833426626578746],[-95.47788500852278,29.833427348415725],[-95.47780931075629,29.833427707914087],[-95.47767999465566,29.833428323400238],[-95.47758222124853,29.833428789741177],[-95.4774749832995,29.833429299926955],[-95.4773551285387,29.83342987026536],[-95.47726997083947,29.83343027514765],[-95.47712804367924,29.833430949498183],[-95.47706496529722,29.83343125105195],[-95.47690094980716,29.833432031126367],[-95.47667619804122,29.833433100572783],[-95.4764467713842,29.8334341895143],[-95.47626068503575,29.833435073779558],[-95.47621968431002,29.83343526815347],[-95.47605567652975,29.83343604815541],[-95.47599259199328,29.83343634730257],[-95.47585066394508,29.83343702033782],[-95.47576550597961,29.833437425167777],[-95.47564565012493,29.833437993114252],[-95.47553841355563,29.833438501680984],[-95.47544064058273,29.833438966490856],[-95.47531132283025,29.83343957970122],[-95.47523562625396,29.833439938643064],[-95.47508423573481,29.833440656386045],[-95.47503061785116,29.833440911387505],[-95.47485714820729,29.83344173362221],[-95.47482560796063,29.833441883793547],[-95.47461363451403,29.833442887073435],[-95.4746048836991,29.833442499091795],[-95.47459740476879,29.833440665145822],[-95.47456278602004,29.833433957628884],[-95.4745276765172,29.833430675654302],[-95.4744924143865,29.833430850829526],[-95.47445733922413,29.83343448146751],[-95.47442278882563,29.83344153260296],[-95.47441551360333,29.833443393415877],[-95.47440675041501,29.833443865937767],[-95.47420426098526,29.83344482471683],[-95.47415695028276,29.83344504845421],[-95.47401186500728,29.83344573498503],[-95.47392355081048,29.833446153177114],[-95.47381946886128,29.83344664584764],[-95.47369015246724,29.83344725748853],[-95.47362391958318,29.83344757100628],[-95.47345675596013,29.83344836141728],[-95.47342837149925,29.833448495874087],[-95.4731784843195,29.833449676070735],[-95.473169798064,29.833449294055885],[-95.47315451295707,29.833445575461745],[-95.47315195536768,29.83344481818565],[-95.47311801426366,29.833438233973745],[-95.47308359748196,29.833434942237858],[-95.47304902365639,29.8334349734532],[-95.47301461287475,29.83343832733078],[-95.4729806837153,29.833444972820068],[-95.47294755029745,29.8334548483965],[-95.47291551937352,29.83346786263105],[-95.47288488748886,29.833483895036693],[-95.47285593823638,29.833502797183893],[-95.47282893963099,29.833524394074775],[-95.47280414162836,29.833548485763266],[-95.47278177381077,29.833574849206226],[-95.47276204326158,29.833603240328383],[-95.47274513264811,29.833633396282035],[-95.47273119853044,29.833665037880493],[-95.47272036991193,29.833697872182825],[-95.47271274704495,29.833731595205933],[-95.47270840050277,29.833765894738868],[-95.47270737052607,29.833800453233287],[-95.47270850042622,29.83386207826429],[-95.47270822505986,29.83387092645583],[-95.47270736735766,29.833877486979134],[-95.4727035093666,29.83389867244808],[-95.47270061894353,29.833933577755424],[-95.47270114056684,29.833968598648266],[-95.47270506928048,29.83400340238708],[-95.47271157212059,29.8340339239203],[-95.47271187182953,29.83403576816544],[-95.4727124264155,29.83404448606816],[-95.47271694948193,29.834351268278855],[-95.47271705329945,29.834356102725028],[-95.47272566543171,29.834661416813216],[-95.47272547510657,29.834670299205612],[-95.47272491479457,29.834674919916658],[-95.47272061240133,29.834699769090655],[-95.47271802088663,29.83473449830827],[-95.47271880354926,29.834769315286078],[-95.47272295303725,29.834803892970413],[-95.47272822321254,29.834827866425215],[-95.47272906765254,29.83483286704782],[-95.47272967614016,29.83484158216202],[-95.47273609606407,29.8351484808085],[-95.47274237640929,29.835459419683936],[-95.47274211517832,29.835468297834126],[-95.47274142925887,29.83547360061773],[-95.4727370655167,29.835497777527756],[-95.47273423624895,29.83553307073552],[-95.47273489414795,29.835568471052454],[-95.4727390328259,29.835603634764077],[-95.47274359944697,29.835624473139536],[-95.47274479027767,29.835631492784014],[-95.47274540678254,29.835640153629214],[-95.47275231198434,29.835946002915428],[-95.47275820534921,29.83626267850097],[-95.47275793113127,29.836271540731335],[-95.47275752116593,29.83627467662654],[-95.47275238822517,29.836302860047574],[-95.47274949873272,29.836337874399213],[-95.47275004252818,29.836373003564788],[-95.47275401441277,29.8364079117031],[-95.47275843543677,29.836428541571827],[-95.47275956849583,29.83643545360745],[-95.47276013520697,29.836444167445574],[-95.47276493834201,29.836741066919608],[-95.47276465876426,29.83674950938405],[-95.47275622651877,29.83675000999412],[-95.47254280336857,29.836752148381624],[-95.47235373015107,29.836754039341816],[-95.47216841334318,29.836755892332146],[-95.47197913681588,29.836757788104073],[-95.47179005837975,29.836759678096406],[-95.4716036206116,29.83676154045552],[-95.4714116277347,29.836761564813425],[-95.47122143939932,29.83676157194034],[-95.47103122409735,29.83676157254385],[-95.4708418251651,29.836761608538367],[-95.47084073039899,29.836761610414197],[-95.47065345319105,29.836762216598725],[-95.47046565146586,29.836762825822863],[-95.47027833916611,29.83676343251121],[-95.47027737178584,29.836763436946704],[-95.46987888087162,29.836765800484063],[-95.46987017776273,29.83676542745123],[-95.46986642273312,29.836764516871934],[-95.46983172466513,29.83675788948042],[-95.46979654352063,29.836754701171703],[-95.46976121932286,29.836754982760553],[-95.46972609347765,29.83675873152544],[-95.46969150547375,29.836765911234817],[-95.46968253343226,29.836768238969412],[-95.46967372519858,29.83676873505347],[-95.46950103475139,29.836769920544324],[-95.46931111268404,29.83677109732039],[-95.46912534275971,29.836772247360432],[-95.4689283793818,29.83677346798018],[-95.4687424297797,29.83677461902648],[-95.46854944059923,29.836775818277147],[-95.46835613359337,29.836777014467113],[-95.46815914381628,29.83677823327964],[-95.46798167774142,29.836779331324603],[-95.46778651736113,29.836780262178845],[-95.46758371442726,29.83678122949075],[-95.46740368899148,29.836782089389178],[-95.46739489007264,29.83678169724853],[-95.46739286184727,29.83678119705136],[-95.46735824361897,29.83677444252322],[-95.46732312994767,29.83677111454069],[-95.46728785916207,29.836771245169672],[-95.46725277110474,29.836774833151537],[-95.46721820385763,29.8367818439152],[-95.46720875511707,29.836784248528463],[-95.46719999279813,29.836784710695508],[-95.46699086465506,29.83678545726644],[-95.4669838990579,29.836785549660327],[-95.46679280308793,29.836789937454153],[-95.46660687090808,29.836793870690787],[-95.46660463917307,29.83679390402328],[-95.46641833825056,29.83679552885],[-95.46640419086563,29.83679593097892],[-95.46639907416761,29.83679617734319],[-95.46639216003105,29.83679637693288],[-95.46633898936697,29.83679688769831],[-95.46632290406093,29.836796320860902],[-95.46627448311129,29.836792436189775],[-95.46625851317351,29.836790431328744],[-95.4662106345647,29.836782226583214],[-95.46619490829463,29.836778799805227],[-95.46614794239672,29.83676633711208],[-95.46613261384094,29.836761526028987],[-95.46602121426437,29.836721003890112],[-95.46601210125839,29.836717404637877],[-95.46589966833436,29.83666941372438],[-95.46589178130857,29.836665819880345],[-95.46582831546074,29.836635030618776],[-95.46582058719112,29.836631047541378],[-95.4657586973239,29.83659723001674],[-95.46575117082875,29.836592877668515],[-95.46569208504343,29.836556774455318],[-95.46568266668683,29.836550606052633],[-95.4655866528643,29.836483331210104],[-95.4655806311043,29.83647892260137],[-95.46548954436825,29.836409285123967],[-95.46547697843243,29.836398734643417],[-95.46543469994279,29.836359808918782],[-95.46542464258154,29.836349786167617],[-95.465384818386,29.836306829935513],[-95.46537558425177,29.836296043981182],[-95.4653364616696,29.8362465100256],[-95.46533334493638,29.836242446081922],[-95.46527951549378,29.83617014602252],[-95.4652754344486,29.836164435007404],[-95.46522500729101,29.836090870267093],[-95.46522115246624,29.836085004182916],[-95.46517645057496,29.83601399401479],[-95.46517216278278,29.83600638075075],[-95.46516952905978,29.83599835946227],[-95.46515821821791,29.835968467400942],[-95.46514429597141,29.83593969864137],[-95.46512787246452,29.835912280784132],[-95.46510907762979,29.83588643074231],[-95.46508806016033,29.8358623530254],[-95.46508691199058,29.835861150135617],[-95.46508229540183,29.835853961081455],[-95.46491616526876,29.835565837717432],[-95.46475218069138,29.835281425092763],[-95.46474811763116,29.835273487034673],[-95.46474383128755,29.835258197810518],[-95.46473282327,29.83522517768816],[-95.4647186720917,29.835193377545327],[-95.46470151053622,29.835163095769552],[-95.46468149963405,29.835134616501204],[-95.46467297277374,29.835123651364402],[-95.46466835375224,29.83511635751721],[-95.46451261147841,29.834842009293165],[-95.46434519682622,29.834545924442395],[-95.46434122090099,29.834537998539048],[-95.46434058359027,29.834535662576037],[-95.46433382226999,29.834505063636794],[-95.46432248296506,29.83447065492002],[-95.46430773643922,29.83443756293304],[-95.46428973260178,29.834406124080264],[-95.46428427494611,29.83439849456291],[-95.46427198506755,29.83437948552106],[-95.46410507066882,29.83409145216107],[-95.46393514666808,29.833796306697163],[-95.46393106456341,29.83378831504699],[-95.46393023495058,29.83378618864425],[-95.46392095197083,29.833758140913737],[-95.46390706481732,29.833726657468752],[-95.4638902298334,29.833696646743043],[-95.46387060140687,29.833668383954564],[-95.46384835954319,29.833642128291526],[-95.4638474854172,29.833641191341847],[-95.4638429129208,29.833633850459282],[-95.46360885822621,29.83321409902004],[-95.46360709153066,29.833210967581103],[-95.46337659495953,29.832807150397628],[-95.46337267594507,29.832799432347347],[-95.46337279218582,29.832793105014606],[-95.46337333135877,29.832788206637225],[-95.4633744286959,29.832782636414837],[-95.4633759943123,29.832777179275677],[-95.46337863020362,29.83277026608383],[-95.46338961478983,29.832736543711373],[-95.46339722143358,29.832701902716735],[-95.46340137602915,29.832666680580594],[-95.46340203810149,29.832631220445247],[-95.46339920120056,29.832595867771634],[-95.4633928929641,29.832560966973773],[-95.46338317484842,29.832526858063407],[-95.46337014152968,29.83249387333753],[-95.46335391998153,29.832462334141056],[-95.46333466823809,29.83243254773622],[-95.46331257385434,29.832404804309157],[-95.46328785207895,29.832379374142818],[-95.46326074375722,29.832356504983842],[-95.4632315129848,29.83233641962893],[-95.46320044453469,29.832319313754308],[-95.46316784108302,29.83230535400941],[-95.46313402026024,29.83229467639334],[-95.46309931155672,29.832287384929934],[-95.46308899069612,29.832285743771113],[-95.46308396718925,29.83227826426658],[-95.46298938073286,29.832120499156304],[-95.46296994422812,29.83209139469416],[-95.46294776853597,29.832064319131167],[-95.4629230640273,29.83203952932107],[-95.46289606506271,29.8320172604337],[-95.4628670277693,29.831997723724026],[-95.46283622761088,29.831981104528065],[-95.46280395677475,29.83196756050469],[-95.4627705213999,29.83195722013999],[-95.46273623867276,29.831950181528377],[-95.46270143381822,29.831946511442005],[-95.46266643701436,29.831946244697345],[-95.46263158026018,29.83194938382488],[-95.46259719422612,29.831955899045116],[-95.46256360511708,29.831965728551076],[-95.4625311315779,29.83197877909463],[-95.46250008167053,29.831994926871122],[-95.46247074995154,29.832014018693815],[-95.4624434146778,29.83203587344714],[-95.46241833516682,29.832060283804832],[-95.4623957493367,29.832087018196752],[-95.4623758714491,29.832115823005697],[-95.46235889007664,29.83214642497333],[-95.46234496631402,29.83217853379249],[-95.46233423224972,29.832211844861174],[-95.462326789713,29.83224604217219],[-95.4623227093079,29.832280801310954],[-95.46232173591689,29.8322950649259],[-95.46231952692999,29.832298686512413],[-95.46230420388808,29.832321384325194],[-95.46228723329128,29.832352881743677],[-95.46227347916388,29.832385910708343],[-95.46226307786979,29.832420143756828],[-95.46225613253164,29.83245524148902],[-95.46225271200822,29.832490855931972],[-95.46225285021202,29.83252663398987],[-95.46225654577282,29.83256222094475],[-95.46226376205134,29.832597263973323],[-95.4622744275025,29.832631415645],[-95.4622884363848,29.832664337366463],[-95.46230564980856,29.83269570273861],[-95.462325897113,29.832725200792613],[-95.46234897755828,29.832752539072974],[-95.46236404054984,29.832767146215893],[-95.46236891288598,29.832772379373004],[-95.46237019610047,29.83278119454959],[-95.46239764337929,29.8330719408399],[-95.46242701621128,29.833402235256983],[-95.46242736172928,29.83341122134713],[-95.46242728209882,29.833412502685146],[-95.4624236771537,29.833443740286164],[-95.46242300743509,29.83347797778765],[-95.46242559992614,29.833512123563686],[-95.46243143108103,29.83354586749149],[-95.46243925167705,29.83357452027991],[-95.46243972420106,29.833576662510016],[-95.46244076475318,29.833585286546732],[-95.46246451668064,29.83391661088065],[-95.46248858291962,29.834251233019327],[-95.4624887782604,29.834260173584934],[-95.46248816944421,29.83426795726538],[-95.46248568261679,29.834287155069322],[-95.46248460481043,29.834322440067673],[-95.46248699455832,29.83435766054297],[-95.46249282879488,29.834392476551628],[-95.46250113501046,29.83442316683182],[-95.46250151616314,29.83442488921175],[-95.46250255963456,29.83443339183738],[-95.46252778511776,29.834772380568275],[-95.46255119343907,29.83510364590047],[-95.46255138783808,29.83511221024665],[-95.46255111879142,29.835115889609384],[-95.46254772855612,29.83514426036506],[-95.46254703394935,29.835179989991023],[-95.46254989184787,29.835215611909362],[-95.46255627398376,29.835250773777794],[-95.46256095042199,29.835267095068076],[-95.46256304658502,29.835276113592002],[-95.46256419358006,29.83528502888555],[-95.4625939682454,29.835667255334126],[-95.46259421053401,29.83567554586741],[-95.4625859257087,29.835675937423307],[-95.46236832527346,29.835675655001783],[-95.46236702490911,29.835675655667007],[-95.46217691672162,29.83567609691398],[-95.46199022404042,29.835676526686182],[-95.46179973388506,29.83567696983906],[-95.46160897059931,29.835677411769158],[-95.46141817734268,29.835677852636323],[-95.46123260526947,29.83567828210698],[-95.46107714676019,29.835677934962458],[-95.46104168198478,29.835679609835665],[-95.46100655562228,29.835684776474093],[-95.46097211061539,29.835693384435253],[-95.46093868325465,29.835705349678637],[-95.46090659989522,29.835720555386203],[-95.46087617377061,29.83573885310289],[-95.46084770193455,29.835760064185994],[-95.46082146236084,29.83578398154928],[-95.46079771122945,29.83581037168479],[-95.46077668042537,29.835838976942618],[-95.46075857527478,29.835869518046348],[-95.46074357254032,29.83590169681969],[-95.46073181869541,29.835935199097595],[-95.46072342849418,29.835969697793487],[-95.46071848385112,29.836004856092654],[-95.46071703304138,29.836040330740587],[-95.46071717467252,29.8360568952906],[-95.46071717994742,29.836057460266225],[-95.46071918437848,29.836255471995003],[-95.46071922794482,29.836258508230863],[-95.46072254928242,29.836437312028288],[-95.46072561533366,29.836602408416326],[-95.46072494566421,29.83662158750116],[-95.46071013801395,29.836788707533685],[-95.46070703973025,29.8368118414322],[-95.46070425376901,29.836828504462947],[-95.46070213954825,29.836869389313943],[-95.46070253578087,29.83694369285687],[-95.46070280973895,29.836995183208533],[-95.46070472517673,29.837030372554295],[-95.46071007851259,29.837065205021222],[-95.46071881825239,29.837099345552936],[-95.46073086032783,29.837132465748834],[-95.4607460889052,29.837164247023015],[-95.46076435749953,29.83719438366878],[-95.46078549038373,29.837222585799243],[-95.46080928427884,29.837248582135775],[-95.4608355103094,29.837272122617467],[-95.46086391620506,29.837292980806485],[-95.46089422872716,29.837310956066176],[-95.46092615629703,29.83732587549104],[-95.46095939180078,29.837337595569892],[-95.46099361554332,29.837346003566324],[-95.46102849832364,29.837351018603126],[-95.4610637046014,29.837352592440244],[-95.46125699772524,29.837351744927545],[-95.46146316959869,29.837350840788897],[-95.46175382697264,29.83734956619947],[-95.46218240645267,29.837347917276578],[-95.46219072290239,29.83734828676294],[-95.46219369007623,29.83736502015116],[-95.46219371614357,29.837365015528885],[-95.46219380661364,29.8373657177703],[-95.46220172634472,29.83740010432303],[-95.46221298068102,29.837433548262148],[-95.4622274610874,29.837465727059215],[-95.46224502791691,29.837496330386646],[-95.46226551175765,29.837525063110455],[-95.46228871506648,29.83755164813648],[-95.46231441407409,29.83757582908263],[-95.46234236094304,29.837597372751432],[-95.46237228615783,29.837616071378896],[-95.46240390112408,29.837631744638223],[-95.46243690095172,29.837644241378793],[-95.46247096739526,29.837653441083887],[-95.46250577192292,29.837659255032893],[-95.46254097888497,29.83766162715695],[-95.46274544800899,29.837665339409767],[-95.46275396180764,29.837665917093453],[-95.4627549357397,29.837674394707776],[-95.4627666821947,29.83785545222131],[-95.4627774514156,29.838021446660452],[-95.46278780795264,29.83818988265515],[-95.46279891854311,29.83837070688714],[-95.46279902561727,29.838378987160755],[-95.4627907493699,29.83837926666853],[-95.46231475759193,29.83837228002217],[-95.46231197448894,29.838372217601886],[-95.46186056188587,29.83835859341736],[-95.4618515585076,29.838357865895137],[-95.46184519201512,29.838356697211363],[-95.46182011217921,29.838350841398636],[-95.46178226922991,29.838346155171685],[-95.46174414276119,29.838345505620218],[-95.46170616214351,29.838348900059323],[-95.46166875510488,29.838356300261694],[-95.4616619959595,29.838358014589012],[-95.46165325486251,29.838358472809915],[-95.46143828924238,29.838359196955093],[-95.4612407997056,29.838358880485078],[-95.46103587289164,29.838358186559798],[-95.46084288310776,29.838357538835247],[-95.46065361119737,29.83835689702769],[-95.46045740480191,29.83835623379571],[-95.46027196061779,29.83835529967794],[-95.46007201982829,29.838353978718597],[-95.46006332585962,29.83835349695966],[-95.46005505793896,29.8383513827577],[-95.4600209783025,29.838344406229982],[-95.45998638375826,29.838340757796086],[-95.4599515985361,29.83834047165016],[-95.45991694865292,29.83834355047405],[-95.45988275885722,29.838349965412146],[-95.45987322367142,29.83835223722517],[-95.45986438276925,29.838352553488264],[-95.45965552125166,29.838349675834312],[-95.45965166038698,29.838349643385577],[-95.45944347469253,29.838349012223116],[-95.45944076974489,29.838348983657305],[-95.45925932589137,29.83834570122489],[-95.45925395766132,29.83834564422144],[-95.45906578481103,29.838345051873027],[-95.45887182991963,29.838344508144086],[-95.45867787430859,29.83834396266499],[-95.45847881839428,29.838343406813976],[-95.45831101155363,29.838342934656378],[-95.45830044897309,29.83834250805907],[-95.45829648943443,29.838342046172887],[-95.45829265932905,29.838341299455475],[-95.45827966815138,29.83833771854317],[-95.45826088388152,29.8383319696058],[-95.45822682192285,29.838325056615073],[-95.45819225141746,29.83832146682023],[-95.45815749581108,29.838321233807807],[-95.45812288028125,29.838324359757898],[-95.45808872869493,29.83833081542375],[-95.45807124613184,29.83833500500366],[-95.45806272881278,29.838335302265428],[-95.45734768914897,29.838324989590067],[-95.45733934279478,29.838324461847673],[-95.45733895899143,29.838316107637226],[-95.45733940206009,29.83815875028776],[-95.45733841257847,29.838131071495845],[-95.45733529415978,29.83810355113864],[-95.45731675433633,29.837982016888795],[-95.4573158271748,29.8379726443868],[-95.4573163690503,29.83796784849917],[-95.45732010470797,29.837951763419237],[-95.4573261056593,29.837919167440592],[-95.45732907765792,29.837886157192713],[-95.45732899541788,29.837853013528502],[-95.45732585963893,29.83782001843597],[-95.4573196970004,29.837787452639077],[-95.45731055993437,29.837755593209312],[-95.45729852617944,29.837724711208356],[-95.45728369811944,29.83769506938187],[-95.4572751827207,29.837679845035797],[-95.45727239078876,29.837673484743686],[-95.45723356443399,29.83757296123488],[-95.45720489007881,29.83749873405101],[-95.4571367296615,29.837322241664932],[-95.4570621780604,29.837129223726016],[-95.4570579759139,29.837118829596843],[-95.45701941876018,29.837027580583715],[-95.45700353204124,29.83699474097057],[-95.45698439744521,29.836963681426713],[-95.45696221219967,29.836934722094707],[-95.45693720497641,29.836908161469438],[-95.45690963353441,29.836884273321402],[-95.45687978206307,29.83686330387486],[-95.45684795825287,29.836845469269896],[-95.45681449012396,29.836830953334587],[-95.45677972264514,29.836819905690216],[-95.45674401417806,29.83681244020907],[-95.45670773278351,29.83680863384071],[-95.45667125242768,29.83680852581883],[-95.45648116825932,29.836817623221968],[-95.45647266743923,29.836817623392186],[-95.45646849812576,29.83681594646863],[-95.45643313474963,29.836803819323254],[-95.45639670274595,29.83679543212268],[-95.45635959648442,29.83679087565681],[-95.45632221763347,29.83679019924854],[-95.45628497081228,29.83679341021987],[-95.4562482592108,29.836800473812623],[-95.45621248022535,29.836811313564716],[-95.45617802115682,29.83682581213783],[-95.45616189478866,29.83683360818979],[-95.45615300591035,29.836834046786038],[-95.4559144217291,29.83683385241915],[-95.45591192825694,29.836833833083507],[-95.45494710399429,29.836819654903742],[-95.45493881575693,29.83681913175528],[-95.45493833842623,29.836810840752857],[-95.45490059012177,29.832693073418934],[-95.45490093187907,29.832684415776765],[-95.45490512512565,29.832672220594482],[-95.45490828625196,29.832664310424608],[-95.45491798608049,29.832631043675832],[-95.45492443640413,29.832596997287297],[-95.45492757723477,29.832562487891035],[-95.45492737936263,29.83252783642506],[-95.45492384462793,29.832493365148643],[-95.45491700590375,29.832459394645273],[-95.45490692679036,29.832426240841258],[-95.45490320448354,29.832415829736266],[-95.45490280056356,29.832407001739593],[-95.45491120926413,29.830242751854293],[-95.45491164460506,29.83023444158641],[-95.45491994876305,29.830233902107114],[-95.45553123393245,29.830223863301974],[-95.45553963224198,29.830224133121064],[-95.45554387773997,29.83023908292158],[-95.45555539787634,29.83027308433851],[-95.45557025334593,29.830305766518958],[-95.4555882958622,29.83033680323112],[-95.45560934532573,29.830365884668165],[-95.45563319162186,29.830392720540726],[-95.45565959671812,29.830417042974535],[-95.45568829704025,29.830438609184334],[-95.45571900610312,29.830457203897357],[-95.45575141737051,29.830472641502155],[-95.45578520731483,29.83048476790137],[-95.45582003864665,29.830493462049926],[-95.45585556368145,29.83049863716329],[-95.45589142781019,29.83050024158375],[-95.45598957808944,29.83049972438802],[-95.45599085914306,29.830499715353866],[-95.45647653304698,29.830495424487665],[-95.45648028524566,29.830495371741918],[-95.45689646995505,29.83048734750195],[-95.4569052345485,29.83048761344805],[-95.45690535823019,29.830487702810046],[-95.45693471729791,29.83050680882376],[-95.45696579718529,29.830522965408118],[-95.45699830253449,29.83053601902415],[-95.45703192444122,29.830545845620964],[-95.4570663433904,29.830552351814617],[-95.45710123229243,29.830555475775558],[-95.45713625959175,29.830555187816223],[-95.45717109241751,29.830551490673137],[-95.45720539974702,29.830544419480926],[-95.45723885555148,29.830534041438423],[-95.45727114189424,29.830520455170056],[-95.45730195195233,29.83050378978862],[-95.45731609422644,29.83049522387742],[-95.45732475585278,29.83049474449902],[-95.457426961085,29.83049409468365],[-95.45761621563406,29.83049288228456],[-95.45780546046842,29.83049166964634],[-95.45799470529822,29.830490456741074],[-95.45818394895085,29.83048924357635],[-95.45837319265735,29.830488029208684],[-95.45856243582476,29.830486815546962],[-95.45860905207516,29.830486517631154],[-95.45875168177301,29.830485603335635],[-95.45894092707033,29.83048438822462],[-95.45913017119142,29.830483175490947],[-95.45931941891831,29.830481960731852],[-95.45950866179065,29.830480746570565],[-95.45969790847012,29.830479531284148],[-95.45988715222059,29.830478315681606],[-95.46007639574151,29.83047709984741],[-95.46026564163007,29.8304758828294],[-95.4604548865791,29.830474666452027],[-95.46064413174184,29.830473449840163],[-95.46083786096294,29.830472204960444],[-95.46084649103685,29.830472566990885],[-95.46086147478158,29.830476159676167],[-95.46086579801177,29.830477417753098],[-95.46090028704518,29.830483889383604],[-95.46093524286921,29.83048696603661],[-95.46097033210624,29.83048661836973],[-95.46100522010627,29.8304828496987],[-95.46103957413854,29.83047569596576],[-95.4610567609481,29.830471231391986],[-95.46106555099293,29.830470739455542],[-95.46146829094549,29.830468148225286],[-95.4614767414195,29.830468502652966],[-95.46148124744185,29.83047566029879],[-95.46155301012688,29.83060290568031],[-95.4616365140043,29.830750969548966],[-95.46171778324268,29.830895069792764],[-95.46173623193754,29.830924383418722],[-95.46175741722975,29.83095178463043],[-95.4617811422795,29.83097701883386],[-95.46180718664928,29.8309998515694],[-95.46183530835191,29.831020070690297],[-95.46186524609907,29.83103748833379],[-95.46189672172888,29.831051942666598],[-95.46192944279052,29.83106329938857],[-95.46196310526142,29.831071452980524],[-95.46199739637206,29.831076327684645],[-95.46203199751199,29.831077878208394],[-95.46206658719021,29.83107609014532],[-95.46210084402219,29.831070980108937],[-95.46213444971599,29.83106259557833],[-95.46216709202962,29.83105101445705],[-95.46219846767217,29.831036344349243],[-95.46222828512184,29.831018721559904],[-95.46225626733451,29.83099830982839],[-95.46228215431786,29.83097529880708],[-95.4623057055471,29.830949902299235],[-95.46232670219968,29.83092235627249],[-95.46234494918853,29.830892916666407],[-95.46236027697466,29.830861857014423],[-95.46237254314235,29.830829465902383],[-95.46238163372246,29.830796044287187],[-95.46238746425128,29.830761902700484],[-95.46238998055537,29.830727358363426],[-95.46238915925491,29.830692732239264],[-95.46237342649047,29.830474383684727],[-95.46237323191053,29.830466106749448],[-95.46238150285956,29.830465736724577],[-95.46264449507707,29.830466714187754],[-95.46285178048052,29.830467988115757],[-95.4628533357709,29.830467994308155],[-95.46307050832237,29.830468388971884],[-95.46307246188466,29.830468387211514],[-95.46329217619736,29.830467591953646],[-95.46351214718914,29.830466790789533],[-95.46373277933552,29.830465990493874],[-95.46395351748801,29.830465192615474],[-95.46405976516273,29.83046480735787],[-95.46417350230716,29.830464389973592],[-95.46439329705547,29.83046358979758],[-95.46439522019497,29.830463577649624],[-95.4646176199748,29.830461577609082],[-95.46461956690585,29.83046157065005],[-95.46483747762058,29.830461972492053],[-95.46483960369892,29.830461970122794],[-95.465057685878,29.83046108190772],[-95.46505974045485,29.830461067665496],[-95.46527430477599,29.830458966830047],[-95.46549302548458,29.830458163881115],[-95.46549580338421,29.830458175287625],[-95.46567847772631,29.830460340564954],[-95.46568148154948,29.83046036361284],[-95.46571427902812,29.830460478166522],[-95.46593412495307,29.83046123839832],[-95.46615322292587,29.830461995933],[-95.46638156610169,29.83046284003167],[-95.46639031015607,29.830463300386995],[-95.46639084870907,29.830463382004126],[-95.46642464127665,29.830470183410327],[-95.466460091326,29.830473719796064],[-95.46649571732705,29.830473728349833],[-95.46653116907048,29.830470208987553],[-95.46656609806,29.830463196305118],[-95.46657808006407,29.830460165760016],[-95.46658689206564,29.83045972369754],[-95.46680090437373,29.830459569061336],[-95.46700594179354,29.830459454692477],[-95.46708475825525,29.830459411009954],[-95.46719517806545,29.830459349717664],[-95.46727689428378,29.83045930562271],[-95.46738441757161,29.830459245347996],[-95.467467807647,29.830459199177344],[-95.46757365900787,29.830459139891985],[-95.46765073689792,29.8304590970237],[-95.46776289281307,29.830459035019377],[-95.46782953405754,29.830458995990863],[-95.46795213669958,29.830458927140956],[-95.46801562269287,29.830458891637335],[-95.46816656205415,29.83045880664548],[-95.46819855190897,29.830458780648925],[-95.46838144333249,29.830458634243605],[-95.4685644169858,29.830458529990715],[-95.46859554717942,29.830458512190916],[-95.46874734458964,29.83045842546852],[-95.4688100146022,29.83045838881163],[-95.4689302772141,29.83045831979213],[-95.46902448421928,29.83045826601775],[-95.46911320451824,29.83045821660247],[-95.46923895438337,29.830458143838094],[-95.46929613469212,29.830458112232122],[-95.46945342446627,29.830458022161636],[-95.46947906700866,29.83045800679295],[-95.46967105282812,29.83045789653834],[-95.46967900261065,29.83045789191355],[-95.46989214227489,29.83045776916404],[-95.46990088425169,29.830458192817247],[-95.46990846808795,29.830460084307138],[-95.46994318995779,29.83046694776053],[-95.4699784186197,29.830470361939383],[-95.47001381227143,29.830470293718],[-95.47004902750994,29.83046674375829],[-95.47008372266322,29.830459746503355],[-95.47009025207711,29.83045809123514],[-95.47009906972369,29.83045764520159],[-95.47030246312681,29.83045742011469],[-95.47050006354405,29.83045720201128],[-95.4707088640851,29.830456970622688],[-95.47091674172857,29.830456740808113],[-95.47112539857957,29.830456508566098],[-95.47131900817853,29.830456293443895],[-95.47151198952989,29.83045607868443],[-95.47170544075654,29.830455864279507],[-95.47188665346629,29.830455662419677],[-95.47206097291487,29.830455468573383],[-95.47224326853804,29.830455264936035],[-95.4724321635146,29.830455053247682],[-95.47262741937713,29.83045483497891],[-95.47263613243359,29.830455251050534],[-95.47263764741635,29.83045562669884],[-95.4726691321074,29.830465041934907],[-95.47270450321032,29.830471855068154],[-95.47274037872153,29.830475092567816],[-95.47277639810953,29.8304747218986],[-95.47281219939698,29.830470746785544],[-95.47284742279837,29.830463207176606],[-95.47288171433559,29.830452178841195],[-95.47291472939538,29.830437772608715],[-95.47294613619245,29.83042013325481],[-95.4729756191037,29.830399438046406],[-95.47300288184026,29.830375894960298],[-95.47302765042483,29.830349740593057],[-95.47304967594519,29.830321237783362],[-95.47306873705557,29.830290672970605],[-95.47308464220106,29.8302583533163],[-95.47309723154267,29.83022460361726],[-95.47310637856366,29.830189763041567],[-95.4731119913409,29.830154181720076],[-95.4731140134687,29.83011821722777],[-95.47311448958662,29.83003915368003],[-95.4731144918155,29.83003523480727],[-95.47311295450189,29.829720496940254],[-95.47311334328708,29.829711712124865],[-95.47311396454555,29.829707380477867],[-95.47311904652018,29.82968113277803],[-95.47312232247604,29.829645778658392],[-95.47312209329368,29.829610273825796],[-95.47311836121081,29.829574964942783],[-95.47311446015368,29.829556123261487],[-95.47311319465862,29.82954805381609],[-95.47311269004668,29.82953929244248],[-95.47310989228812,29.82921084848742],[-95.47310706316901,29.828902274754164],[-95.47310742106794,29.82889341336111],[-95.4731078611629,29.828890277605524],[-95.47311314255658,29.828862885350002],[-95.47311639514236,29.82882853001054],[-95.47311633710085,29.828794021094375],[-95.47311296896741,29.828759676890485],[-95.47310809953325,29.828734870461794],[-95.47310745347968,29.828730418517807],[-95.47310704794869,29.828721675833695],[-95.47310814434432,29.828287916859775],[-95.47310814443918,29.828286138704232],[-95.47310729630259,29.827935808164934],[-95.47310727587703,29.827932749320784],[-95.47310537193191,29.827758624522108],[-95.4731034938354,29.827586460929773],[-95.47310348336141,29.82758422322453],[-95.47310377015263,29.827398844466256],[-95.47310421263587,29.82739009019001],[-95.47310485016548,29.827385826083542],[-95.47311034583363,29.827358042357524],[-95.47311375799922,29.827321537533642],[-95.47311343245526,29.82728487503152],[-95.47310937259111,29.827248436555372],[-95.4731046646764,29.82722667309778],[-95.4731033979271,29.827219189139086],[-95.47310278329337,29.827210579244607],[-95.47309551847506,29.826895631495344],[-95.47309520942163,29.826886870503664],[-95.47308002220163,29.826567112150318],[-95.47308004990862,29.826558112045145],[-95.47308005757706,29.826558087798226],[-95.47308859998809,29.826525985008775],[-95.47309414113039,29.826493230503456],[-95.47309663364281,29.826460104241086],[-95.47309605622138,29.826426889357958],[-95.47309296756988,29.826398889821895],[-95.4730923173538,29.82638776773663],[-95.47308933174753,29.82607477358241],[-95.4730873535203,29.82586781000473],[-95.47308569887404,29.825672613227614],[-95.47308569379304,29.825670388734085],[-95.47308657487405,29.825444894377753],[-95.47308656412007,29.82544037601225],[-95.47308381673325,29.825123405290988],[-95.47308417642655,29.825114585200282],[-95.47308725325267,29.825101927930206],[-95.4730935006198,29.82506998835024],[-95.47309683248962,29.825037614518095],[-95.4730972215297,29.82500507200725],[-95.4730946645486,29.824972627774912],[-95.47309234618413,29.824954019728015],[-95.47309300944255,29.824945978405065],[-95.47311530459034,29.824777805930104],[-95.47311732842356,29.824765720629795],[-95.47313217739134,29.82469248381946],[-95.47313305113464,29.824688416777814],[-95.47314939400367,29.824616414676147],[-95.47315303360523,29.82460285786349],[-95.47318169442741,29.82451065448064],[-95.4731826293834,29.824507734797916],[-95.47321491815711,29.824409788612943],[-95.47321808631784,29.824401563529374],[-95.47322157980174,29.824394619627522],[-95.47322497574595,29.824389177355968],[-95.47322923270862,29.824383494511736],[-95.47323395699057,29.82437819379436],[-95.47323911444514,29.824373313516926],[-95.47324466779445,29.824368888953874],[-95.47325057689893,29.824364952085915],[-95.473256799048,29.824361531368467],[-95.4732632892681,29.824358651526417],[-95.473270000648,29.8243563333752],[-95.4732768846783,29.824354593670257],[-95.4732838916014,29.82435344498614],[-95.47329097077152,29.8243528956255],[-95.47329807102057,29.824352949559092],[-95.47330514102843,29.8243536063971],[-95.47331212969311,29.824354861391893],[-95.47331898650086,29.82435670547242],[-95.47332566189104,29.82435912530978],[-95.47333210761398,29.824362103413392],[-95.47333827708046,29.82436561825775],[-95.47334391596725,29.8243695000595],[-95.47335583727723,29.8243793496551],[-95.47338724267765,29.82440777489463],[-95.47338989224606,29.82441022186531],[-95.47363658414855,29.824642681937757],[-95.47363945106214,29.8246453540902],[-95.47385766727558,29.824846533323342],[-95.47403838377812,29.825013137691194],[-95.47417274531387,29.825137009552474],[-95.47430710789192,29.825260880069195],[-95.47444147031018,29.825384750002726],[-95.47457583202478,29.825508619777885],[-95.47471019477341,29.8256324882052],[-95.47484455765156,29.825756358168576],[-95.47497892110897,29.82588022636892],[-95.47511328668504,29.826004097947727],[-95.47526498702163,29.82614394917862],[-95.47541668915174,29.826283799645193],[-95.47554455215615,29.826401675411308],[-95.47567904986884,29.826525666680507],[-95.47568509422543,29.826531803516783],[-95.47569146348343,29.82654142097049],[-95.4756968084858,29.826550421288122],[-95.47571688065908,29.826577912401746],[-95.47573946409477,29.826603380850877],[-95.47576435613196,29.826626598084857],[-95.47579133339264,29.826647355755146],[-95.47579597767063,29.82665059103029],[-95.47580256697802,29.826656198704963],[-95.47629372575898,29.82711689805026],[-95.47678293591821,29.827575750024717],[-95.47678914182785,29.827582182374204],[-95.47679440866625,29.82758886272625],[-95.47680482678997,29.82760354943931],[-95.47682800701462,29.827630226685688],[-95.47685369577304,29.827654497779182],[-95.47688164456241,29.827676127930864],[-95.47691158301723,29.827694907899243],[-95.47692136881207,29.827699778793473],[-95.47693229653642,29.827705867050405],[-95.4769388344847,29.82771136966343],[-95.4770844331104,29.827846317103628],[-95.47721680336961,29.827968994645378],[-95.47735021950523,29.82809265243635],[-95.477483647469,29.828216308649676],[-95.47761600647607,29.828338980983464],[-95.47775045998246,29.828463613971806],[-95.47788388831754,29.82858725433013],[-95.4780165686031,29.82871024920736],[-95.47801807679905,29.82871163932531],[-95.47814385777475,29.828826910556906],[-95.47828342326815,29.828954839063233],[-95.47841592749928,29.829076339413866],[-95.47854846875678,29.829197834388548],[-95.47868310414403,29.829321251665323],[-95.47881563288028,29.82944273435615],[-95.47896148176741,29.82957642885171],[-95.47896775484121,29.829582784728164],[-95.47896919783734,29.829584992949584],[-95.47898986478518,29.82961347027041],[-95.47901321790397,29.829639789700064],[-95.47903903325961,29.829663698860386],[-95.47906706330753,29.829684968485385],[-95.4790958719032,29.829702677044956],[-95.47909641735521,29.82970304875945],[-95.47910302455047,29.829708548742037],[-95.4792772405644,29.82986833019025],[-95.47943248812946,29.830011644305813],[-95.47958977238773,29.830156846798953],[-95.47974743035823,29.830302377052078],[-95.4799036731697,29.83044661388636],[-95.47994022501857,29.830480356610828],[-95.4800781866485,29.830608123879202],[-95.48021429373401,29.830734173912738],[-95.4802147711172,29.83073461522017],[-95.48035881513385,29.830867532391952],[-95.48049607434777,29.830994177741715],[-95.48063414898613,29.831122266820124],[-95.48076872601948,29.831247105699497],[-95.48091590958018,29.831383646831952],[-95.48092215238671,29.83139004702711],[-95.48092410533883,29.83139249659779],[-95.48094084486404,29.83141583656403],[-95.48096405445008,29.831442290766226],[-95.48098974055151,29.83146634765488],[-95.48101765677777,29.83148777646748],[-95.48104753534616,29.831506371650963],[-95.48105211437016,29.831508919204918],[-95.48105862828788,29.83151438421269],[-95.48121342393105,29.831657337328465],[-95.4813835563412,29.831814453039595],[-95.48156361121835,29.83198114436108],[-95.48161763695768,29.832031155985177],[-95.48162375592707,29.832037412179897],[-95.48162444805956,29.832046135866374],[-95.48162894132749,29.83219829740282],[-95.48162901060924,29.8322004291282],[-95.48163686674656,29.832421905883994],[-95.48163693980753,29.83242449042311],[-95.48164137220489,29.832634873120767],[-95.48164562458243,29.83283668056168],[-95.48164536845972,29.83284556388917],[-95.48164426839267,29.832848794730673],[-95.48163460101713,29.832882493364707],[-95.48162826358482,29.832916973692974],[-95.48162531642271,29.83295190749209],[-95.48162578758523,29.832986962222034],[-95.48162967258735,29.833021804191613],[-95.48163693444715,29.833056101734932],[-95.4816475040379,29.83308952836858],[-95.4816612807461,29.833121765899453],[-95.48166746253366,29.83313304230907],[-95.48167212359293,29.83314268920324],[-95.48167256285329,29.833151576363406],[-95.48167237995114,29.833412181613475]]]}}]}