market,address,id,stored,classifier,candidate,confidence,reason,judgment
index,"201 E 26th St, Houston, Tx 77008",2131193248,Single Lot,Unknown,Unknown,unknown,assembled 2 lots -> needs_review; units=1 (one address); master_size=None (none); depth_ft=120.0; geometry=HCAD unique exact-address polygon; parcel=0350870330033; parcel_history=none,Retain stored label: classifier abstains; missing or inconclusive evidence is not a contradiction.
index,"1436 Dorothy St, Houston, Tx 77008",2131086163,Single Lot,Unknown,Unknown,unknown,assembled 2 lots -> needs_review; units=1 (one address); master_size=None (none); depth_ft=101.002; geometry=HCAD unique exact-address polygon; parcel=0391210000738; parcel_history=none,Retain stored label: classifier abstains; missing or inconclusive evidence is not a contradiction.
index,"934 Dorothy St, Houston, Tx 77008",2131360894,Single Lot,Split Lot,Split Lot,high,fragment only; units=1 (one address); master_size=None (none); depth_ft=120.2501; geometry=HCAD unique exact-address polygon; parcel=0600850100022; parcel_history=none,"Unresolved: classifier measures a deep fragment/replat parcel, but that does not prove two homes or invalidate a reviewed Single label. Obtain the plat; retain stored label."
index,"6005 N Main St, Houston, Tx 77009",2131018442,Single Lot,Split Lot,Split Lot,high,fragment only; units=1 (one address); master_size=None (none); depth_ft=160.9918; geometry=HCAD unique exact-address polygon; parcel=0060570000002; parcel_history=none,"Unresolved: classifier measures a deep fragment/replat parcel, but that does not prove two homes or invalidate a reviewed Single label. Obtain the plat; retain stored label."
index,"545 W 27th St, Houston, Tx 77008",2131143852,Single Lot,Split Lot,Split Lot,high,lot + fragment; units=1 (one address); master_size=None (none); depth_ft=131.0; geometry=HCAD unique exact-address polygon; parcel=0200140000025; parcel_history=none,"Unresolved: classifier measures a deep fragment/replat parcel, but that does not prove two homes or invalidate a reviewed Single label. Obtain the plat; retain stored label."
index,"527 W 27th St, Houston, Tx 77008",2131143861,Split Lot,Unknown,Unknown,unknown,assembled 2 lots -> needs_review; units=1 (one address); master_size=2 (25102310); depth_ft=130.9999; geometry=HCAD unique exact-address polygon; parcel=0200140000034; parcel_history=none,Retain stored label: classifier abstains; missing or inconclusive evidence is not a contradiction.
index,"520 W 24th St, Houston, Tx 77008",2131144336,Single Lot,Unknown,Unknown,unknown,assembled 2 lots -> needs_review; units=1 (one address); master_size=None (none); depth_ft=131.0; geometry=HCAD unique exact-address polygon; parcel=0200430000011; parcel_history=none,Retain stored label: classifier abstains; missing or inconclusive evidence is not a contradiction.
index,"714 W 23rd St, Houston, Tx 77008",2131144616,Single Lot,Split Lot,Split Lot,high,fragment only; units=1 (one address); master_size=None (none); depth_ft=100.2027; geometry=HCAD unique exact-address polygon; parcel=0200480000050; parcel_history=none,"Unresolved: classifier measures a deep fragment/replat parcel, but that does not prove two homes or invalidate a reviewed Single label. Obtain the plat; retain stored label."
index,"1300 Waverly St, Houston, Tx 77008",2131146866,Single Lot,Unknown,Unknown,unknown,no legal; units=1 (one address); master_size=None (none); depth_ft=None; geometry=ambiguous exact-address accounts; parcel=unavailable; parcel_history=none,Retain stored label: classifier abstains; missing or inconclusive evidence is not a contradiction.
index,"918 Tulane St, Houston, Tx 77008",2131149006,Single Lot,Split Lot,Split Lot,high,fragment only; units=1 (one address); master_size=None (none); depth_ft=131.8185; geometry=HCAD unique exact-address polygon; parcel=0202300000026; parcel_history=none,"Unresolved: classifier measures a deep fragment/replat parcel, but that does not prove two homes or invalidate a reviewed Single label. Obtain the plat; retain stored label."
index,"615 Allston St, Houston, Tx 77007",2131149358,Single Lot,Split Lot,Split Lot,high,fragment only; units=1 (one address); master_size=None (none); depth_ft=131.9988; geometry=HCAD unique exact-address polygon; parcel=0210060000037; parcel_history=none,"Unresolved: classifier measures a deep fragment/replat parcel, but that does not prove two homes or invalidate a reviewed Single label. Obtain the plat; retain stored label."
index,"616 E 5th St, Houston, Tx 77007",2131190507,Single Lot,Unknown,Split Lot,unknown,replat child; units=1 (one address); master_size=None (none); depth_ft=125.0111; geometry=HCAD unique exact-address polygon; parcel=0210380000001; parcel_history=none,Retain stored label: classifier abstains; missing or inconclusive evidence is not a contradiction.
index,"314 W 21st St, Houston, Tx 77008",2131186599,Split Lot,Unknown,Unknown,unknown,no legal; units=1 (one address); master_size=None (none); depth_ft=None; geometry=ambiguous exact-address accounts; parcel=unavailable; parcel_history=none,Retain stored label: classifier abstains; missing or inconclusive evidence is not a contradiction.
index,"713 E 26th St, Houston, Tx 77009",2131192874,Split Lot,Unknown,Unknown,unknown,assembled 2 lots -> needs_review; units=1 (one address); master_size=2 (25087111); depth_ft=120.4902; geometry=HCAD unique exact-address polygon; parcel=0350840280025; parcel_history=none,Retain stored label: classifier abstains; missing or inconclusive evidence is not a contradiction.
index,"344 Harvard St, Houston, Tx 77007",2131190693,Single Lot,Common Driveway,Common Driveway,high,fragment only; units=1 (one address); master_size=None (none); depth_ft=80.9999; geometry=HCAD unique exact-address polygon; parcel=0210430000025; parcel_history=none,Classifier provisionally preferred: short exact-address parcel plus subdivision/unit evidence supports common access; access still needs human confirmation.
index,"1402 W 14th St, Houston, Tx 77008",2131225773,Single Lot,Unknown,Unknown,unknown,assembled 2 lots -> needs_review; units=1 (one address); master_size=None (none); depth_ft=99.6501; geometry=HCAD unique exact-address polygon; parcel=0391270000026; parcel_history=none,Retain stored label: classifier abstains; missing or inconclusive evidence is not a contradiction.
index,"637 E 6th 1/2 St, Houston, Tx 77007",2131226721,Single Lot,Unknown,Split Lot,unknown,replat child; units=1 (one address); master_size=None (none); depth_ft=135.2857; geometry=HCAD unique exact-address polygon; parcel=0400460000017; parcel_history=none,Retain stored label: classifier abstains; missing or inconclusive evidence is not a contradiction.
index,"1310 Omar St, Houston, Tx 77008",2131241262,Single Lot,Unknown,Unknown,unknown,assembled 2 lots -> needs_review; units=1 (one address); master_size=None (none); depth_ft=125.2946; geometry=HCAD unique exact-address polygon; parcel=0350240460009; parcel_history=none,Retain stored label: classifier abstains; missing or inconclusive evidence is not a contradiction.
index,"1533 Herkimer St, Houston, Tx 77008",2131284485,Single Lot,Split Lot,Split Lot,high,lot + fragment; units=1 (one address); master_size=None (none); depth_ft=120.0007; geometry=HCAD unique exact-address polygon; parcel=0201440000029; parcel_history=none,"Unresolved: classifier measures a deep fragment/replat parcel, but that does not prove two homes or invalidate a reviewed Single label. Obtain the plat; retain stored label."
index,"1448 W 25th St, Houston, Tx 77008",2131330121,Single Lot,Split Lot,Split Lot,high,fragment only; units=1 (one address); master_size=None (none); depth_ft=151.0852; geometry=HCAD unique exact-address polygon; parcel=0561650000278; parcel_history=none,"Unresolved: classifier measures a deep fragment/replat parcel, but that does not prove two homes or invalidate a reviewed Single label. Obtain the plat; retain stored label."
index,"1330 W 24th St, Houston, Tx 77008",2131330283,Single Lot,Split Lot,Split Lot,high,fragment only; units=1 (one address); master_size=None (none); depth_ft=150.2135; geometry=HCAD unique exact-address polygon; parcel=0561650000372; parcel_history=none,"Unresolved: classifier measures a deep fragment/replat parcel, but that does not prove two homes or invalidate a reviewed Single label. Obtain the plat; retain stored label."
index,"1534 Beall St, Houston, Tx 77008",2131331686,Single Lot,Split Lot,Split Lot,high,fragment only; units=1 (one address); master_size=None (none); depth_ft=146.2453; geometry=HCAD unique exact-address polygon; parcel=0561670000387; parcel_history=none,"Unresolved: classifier measures a deep fragment/replat parcel, but that does not prove two homes or invalidate a reviewed Single label. Obtain the plat; retain stored label."
index,"614 E 26th St, Houston, Tx 77008",2131193931,Single Lot,Unknown,Unknown,unknown,assembled 2 lots -> needs_review; units=1 (one address); master_size=None (none); depth_ft=120.2149; geometry=HCAD unique exact-address polygon; parcel=0350900400006; parcel_history=none,Retain stored label: classifier abstains; missing or inconclusive evidence is not a contradiction.
index,"704 E 26th St, Houston, Tx 77009",2131194068,Single Lot,Common Driveway,Common Driveway,high,fragment only; units=1 (one address); master_size=None (none); depth_ft=74.9998; geometry=HCAD unique exact-address polygon; parcel=0350910410008; parcel_history=none,Classifier provisionally preferred: short exact-address parcel plus subdivision/unit evidence supports common access; access still needs human confirmation.
index,"830 E 26th St, Houston, Tx 77009",2131194125,Single Lot,Unknown,Unknown,unknown,assembled 2 lots -> needs_review; units=1 (one address); master_size=None (none); depth_ft=120.0007; geometry=HCAD unique exact-address polygon; parcel=0350910420014; parcel_history=none,Retain stored label: classifier abstains; missing or inconclusive evidence is not a contradiction.
index,"602 E 29th St, Houston, Tx 77008",2131207363,Single Lot,Unknown,Unknown,unknown,assembled 2 lots -> needs_review; units=1 (one address); master_size=None (none); depth_ft=120.4051; geometry=HCAD unique exact-address polygon; parcel=0350760110016; parcel_history=none,Retain stored label: classifier abstains; missing or inconclusive evidence is not a contradiction.
index,"608 E 29th St, Houston, Tx 77008",2131207382,Single Lot,Unknown,Unknown,unknown,assembled 4 lots -> needs_review; units=1 (one address); master_size=None (none); depth_ft=120.8094; geometry=HCAD unique exact-address polygon; parcel=0350760110018; parcel_history=none,Retain stored label: classifier abstains; missing or inconclusive evidence is not a contradiction.
index,"704 E 28th St, Houston, Tx 77009",2131208326,Single Lot,Common Driveway,Common Driveway,high,fragment only; units=1 (one address); master_size=None (none); depth_ft=92.542; geometry=HCAD unique exact-address polygon; parcel=0350810220008; parcel_history=none,Classifier provisionally preferred: short exact-address parcel plus subdivision/unit evidence supports common access; access still needs human confirmation.
index,"1006 E 28th St, Houston, Tx 77009",2131208502,Single Lot,Unknown,Unknown,unknown,assembled 2 lots -> needs_review; units=1 (one address); master_size=None (none); depth_ft=120.0; geometry=HCAD unique exact-address polygon; parcel=0350820240004; parcel_history=none,Retain stored label: classifier abstains; missing or inconclusive evidence is not a contradiction.
index,"1703 Yale St, Houston, Tx 77008",2131283678,Single Lot,Split Lot,Split Lot,high,fragment only; units=1 (one address); master_size=None (none); depth_ft=103.4027; geometry=HCAD unique exact-address polygon; parcel=0201150000048; parcel_history=none,"Unresolved: classifier measures a deep fragment/replat parcel, but that does not prove two homes or invalidate a reviewed Single label. Obtain the plat; retain stored label."
index,"1518 Herkimer St, Houston, Tx 77008",2131284475,Single Lot,Split Lot,Split Lot,high,lot + fragment; units=1 (one address); master_size=None (none); depth_ft=132.0002; geometry=HCAD unique exact-address polygon; parcel=0201440000011; parcel_history=none,"Unresolved: classifier measures a deep fragment/replat parcel, but that does not prove two homes or invalidate a reviewed Single label. Obtain the plat; retain stored label."
index,"122 Redan St, Houston, Tx 77009",2131318105,Single Lot,Unknown,Split Lot,unknown,replat child; units=1 (one address); master_size=None (none); depth_ft=127.0004; geometry=HCAD unique exact-address polygon; parcel=0342540000006; parcel_history=none,Retain stored label: classifier abstains; missing or inconclusive evidence is not a contradiction.
index,"1120 E 26th St, Houston, Tx 77009",2131318242,Split Lot,Unknown,Unknown,unknown,assembled 2 lots -> needs_review; units=1 (one address); master_size=2 (26013221); depth_ft=120.0051; geometry=HCAD unique exact-address polygon; parcel=0350920440012; parcel_history=none,Retain stored label: classifier abstains; missing or inconclusive evidence is not a contradiction.
index,"500 Aurora St, Houston, Tx 77008",2131318619,Single Lot,Unknown,Unknown,unknown,assembled 2 lots -> needs_review; units=1 (one address); master_size=None (none); depth_ft=120.0008; geometry=HCAD unique exact-address polygon; parcel=0350950500001; parcel_history=none,Retain stored label: classifier abstains; missing or inconclusive evidence is not a contradiction.
index,"1030 W 8th St, Houston, Tx 77007",2131383427,Single Lot,Unknown,Common Driveway,unknown,replat child; units=1 (one address); master_size=None (none); depth_ft=89.4144; geometry=HCAD unique exact-address polygon; parcel=0600950010004; parcel_history=none,Retain stored label: classifier abstains; missing or inconclusive evidence is not a contradiction.
index,"1230 W 26th St, Houston, Tx 77008",2131436719,Single Lot,Split Lot,Split Lot,high,fragment only; units=1 (one address); master_size=None (none); depth_ft=115.0001; geometry=HCAD unique exact-address polygon; parcel=0561630000103; parcel_history=none,"Unresolved: classifier measures a deep fragment/replat parcel, but that does not prove two homes or invalidate a reviewed Single label. Obtain the plat; retain stored label."
index,"310 E 25th St, Houston, Tx 77008",2131318733,Single Lot,Unknown,Unknown,unknown,assembled 2 lots -> needs_review; units=1 (one address); master_size=None (none); depth_ft=120.3263; geometry=HCAD unique exact-address polygon; parcel=0350980550005; parcel_history=none,Retain stored label: classifier abstains; missing or inconclusive evidence is not a contradiction.
index,"716 E 25th St, Houston, Tx 77008",2131318883,Single Lot,Unknown,Unknown,unknown,assembled 3 lots -> needs_review; units=1 (one address); master_size=None (none); depth_ft=120.0003; geometry=HCAD unique exact-address polygon; parcel=0351000590008; parcel_history=none,Retain stored label: classifier abstains; missing or inconclusive evidence is not a contradiction.
index,"110 Harris Ct, Houston, Tx 77009",2131378379,Single Lot,Unknown,Common Driveway,unknown,replat child; units=1 (one address); master_size=None (none); depth_ft=80.1227; geometry=HCAD unique exact-address polygon; parcel=0572570000010; parcel_history=none,Retain stored label: classifier abstains; missing or inconclusive evidence is not a contradiction.
index,"410 Merrill St, Houston, Tx 77009",2131421176,Single Lot,Unknown,Split Lot,unknown,replat child; units=1 (one address); master_size=None (none); depth_ft=128.3559; geometry=HCAD unique exact-address polygon; parcel=0503260000015; parcel_history=none,Retain stored label: classifier abstains; missing or inconclusive evidence is not a contradiction.
index,"310 Conoly St, Houston, Tx 77009",2131428357,Single Lot,Unknown,Split Lot,unknown,replat child; units=1 (one address); master_size=None (none); depth_ft=143.6264; geometry=HCAD unique exact-address polygon; parcel=0691180010003; parcel_history=none,Retain stored label: classifier abstains; missing or inconclusive evidence is not a contradiction.
index,"709 E 17th St, Houston, Tx 77008",2131432164,Single Lot,Unknown,Common Driveway,unknown,replat child; units=1 (one address); master_size=None (none); depth_ft=99.7824; geometry=HCAD unique exact-address polygon; parcel=0542950000034; parcel_history=none,Retain stored label: classifier abstains; missing or inconclusive evidence is not a contradiction.
index,"820 Waverly St A, Houston, TX 77007",pmt_820-waverly-st-a-77007,Split Lot,Unknown,Split Lot,unknown,no legal; units=2 (distinct address unit letters); master_size=None (none); depth_ft=None; geometry=unavailable; parcel=unavailable; parcel_history=none,Retain stored label: classifier abstains; missing or inconclusive evidence is not a contradiction.
index,"820 Waverly St B, Houston, TX 77007",pmt_820-waverly-st-b-77007,Split Lot,Unknown,Split Lot,unknown,no legal; units=2 (distinct address unit letters); master_size=None (none); depth_ft=None; geometry=unavailable; parcel=unavailable; parcel_history=none,Retain stored label: classifier abstains; missing or inconclusive evidence is not a contradiction.
index,"1811 Bonner St, Houston, TX 77007",pmt_1811-bonner-st-77007,Common Driveway,Unknown,Common Driveway,unknown,replat child; units=1 (one address); master_size=None (none); depth_ft=45.0002; geometry=HCAD unique exact-address polygon; parcel=1464940010002; parcel_history=none,Retain stored label: classifier abstains; missing or inconclusive evidence is not a contradiction.
index,"310 W 9th St, Houston, TX 77007",pmt_310-w-9th-st-77007,Split Lot,Unknown,Split Lot,unknown,replat child; units=1 (one address); master_size=2 (24067231); depth_ft=100.0001; geometry=HCAD unique exact-address polygon; parcel=1427070010001; parcel_history=none; measured depth within 0.01 ft of 100-ft boundary,Retain stored label: classifier abstains; missing or inconclusive evidence is not a contradiction.
index,"408 Columbia St, Houston, TX 77007",pmt_408-columbia-st-77007,Single Lot,Split Lot,Split Lot,high,"replat child; units=1 (one address); master_size=None (none); depth_ft=132.0001; geometry=HCAD unique exact-address polygon; parcel=1482430010001; parcel_history={'event': 'SPLIT', 'vintage': '2024_Oct->2025_Oct', 'parents': ['1414060010001'], 'children': ['1480720010001', '1480720010002', '1482440010001', '1482430010001', '1482430010002'], 'source': 'refresh/parcel_events.json'}","Unresolved: classifier measures a deep fragment/replat parcel, but that does not prove two homes or invalidate a reviewed Single label. Obtain the plat; retain stored label."
index,"410 Columbia St, Houston, TX 77007",pmt_410-columbia-st-77007,Single Lot,Split Lot,Split Lot,high,"replat child; units=1 (one address); master_size=None (none); depth_ft=131.9997; geometry=HCAD unique exact-address polygon; parcel=1482430010002; parcel_history={'event': 'SPLIT', 'vintage': '2024_Oct->2025_Oct', 'parents': ['1414060010001'], 'children': ['1480720010001', '1480720010002', '1482440010001', '1482430010001', '1482430010002'], 'source': 'refresh/parcel_events.json'}","Unresolved: classifier measures a deep fragment/replat parcel, but that does not prove two homes or invalidate a reviewed Single label. Obtain the plat; retain stored label."
index,"625 Oxford St, Houston, TX 77007",pmt_625-oxford-st-77007,Single Lot,Split Lot,Split Lot,high,"replat child; units=1 (one address); master_size=None (none); depth_ft=132.0005; geometry=HCAD unique exact-address polygon; parcel=1488260010002; parcel_history={'event': 'SPLIT', 'vintage': '2025_Oct->2026_Jul', 'parents': ['0210130000036'], 'children': ['1488260010002', '1488260010001'], 'source': 'refresh/parcel_events.json'}","Unresolved: classifier measures a deep fragment/replat parcel, but that does not prove two homes or invalidate a reviewed Single label. Obtain the plat; retain stored label."
index,"915 W 18th St B, Houston, TX 77008",pmt_915-w-18th-st-b-77008,Common Driveway,Unknown,Common Driveway,unknown,no legal; units=6 (distinct address unit letters); master_size=None (none); depth_ft=None; geometry=unavailable; parcel=unavailable; parcel_history=none,Retain stored label: classifier abstains; missing or inconclusive evidence is not a contradiction.
index,"1623 Blount St, Houston, TX 77008",pmt_1623-blount-st-77008,Single Lot,Unknown,Split Lot,unknown,replat child; units=1 (one address); master_size=None (none); depth_ft=100.0091; geometry=HCAD unique exact-address polygon; parcel=0542980000001; parcel_history=none,Retain stored label: classifier abstains; missing or inconclusive evidence is not a contradiction.
index,"409 E 27th St, Houston, TX 77008",pmt_409-e-27th-st-77008,Split Lot,Unknown,Unknown,unknown,no legal; units=1 (one address); master_size=2 (25105558); depth_ft=None; geometry=unavailable; parcel=unavailable; parcel_history=none,Retain stored label: classifier abstains; missing or inconclusive evidence is not a contradiction.
index,"629 E 26th St, Houston, TX 77008",pmt_629-e-26th-st-77008,Single Lot,Unknown,Unknown,unknown,assembled 2 lots -> needs_review; units=1 (one address); master_size=None (none); depth_ft=120.9974; geometry=HCAD unique exact-address polygon; parcel=0350850290026; parcel_history=none,Retain stored label: classifier abstains; missing or inconclusive evidence is not a contradiction.
index,"807 W 22nd St, Houston, TX 77008",pmt_807-w-22nd-st-77008,Split Lot,Unknown,Single Lot,unknown,"one whole lot; units=1 (one address); master_size=None (none); depth_ft=131.0002; geometry=HCAD unique exact-address polygon; parcel=0200470000041; parcel_history={'event': 'SPLIT', 'vintage': '2025_Oct->2026_Jul', 'parents': ['0200470000041'], 'children': ['0200470000041', '0200470000065'], 'source': 'refresh/parcel_events.json'}",Retain stored label: classifier abstains; missing or inconclusive evidence is not a contradiction.
index,"1410 Herkimer St, Houston, TX 77008",pmt_1410-herkimer-st-77008,Single Lot,Split Lot,Split Lot,high,lot + fragment; units=1 (one address); master_size=None (none); depth_ft=132.5366; geometry=HCAD unique exact-address polygon; parcel=0201450000013; parcel_history=none,"Unresolved: classifier measures a deep fragment/replat parcel, but that does not prove two homes or invalidate a reviewed Single label. Obtain the plat; retain stored label."
index,"1306 W 24th St F, Houston, TX 77008",pmt_1306-w-24th-st-f-77008,Common Driveway,Unknown,Common Driveway,unknown,no legal; units=6 (distinct address unit letters); master_size=6 (25049380); depth_ft=None; geometry=unavailable; parcel=unavailable; parcel_history=none,Retain stored label: classifier abstains; missing or inconclusive evidence is not a contradiction.
index,"1306 W 24th St E, Houston, TX 77008",pmt_1306-w-24th-st-e-77008,Common Driveway,Unknown,Common Driveway,unknown,no legal; units=6 (distinct address unit letters); master_size=6 (25049380); depth_ft=None; geometry=unavailable; parcel=unavailable; parcel_history=none,Retain stored label: classifier abstains; missing or inconclusive evidence is not a contradiction.
index,"1306 W 24th St D, Houston, TX 77008",pmt_1306-w-24th-st-d-77008,Common Driveway,Unknown,Common Driveway,unknown,no legal; units=6 (distinct address unit letters); master_size=6 (25049380); depth_ft=None; geometry=unavailable; parcel=unavailable; parcel_history=none,Retain stored label: classifier abstains; missing or inconclusive evidence is not a contradiction.
index,"1306 W 24th St C, Houston, TX 77008",pmt_1306-w-24th-st-c-77008,Common Driveway,Unknown,Common Driveway,unknown,no legal; units=6 (distinct address unit letters); master_size=6 (25049380); depth_ft=None; geometry=unavailable; parcel=unavailable; parcel_history=none,Retain stored label: classifier abstains; missing or inconclusive evidence is not a contradiction.
index,"1306 W 24th St B, Houston, TX 77008",pmt_1306-w-24th-st-b-77008,Common Driveway,Unknown,Common Driveway,unknown,no legal; units=6 (distinct address unit letters); master_size=6 (25049380); depth_ft=None; geometry=unavailable; parcel=unavailable; parcel_history=none,Retain stored label: classifier abstains; missing or inconclusive evidence is not a contradiction.
index,"1306 W 24th St A, Houston, TX 77008",pmt_1306-w-24th-st-a-77008,Common Driveway,Unknown,Common Driveway,unknown,no legal; units=6 (distinct address unit letters); master_size=6 (25049380); depth_ft=None; geometry=unavailable; parcel=unavailable; parcel_history=none,Retain stored label: classifier abstains; missing or inconclusive evidence is not a contradiction.
index,"433 W 23rd St, Houston, TX 77008",pmt_433-w-23rd-st-77008,Single Lot,Unknown,Unknown,unknown,assembled 3 lots -> needs_review; units=1 (one address); master_size=None (none); depth_ft=131.1129; geometry=HCAD unique exact-address polygon; parcel=0200420000034; parcel_history=none,Retain stored label: classifier abstains; missing or inconclusive evidence is not a contradiction.
index,"1343 Nashua St, Houston, TX 77008",pmt_1343-nashua-st-77008,Split Lot,Unknown,Common Driveway,unknown,"one whole lot; units=1 (one address); master_size=2 (25053861); depth_ft=99.9998; geometry=HCAD unique exact-address polygon; parcel=0391250000982; parcel_history={'event': 'SPLIT', 'vintage': '2025_Oct->2026_Jul', 'parents': ['0391250000982'], 'children': ['0391250001013', '0391250000982'], 'source': 'refresh/parcel_events.json'}; measured depth within 0.01 ft of 100-ft boundary",Retain stored label: classifier abstains; missing or inconclusive evidence is not a contradiction.
index,"2013 Sheldon St A, Houston, TX 77008",pmt_2013-sheldon-st-a-77008,Split Lot,Common Driveway,Common Driveway,high,"replat child; units=2 (distinct address unit letters); master_size=2 (25078195); depth_ft=95.5382; geometry=HCAD unique exact-address polygon; parcel=1492190010002; parcel_history={'event': 'SPLIT', 'vintage': '2025_Oct->2026_Jul', 'parents': ['0121720000002'], 'children': ['1492190010002', '1492190010001', '1492190010003'], 'source': 'refresh/parcel_events.json'}",Classifier provisionally preferred: short exact-address parcel plus subdivision/unit evidence supports common access; access still needs human confirmation.
index,"2013 Sheldon St B, Houston, TX 77008",pmt_2013-sheldon-st-b-77008,Split Lot,Common Driveway,Common Driveway,high,"replat child; units=2 (distinct address unit letters); master_size=2 (25078195); depth_ft=95.5384; geometry=HCAD unique exact-address polygon; parcel=1492190010001; parcel_history={'event': 'SPLIT', 'vintage': '2025_Oct->2026_Jul', 'parents': ['0121720000002'], 'children': ['1492190010002', '1492190010001', '1492190010003'], 'source': 'refresh/parcel_events.json'}",Classifier provisionally preferred: short exact-address parcel plus subdivision/unit evidence supports common access; access still needs human confirmation.
index,"930 Waverly St, Houston, TX 77008",pmt_930-waverly-st-77008,Single Lot,Unknown,Unknown,unknown,assembled 2 lots -> needs_review; units=1 (one address); master_size=None (none); depth_ft=132.2451; geometry=HCAD unique exact-address polygon; parcel=0202320000030; parcel_history=none,Retain stored label: classifier abstains; missing or inconclusive evidence is not a contradiction.
index,"529 W 27th St, Houston, TX 77008",pmt_529-w-27th-st-77008,Split Lot,Unknown,Unknown,unknown,no legal; units=1 (one address); master_size=2 (25102310); depth_ft=None; geometry=unavailable; parcel=unavailable; parcel_history=none,Retain stored label: classifier abstains; missing or inconclusive evidence is not a contradiction.
index,"1432 Alexander St, Houston, TX 77008",pmt_1432-alexander-st-77008,Split Lot,Unknown,Single Lot,unknown,"one whole lot; units=1 (one address); master_size=None (none); depth_ft=101.0003; geometry=HCAD unique exact-address polygon; parcel=0391220000855; parcel_history={'event': 'SPLIT', 'vintage': '2025_Oct->2026_Jul', 'parents': ['0391220000789'], 'children': ['0391220000855', '0391220000854', '0391220000789'], 'source': 'refresh/parcel_events.json'}",Retain stored label: classifier abstains; missing or inconclusive evidence is not a contradiction.
index,"711 E 25th St A, Houston, TX 77008",pmt_711-e-25th-st-a-77008,Split Lot,Unknown,Split Lot,unknown,no legal; units=2 (distinct address unit letters); master_size=2 (26011885); depth_ft=None; geometry=unavailable; parcel=unavailable; parcel_history=none,Retain stored label: classifier abstains; missing or inconclusive evidence is not a contradiction.
index,"711 E 25th St B, Houston, TX 77008",pmt_711-e-25th-st-b-77008,Split Lot,Unknown,Split Lot,unknown,no legal; units=2 (distinct address unit letters); master_size=2 (26011885); depth_ft=None; geometry=unavailable; parcel=unavailable; parcel_history=none,Retain stored label: classifier abstains; missing or inconclusive evidence is not a contradiction.
index,"1320 Alexander St A, Houston, TX 77008",pmt_1320-alexander-st-a-77008,Split Lot,Unknown,Split Lot,unknown,no legal; units=2 (distinct address unit letters); master_size=2 (26009078); depth_ft=None; geometry=unavailable; parcel=unavailable; parcel_history=none,Retain stored label: classifier abstains; missing or inconclusive evidence is not a contradiction.
index,"1320 Alexander St B, Houston, TX 77008",pmt_1320-alexander-st-b-77008,Split Lot,Unknown,Split Lot,unknown,no legal; units=2 (distinct address unit letters); master_size=2 (26009078); depth_ft=None; geometry=unavailable; parcel=unavailable; parcel_history=none,Retain stored label: classifier abstains; missing or inconclusive evidence is not a contradiction.
index,"918 Dorothy St, Houston, TX 77008",pmt_918-dorothy-st-77008,Single Lot,Split Lot,Split Lot,high,fragment only; units=1 (one address); master_size=None (none); depth_ft=142.1293; geometry=HCAD unique exact-address polygon; parcel=0600850100018; parcel_history=none,"Unresolved: classifier measures a deep fragment/replat parcel, but that does not prove two homes or invalidate a reviewed Single label. Obtain the plat; retain stored label."
index,"112 E 27th St A, Houston, TX 77008",pmt_112-e-27th-st-a-77008,Split Lot,Unknown,Unknown,unknown,no legal; units=1 (distinct address unit letters); master_size=2 (25071971); depth_ft=None; geometry=unavailable; parcel=unavailable; parcel_history=none,Retain stored label: classifier abstains; missing or inconclusive evidence is not a contradiction.
index,"705 E 13th St, Houston, TX 77008",pmt_705-e-13th-st-77008,Single Lot,Unknown,Split Lot,unknown,replat child; units=1 (one address); master_size=None (none); depth_ft=125.0899; geometry=HCAD unique exact-address polygon; parcel=0522740000023; parcel_history=none,Retain stored label: classifier abstains; missing or inconclusive evidence is not a contradiction.
index,"745 E 16th St, Houston, TX 77008",pmt_745-e-16th-st-77008,Single Lot,Unknown,Split Lot,unknown,replat child; units=1 (one address); master_size=None (none); depth_ft=101.5431; geometry=HCAD unique exact-address polygon; parcel=0542960000025; parcel_history=none,Retain stored label: classifier abstains; missing or inconclusive evidence is not a contradiction.
index,1322 Lawrence Street,act_1322-lawrence-street,Split Lot,Common Driveway,Common Driveway,high,"one whole lot; units=1 (one address); master_size=3 (25103369); depth_ft=101.0003; geometry=HCAD unique exact-address polygon; parcel=0391320000072; parcel_history={'event': 'SPLIT', 'vintage': '2025_Oct->2026_Jul', 'parents': ['0391320000009'], 'children': ['0391320000072', '0391320000071', '0391320000009'], 'source': 'refresh/parcel_events.json'}",Stored label preferred pending access/plat review: unit/master size alone does not prove common access on a full-depth parcel.
index,"1434 Herkimer St, Houston, TX 77008",pmt_1434-herkimer-st-77008,Single Lot,Split Lot,Split Lot,high,lot + fragment; units=1 (one address); master_size=None (none); depth_ft=133.272; geometry=HCAD unique exact-address polygon; parcel=0201450000002; parcel_history=none,"Unresolved: classifier measures a deep fragment/replat parcel, but that does not prove two homes or invalidate a reviewed Single label. Obtain the plat; retain stored label."
index,"902 Jewett St, Houston, TX 77009",pmt_902-jewett-st-77009,Single Lot,Unknown,Split Lot,unknown,fragment only; units=1 (one address); master_size=None (none); depth_ft=100.0002; geometry=HCAD unique exact-address polygon; parcel=0331300900008; parcel_history=none; measured depth within 0.01 ft of 100-ft boundary,Retain stored label: classifier abstains; missing or inconclusive evidence is not a contradiction.
index,"2811 Ave, Houston, TX 77009",pmt_2811-ave-77009,Single Lot,Unknown,Unknown,unknown,no legal; units=1 (one address); master_size=None (none); depth_ft=None; geometry=unavailable; parcel=unavailable; parcel_history=none,Retain stored label: classifier abstains; missing or inconclusive evidence is not a contradiction.
index,"1301 Tabor St, Houston, TX 77009",pmt_1301-tabor-st-77009,Single Lot,Unknown,Common Driveway,unknown,replat child; units=1 (one address); master_size=None (none); depth_ft=97.9006; geometry=HCAD unique exact-address polygon; parcel=0331420140005; parcel_history=none,Retain stored label: classifier abstains; missing or inconclusive evidence is not a contradiction.
index,"1008 E 28th St, Houston, TX 77009",pmt_1008-e-28th-st-77009,Single Lot,Unknown,Unknown,unknown,no legal; units=1 (one address); master_size=None (none); depth_ft=None; geometry=unavailable; parcel=unavailable; parcel_history=none,Retain stored label: classifier abstains; missing or inconclusive evidence is not a contradiction.
index,"1122 E 26th St, Houston, TX 77009",pmt_1122-e-26th-st-77009,Split Lot,Unknown,Unknown,unknown,no legal; units=1 (one address); master_size=2 (26013221); depth_ft=None; geometry=unavailable; parcel=unavailable; parcel_history=none,Retain stored label: classifier abstains; missing or inconclusive evidence is not a contradiction.
index,"1109 Voight St, Houston, TX 77009",pmt_1109-voight-st-77009,Single Lot,Unknown,Split Lot,unknown,one whole lot; units=1 (one address); master_size=2 (25069481); depth_ft=100.002; geometry=HCAD unique exact-address polygon; parcel=0512040020003; parcel_history=none; measured depth within 0.01 ft of 100-ft boundary,Retain stored label: classifier abstains; missing or inconclusive evidence is not a contradiction.
index,"1121 Louise St, Houston, TX 77009",pmt_1121-louise-st-77009,Split Lot,Unknown,Unknown,unknown,no legal; units=1 (one address); master_size=2 (26015303); depth_ft=None; geometry=unavailable; parcel=unavailable; parcel_history=none,Retain stored label: classifier abstains; missing or inconclusive evidence is not a contradiction.
index,"1906 Northwood St, Houston, TX 77009",pmt_1906-northwood-st-77009,Common Driveway,Unknown,Unknown,unknown,no legal; units=1 (one address); master_size=6 (25065655); depth_ft=None; geometry=unavailable; parcel=unavailable; parcel_history=none,Retain stored label: classifier abstains; missing or inconclusive evidence is not a contradiction.
index,"1910 Northwood St, Houston, TX 77009",pmt_1910-northwood-st-77009,Common Driveway,Unknown,Unknown,unknown,no legal; units=1 (one address); master_size=6 (25065655); depth_ft=None; geometry=unavailable; parcel=unavailable; parcel_history=none,Retain stored label: classifier abstains; missing or inconclusive evidence is not a contradiction.
index,"1914 Northwood St, Houston, TX 77009",pmt_1914-northwood-st-77009,Common Driveway,Unknown,Unknown,unknown,no legal; units=1 (one address); master_size=6 (25065655); depth_ft=None; geometry=unavailable; parcel=unavailable; parcel_history=none,Retain stored label: classifier abstains; missing or inconclusive evidence is not a contradiction.
index,"1918 Northwood St, Houston, TX 77009",pmt_1918-northwood-st-77009,Common Driveway,Unknown,Unknown,unknown,no legal; units=1 (one address); master_size=6 (25065655); depth_ft=None; geometry=unavailable; parcel=unavailable; parcel_history=none,Retain stored label: classifier abstains; missing or inconclusive evidence is not a contradiction.
index,"1107 E 24th St, Houston, TX 77009",pmt_1107-e-24th-st-77009,Split Lot,Common Driveway,Common Driveway,high,"replat child; units=1 (one address); master_size=3 (25066215); depth_ft=65.1821; geometry=HCAD unique exact-address polygon; parcel=1490540010001; parcel_history={'event': 'SPLIT', 'vintage': '2025_Oct->2026_Jul', 'parents': ['0351020630025'], 'children': ['1490540010002', '1490540010001', '1490540010003'], 'source': 'refresh/parcel_events.json'}",Classifier provisionally preferred: short exact-address parcel plus subdivision/unit evidence supports common access; access still needs human confirmation.
index,"1109 E 24th St, Houston, TX 77009",pmt_1109-e-24th-st-77009,Split Lot,Common Driveway,Common Driveway,high,"replat child; units=1 (one address); master_size=3 (25066215); depth_ft=65.3635; geometry=HCAD unique exact-address polygon; parcel=1490540010002; parcel_history={'event': 'SPLIT', 'vintage': '2025_Oct->2026_Jul', 'parents': ['0351020630025'], 'children': ['1490540010002', '1490540010001', '1490540010003'], 'source': 'refresh/parcel_events.json'}",Classifier provisionally preferred: short exact-address parcel plus subdivision/unit evidence supports common access; access still needs human confirmation.
index,"1104 Gibbs St, Houston, TX 77009",pmt_1104-gibbs-st-77009,Single Lot,Unknown,Unknown,unknown,no legal; units=1 (one address); master_size=3 (25066215); depth_ft=None; geometry=unavailable; parcel=unavailable; parcel_history=none,Retain stored label: classifier abstains; missing or inconclusive evidence is not a contradiction.
index,"826 E 27th St, Houston, TX 77009",pmt_826-e-27th-st-77009,Single Lot,Unknown,Unknown,unknown,assembled 2 lots -> needs_review; units=1 (one address); master_size=None (none); depth_ft=120.001; geometry=HCAD unique exact-address polygon; parcel=0350840270012; parcel_history=none,Retain stored label: classifier abstains; missing or inconclusive evidence is not a contradiction.
index,"702 Euclid St, Houston, TX 77009",pmt_702-euclid-st-77009,Single Lot,Unknown,Single Lot,unknown,"one whole lot; units=1 (one address); master_size=None (none); depth_ft=151.3001; geometry=HCAD unique exact-address polygon; parcel=0373020000008; parcel_history={'event': 'SPLIT', 'vintage': '2025_Oct->2026_Jul', 'parents': ['0373020000001'], 'children': ['0373020000008', '0373020000001'], 'source': 'refresh/parcel_events.json'}",Retain stored label: classifier abstains; missing or inconclusive evidence is not a contradiction.
index,"1137 Adele St, Houston, TX 77009",pmt_1137-adele-st-77009,Split Lot,Unknown,Split Lot,unknown,"replat child; units=1 (one address); master_size=None (none); depth_ft=100.0003; geometry=HCAD unique exact-address polygon; parcel=1496840010001; parcel_history={'event': 'SPLIT', 'vintage': '2025_Oct->2026_Jul', 'parents': ['0350120050001'], 'children': ['0350120050001', '1496840010001', '1496840010002'], 'source': 'refresh/parcel_events.json'}; measured depth within 0.01 ft of 100-ft boundary",Retain stored label: classifier abstains; missing or inconclusive evidence is not a contradiction.
index,"1314 E 28th St, Houston, TX 77009",pmt_1314-e-28th-st-77009,Single Lot,Unknown,Split Lot,unknown,replat child; units=1 (one address); master_size=None (none); depth_ft=100.0287; geometry=HCAD unique exact-address polygon; parcel=0580150000006; parcel_history=none,Retain stored label: classifier abstains; missing or inconclusive evidence is not a contradiction.
index,"409 Walton St A, Houston, TX 77009",pmt_409-walton-st-a-77009,Split Lot,Unknown,Common Driveway,unknown,"replat child; units=2 (distinct address unit letters); master_size=2 (25119945); depth_ft=99.9998; geometry=HCAD unique exact-address polygon; parcel=1498680010002; parcel_history={'event': 'SPLIT', 'vintage': '2025_Oct->2026_Jul', 'parents': ['0330780000011'], 'children': ['1498680010002', '1498680010001'], 'source': 'refresh/parcel_events.json'}; measured depth within 0.01 ft of 100-ft boundary",Retain stored label: classifier abstains; missing or inconclusive evidence is not a contradiction.
index,409 Walton Street Unit#B,act_409-walton-street-unit-b,Split Lot,Unknown,Split Lot,unknown,"replat child; units=2 (distinct address unit letters); master_size=2 (25119945); depth_ft=100.0001; geometry=HCAD unique exact-address polygon; parcel=1498680010001; parcel_history={'event': 'SPLIT', 'vintage': '2025_Oct->2026_Jul', 'parents': ['0330780000011'], 'children': ['1498680010002', '1498680010001'], 'source': 'refresh/parcel_events.json'}; measured depth within 0.01 ft of 100-ft boundary",Retain stored label: classifier abstains; missing or inconclusive evidence is not a contradiction.
index,"635 Mazal (Pvt) Ln, Houston, TX 77009",pmt_635-mazal-pvt-ln-77009,Common Driveway,Unknown,Unknown,unknown,no legal; units=1 (one address); master_size=3 (25114941); depth_ft=None; geometry=unavailable; parcel=unavailable; parcel_history=none,Retain stored label: classifier abstains; missing or inconclusive evidence is not a contradiction.
index,"1124 Robbie St, Houston, TX 77009",pmt_1124-robbie-st-77009,Split Lot,Unknown,Unknown,unknown,no legal; units=1 (one address); master_size=2 (26007129); depth_ft=None; geometry=unavailable; parcel=unavailable; parcel_history=none,Retain stored label: classifier abstains; missing or inconclusive evidence is not a contradiction.
index,"1135 Adele St, Houston, TX 77009",pmt_1135-adele-st-77009,Split Lot,Unknown,Split Lot,unknown,"replat child; units=1 (one address); master_size=None (none); depth_ft=100.0005; geometry=HCAD unique exact-address polygon; parcel=1496840010002; parcel_history={'event': 'SPLIT', 'vintage': '2025_Oct->2026_Jul', 'parents': ['0350120050001'], 'children': ['0350120050001', '1496840010001', '1496840010002'], 'source': 'refresh/parcel_events.json'}; measured depth within 0.01 ft of 100-ft boundary",Retain stored label: classifier abstains; missing or inconclusive evidence is not a contradiction.
index,"845 E 26th St, Houston, TX 77009",pmt_845-e-26th-st-77009,Single Lot,Unknown,Unknown,unknown,assembled 2 lots -> needs_review; units=1 (one address); master_size=None (none); depth_ft=120.0001; geometry=HCAD unique exact-address polygon; parcel=0350840270025; parcel_history=none,Retain stored label: classifier abstains; missing or inconclusive evidence is not a contradiction.
index,"940 Nadine St, Houston, TX 77009",pmt_940-nadine-st-77009,Single Lot,Unknown,Split Lot,unknown,"replat child; units=1 (one address); master_size=None (none); depth_ft=120.0276; geometry=HCAD unique exact-address polygon; parcel=0513450000001; parcel_history={'event': 'ASSEMBLY', 'vintage': '2025_Oct->2026_Jul', 'parents': ['0513450000001', '0351090820006'], 'children': ['0513450000001'], 'source': 'refresh/parcel_events.json'}",Retain stored label: classifier abstains; missing or inconclusive evidence is not a contradiction.
index,"934 Algregg St, Houston, TX 77009",pmt_934-algregg-st-77009,Split Lot,Unknown,Unknown,unknown,no legal; units=1 (one address); master_size=2 (26025617); depth_ft=None; geometry=unavailable; parcel=unavailable; parcel_history=none,Retain stored label: classifier abstains; missing or inconclusive evidence is not a contradiction.
index,"2036 Cortlandt St, Houston, Tx 77008",2131041898,Single Lot,Split Lot,Split Lot,high,fragment only; units=1 (one address); master_size=None (none); depth_ft=130.4496; geometry=HCAD unique exact-address polygon; parcel=0200650000022; parcel_history=none,"Unresolved: classifier measures a deep fragment/replat parcel, but that does not prove two homes or invalidate a reviewed Single label. Obtain the plat; retain stored label."
index,845 West 23rd Street,act_845-w-23,Single Lot,Unknown,Unknown,unknown,assembled 2 lots -> needs_review; units=1 (one address); master_size=None (none); depth_ft=131.475; geometry=HCAD unique exact-address polygon; parcel=0200460000024; parcel_history=none,Retain stored label: classifier abstains; missing or inconclusive evidence is not a contradiction.
index,231 E 26th Street,act_231-e-26,Single Lot,Unknown,Split Lot,unknown,replat child; units=1 (one address); master_size=None (none); depth_ft=120.0001; geometry=HCAD unique exact-address polygon; parcel=1427970010002; parcel_history=none,Retain stored label: classifier abstains; missing or inconclusive evidence is not a contradiction.
index,1315 Waverly Street,act_1315-waverly,Single Lot,Unknown,Single Lot,unknown,"one whole lot; units=1 (one address); master_size=None (none); depth_ft=132.0001; geometry=HCAD unique exact-address polygon; parcel=0201730000043; parcel_history={'event': 'SPLIT', 'vintage': '2024_Oct->2025_Oct', 'parents': ['0201730000011'], 'children': ['0201730000045', '0201730000044', '0201730000043', '0201730000011'], 'source': 'refresh/parcel_events.json'}",Retain stored label: classifier abstains; missing or inconclusive evidence is not a contradiction.
index,613 Wendel Street,act_613-wendel,Single Lot,Unknown,Split Lot,unknown,replat child; units=1 (one address); master_size=None (none); depth_ft=100.252; geometry=HCAD unique exact-address polygon; parcel=1483160010001; parcel_history=none,Retain stored label: classifier abstains; missing or inconclusive evidence is not a contradiction.
index,830 E 27th Street,act_830-e-27,Single Lot,Unknown,Unknown,unknown,no legal; units=1 (one address); master_size=None (none); depth_ft=None; geometry=ambiguous exact-address accounts; parcel=unavailable; parcel_history=none,Retain stored label: classifier abstains; missing or inconclusive evidence is not a contradiction.
index,902 E 25TH Street,act_902-e-25,Single Lot,Unknown,Unknown,unknown,assembled 2 lots -> needs_review; units=1 (one address); master_size=None (none); depth_ft=121.5822; geometry=HCAD unique exact-address polygon; parcel=0351010610001; parcel_history=none,Retain stored label: classifier abstains; missing or inconclusive evidence is not a contradiction.
index,920 E 25TH Street,act_920-e-25,Split Lot,Unknown,Unknown,unknown,assembled 2 lots -> needs_review; units=1 (one address); master_size=None (none); depth_ft=121.3567; geometry=HCAD unique exact-address polygon; parcel=0351010610010; parcel_history=none,Retain stored label: classifier abstains; missing or inconclusive evidence is not a contradiction.
index,1520 Nicholson Street,act_1520-nicholson,Single Lot,Unknown,Single Lot,unknown,"one whole lot; units=1 (one address); master_size=None (none); depth_ft=132.0561; geometry=HCAD unique exact-address polygon; parcel=0201430000023; parcel_history={'event': 'SPLIT', 'vintage': '2025_Oct->2026_Jul', 'parents': ['0201430000023'], 'children': ['0201430000023', '0201430000044'], 'source': 'refresh/parcel_events.json'}",Retain stored label: classifier abstains; missing or inconclusive evidence is not a contradiction.
index,1502 W 21st Street,act_1502-w-21,Split Lot,Single Lot,Single Lot,high,one whole lot; units=1 (one address); master_size=None (none); depth_ft=126.3479; geometry=HCAD unique exact-address polygon; parcel=0561660000237; parcel_history=none,Classifier provisionally preferred: exact-address original whole-lot legal and measured geometry; confirm access before changing stored label.
index,122 E 4th Street,act_122-e-4,Split Lot,Common Driveway,Common Driveway,high,"replat child; units=1 (one address); master_size=2 (25037476); depth_ft=82.0001; geometry=HCAD unique exact-address polygon; parcel=1486630010001; parcel_history={'event': 'SPLIT', 'vintage': '2025_Oct->2026_Jul', 'parents': ['0210440000027'], 'children': ['1486630010002', '1486630010001'], 'source': 'refresh/parcel_events.json'}",Classifier provisionally preferred: short exact-address parcel plus subdivision/unit evidence supports common access; access still needs human confirmation.
index,2603 JULIAN Street,act_2603-julian,Single Lot,Unknown,Split Lot,unknown,replat child; units=1 (one address); master_size=None (none); depth_ft=100.0283; geometry=HCAD unique exact-address polygon; parcel=0562890000003; parcel_history=none,Retain stored label: classifier abstains; missing or inconclusive evidence is not a contradiction.
index,3115 Beauchamp Street,act_3115-beauchamp,Single Lot,Unknown,Single Lot,unknown,"one whole lot; units=1 (one address); master_size=None (none); depth_ft=100.0001; geometry=HCAD unique exact-address polygon; parcel=0372720000016; parcel_history={'event': 'SPLIT', 'vintage': '2024_Oct->2025_Oct', 'parents': ['0372720000012'], 'children': ['0372720000016', '0372720000017'], 'source': 'refresh/parcel_events.json'}",Retain stored label: classifier abstains; missing or inconclusive evidence is not a contradiction.
index,623 E 13th Street,act_623-e-13,Single Lot,Unknown,Split Lot,unknown,replat child; units=1 (one address); master_size=None (none); depth_ft=126.6641; geometry=HCAD unique exact-address polygon; parcel=0522730000013; parcel_history=none,Retain stored label: classifier abstains; missing or inconclusive evidence is not a contradiction.
index,609 E 25th Street,act_609-e-25,Single Lot,Unknown,Unknown,unknown,assembled 2 lots -> needs_review; units=1 (one address); master_size=None (none); depth_ft=119.9993; geometry=HCAD unique exact-address polygon; parcel=0350950490021; parcel_history=none,Retain stored label: classifier abstains; missing or inconclusive evidence is not a contradiction.
index,603 E 23rd Street,act_603-e-23,Single Lot,Unknown,Unknown,unknown,assembled 2 lots -> needs_review; units=1 (one address); master_size=None (none); depth_ft=120.0003; geometry=HCAD unique exact-address polygon; parcel=0351050690021; parcel_history=none,Retain stored label: classifier abstains; missing or inconclusive evidence is not a contradiction.
index,1906 W 14th,act_1906-w-14,Single Lot,Unknown,Unknown,unknown,no legal; units=1 (one address); master_size=None (none); depth_ft=None; geometry=unavailable; parcel=unavailable; parcel_history=none,Retain stored label: classifier abstains; missing or inconclusive evidence is not a contradiction.
index,248 W 22nd Street,act_248-w-22,Single Lot,Unknown,Unknown,unknown,assembled 2 lots -> needs_review; units=1 (one address); master_size=None (none); depth_ft=141.0004; geometry=HCAD unique exact-address polygon; parcel=0200690000048; parcel_history=none,Retain stored label: classifier abstains; missing or inconclusive evidence is not a contradiction.
index,2434 White Oak Drive,act_2434-white-oak,Single Lot,Split Lot,Split Lot,high,"replat child; units=1 (one address); master_size=None (none); depth_ft=214.6549; geometry=HCAD unique exact-address polygon; parcel=1487040010001; parcel_history={'event': 'SPLIT', 'vintage': '2025_Oct->2026_Jul', 'parents': ['0561130020008'], 'children': ['1487040010002', '1487040010001'], 'source': 'refresh/parcel_events.json'}","Unresolved: classifier measures a deep fragment/replat parcel, but that does not prove two homes or invalidate a reviewed Single label. Obtain the plat; retain stored label."
index,1113 Voight Street,act_1113-voight,Single Lot,Unknown,Common Driveway,unknown,lot + fragment; units=1 (one address); master_size=2 (25069481); depth_ft=99.9998; geometry=HCAD unique exact-address polygon; parcel=0512040020001; parcel_history=none; measured depth within 0.01 ft of 100-ft boundary,Retain stored label: classifier abstains; missing or inconclusive evidence is not a contradiction.
index,1140 Waverly Street,act_1140-waverly,Single Lot,Split Lot,Split Lot,high,fragment only; units=1 (one address); master_size=None (none); depth_ft=100.2375; geometry=HCAD unique exact-address polygon; parcel=0202020000034; parcel_history=none,"Unresolved: classifier measures a deep fragment/replat parcel, but that does not prove two homes or invalidate a reviewed Single label. Obtain the plat; retain stored label."
index,2436 White Oak,act_2436-white-oak,Single Lot,Unknown,Unknown,unknown,no legal; units=1 (one address); master_size=None (none); depth_ft=None; geometry=unavailable; parcel=unavailable; parcel_history=none,Retain stored label: classifier abstains; missing or inconclusive evidence is not a contradiction.
index,1002 E 6TH 1/2 Street,act_1002-e-6-12,Single Lot,Common Driveway,Common Driveway,high,fragment only; units=1 (one address); master_size=None (none); depth_ft=90.888; geometry=HCAD unique exact-address polygon; parcel=0620740000001; parcel_history=none,Classifier provisionally preferred: short exact-address parcel plus subdivision/unit evidence supports common access; access still needs human confirmation.
index,616 Ridge Street,act_616-ridge,Single Lot,Split Lot,Split Lot,high,"replat child; units=1 (one address); master_size=None (none); depth_ft=100.2461; geometry=HCAD unique exact-address polygon; parcel=0611820070008; parcel_history={'event': 'SPLIT', 'vintage': '2024_Oct->2025_Oct', 'parents': ['0611820070008'], 'children': ['0611820070008', '1483560010001'], 'source': 'refresh/parcel_events.json'}","Unresolved: classifier measures a deep fragment/replat parcel, but that does not prove two homes or invalidate a reviewed Single label. Obtain the plat; retain stored label."
index,710 E 18th Street,act_710-e-18,Single Lot,Unknown,Split Lot,unknown,replat child; units=1 (one address); master_size=None (none); depth_ft=100.5607; geometry=HCAD unique exact-address polygon; parcel=0542940000003; parcel_history=none,Retain stored label: classifier abstains; missing or inconclusive evidence is not a contradiction.
index,1011 E 25th Street,act_1011-e-25,Single Lot,Unknown,Unknown,unknown,assembled 2 lots -> needs_review; units=1 (one address); master_size=None (none); depth_ft=120.1977; geometry=HCAD unique exact-address polygon; parcel=0350930460033; parcel_history=none,Retain stored label: classifier abstains; missing or inconclusive evidence is not a contradiction.
index,1016 E 27 th Street,act_1016-e-27,Single Lot,Unknown,Unknown,unknown,no legal; units=1 (one address); master_size=None (none); depth_ft=None; geometry=unavailable; parcel=unavailable; parcel_history=none,Retain stored label: classifier abstains; missing or inconclusive evidence is not a contradiction.
index,1303 Cordell Street Unit#B,act_1303-cordell-street-unit-b,Split Lot,Unknown,Split Lot,unknown,"replat child; units=2 (distinct address unit letters); master_size=2 (24116013); depth_ft=100.0003; geometry=HCAD unique exact-address polygon; parcel=1483830010001; parcel_history={'event': 'SPLIT', 'vintage': '2024_Oct->2025_Oct', 'parents': ['0331250790008'], 'children': ['1483830010002', '1483830010001'], 'source': 'refresh/parcel_events.json'}; measured depth within 0.01 ft of 100-ft boundary",Retain stored label: classifier abstains; missing or inconclusive evidence is not a contradiction.
index,1218 Prince Street,act_1218-prince-street,Split Lot,Unknown,Unknown,unknown,no legal; units=1 (one address); master_size=None (none); depth_ft=None; geometry=unavailable; parcel=unavailable; parcel_history=none,Retain stored label: classifier abstains; missing or inconclusive evidence is not a contradiction.
index,1122 E 27TH ST Unit#B,act_1122-e-27th-st-unit-b,Split Lot,Unknown,Split Lot,unknown,no legal; units=2 (distinct address unit letters); master_size=None (none); depth_ft=None; geometry=unavailable; parcel=unavailable; parcel_history=none,Retain stored label: classifier abstains; missing or inconclusive evidence is not a contradiction.
index,805 W 22nd Street,act_805-w-22nd-street,Split Lot,Unknown,Single Lot,unknown,"one whole lot; units=1 (one address); master_size=None (none); depth_ft=131.0002; geometry=HCAD unique exact-address polygon; parcel=0200470000065; parcel_history={'event': 'SPLIT', 'vintage': '2025_Oct->2026_Jul', 'parents': ['0200470000041'], 'children': ['0200470000041', '0200470000065'], 'source': 'refresh/parcel_events.json'}",Retain stored label: classifier abstains; missing or inconclusive evidence is not a contradiction.
index,1434 Alexander Street,act_1434-alexander-street,Split Lot,Unknown,Single Lot,unknown,"one whole lot; units=1 (one address); master_size=None (none); depth_ft=101.0005; geometry=HCAD unique exact-address polygon; parcel=0391220000854; parcel_history={'event': 'SPLIT', 'vintage': '2025_Oct->2026_Jul', 'parents': ['0391220000789'], 'children': ['0391220000855', '0391220000854', '0391220000789'], 'source': 'refresh/parcel_events.json'}",Retain stored label: classifier abstains; missing or inconclusive evidence is not a contradiction.
index,227 E 26th Street,act_227-e-26th-street,Split Lot,Unknown,Split Lot,unknown,replat child; units=1 (one address); master_size=None (none); depth_ft=120.0002; geometry=HCAD unique exact-address polygon; parcel=1427970010001; parcel_history=none,Retain stored label: classifier abstains; missing or inconclusive evidence is not a contradiction.
index,1324 Lawrence Street,act_1324-lawrence-street,Split Lot,Common Driveway,Common Driveway,high,"one whole lot; units=1 (one address); master_size=3 (25103369); depth_ft=101.0004; geometry=HCAD unique exact-address polygon; parcel=0391320000071; parcel_history={'event': 'SPLIT', 'vintage': '2025_Oct->2026_Jul', 'parents': ['0391320000009'], 'children': ['0391320000072', '0391320000071', '0391320000009'], 'source': 'refresh/parcel_events.json'}",Stored label preferred pending access/plat review: unit/master size alone does not prove common access on a full-depth parcel.
index,711 E 26TH Street,act_711-e-26th-street,Split Lot,Unknown,Unknown,unknown,no legal; units=1 (one address); master_size=2 (25087111); depth_ft=None; geometry=unavailable; parcel=unavailable; parcel_history=none,Retain stored label: classifier abstains; missing or inconclusive evidence is not a contradiction.
index,318 W 21st Street,act_318-w-21st-street,Split Lot,Unknown,Unknown,unknown,no legal; units=1 (one address); master_size=None (none); depth_ft=None; geometry=unavailable; parcel=unavailable; parcel_history=none,Retain stored label: classifier abstains; missing or inconclusive evidence is not a contradiction.
index,112 E 27th Street,act_112-e-27th-street,Split Lot,Unknown,Unknown,unknown,assembled 2 lots -> needs_review; units=1 (one address); master_size=2 (25071971); depth_ft=120.253; geometry=HCAD unique exact-address polygon; parcel=0350870340010; parcel_history=none,Retain stored label: classifier abstains; missing or inconclusive evidence is not a contradiction.
index,611 E 25th Street Unit#B,act_611-e-25th-street-unit-b,Split Lot,Unknown,Split Lot,unknown,no legal; units=2 (distinct address unit letters); master_size=2 (25071975); depth_ft=None; geometry=unavailable; parcel=unavailable; parcel_history=none,Retain stored label: classifier abstains; missing or inconclusive evidence is not a contradiction.
index,710 Waverly Street Unit#D,act_710-waverly-street-unit-d,Split Lot,Common Driveway,Common Driveway,high,replat child; units=4 (distinct address unit letters); master_size=None (none); depth_ft=132.0002; geometry=HCAD unique exact-address polygon; parcel=1454800010002; parcel_history=none,Stored label preferred pending access/plat review: unit/master size alone does not prove common access on a full-depth parcel.
index,335 Harvard Street,act_335-harvard-street,Split Lot,Common Driveway,Common Driveway,high,"replat child; units=1 (one address); master_size=None (none); depth_ft=82.0002; geometry=HCAD unique exact-address polygon; parcel=1486630010002; parcel_history={'event': 'SPLIT', 'vintage': '2025_Oct->2026_Jul', 'parents': ['0210440000027'], 'children': ['1486630010002', '1486630010001'], 'source': 'refresh/parcel_events.json'}",Classifier provisionally preferred: short exact-address parcel plus subdivision/unit evidence supports common access; access still needs human confirmation.
index,1504 W 21st Street,act_1504-w-21st-street,Split Lot,Unknown,Unknown,unknown,no legal; units=1 (one address); master_size=None (none); depth_ft=None; geometry=unavailable; parcel=unavailable; parcel_history=none,Retain stored label: classifier abstains; missing or inconclusive evidence is not a contradiction.
index,312 w 9th St,act_312-w-9th-st,Split Lot,Unknown,Split Lot,unknown,replat child; units=1 (one address); master_size=2 (24067231); depth_ft=100.0001; geometry=HCAD unique exact-address polygon; parcel=1427070010002; parcel_history=none; measured depth within 0.01 ft of 100-ft boundary,Retain stored label: classifier abstains; missing or inconclusive evidence is not a contradiction.
index,816 W 17TH Street,act_816-w-17th-street,Split Lot,Unknown,Unknown,unknown,no legal; units=1 (one address); master_size=2 (25107135); depth_ft=None; geometry=unavailable; parcel=unavailable; parcel_history=none,Retain stored label: classifier abstains; missing or inconclusive evidence is not a contradiction.
index,1326 Lawrence Street,act_1326-lawrence-street,Split Lot,Common Driveway,Common Driveway,high,"one whole lot; units=1 (one address); master_size=3 (25103369); depth_ft=101.0004; geometry=HCAD unique exact-address polygon; parcel=0391320000009; parcel_history={'event': 'SPLIT', 'vintage': '2025_Oct->2026_Jul', 'parents': ['0391320000009'], 'children': ['0391320000072', '0391320000071', '0391320000009'], 'source': 'refresh/parcel_events.json'}",Stored label preferred pending access/plat review: unit/master size alone does not prove common access on a full-depth parcel.
index,815 Lawrence Street Unit#A,act_815-lawrence-street-unit-a,Split Lot,Unknown,Single Lot,unknown,"one whole lot; units=1 (distinct address unit letters); master_size=None (none); depth_ft=100.0323; geometry=HCAD unique exact-address polygon; parcel=0621980020034; parcel_history={'event': 'SPLIT', 'vintage': '2025_Oct->2026_Jul', 'parents': ['0621980020034'], 'children': ['0621980020034', '0621980020095'], 'source': 'refresh/parcel_events.json'}",Retain stored label: classifier abstains; missing or inconclusive evidence is not a contradiction.
index,611 E 25th Street Unit#A,act_611-e-25th-street-unit-a,Split Lot,Unknown,Split Lot,unknown,no legal; units=2 (distinct address unit letters); master_size=2 (25071975); depth_ft=None; geometry=unavailable; parcel=unavailable; parcel_history=none,Retain stored label: classifier abstains; missing or inconclusive evidence is not a contradiction.
index,602 Jewett Street Unit#B,act_602-jewett-street-unit-b,Split Lot,Common Driveway,Common Driveway,high,"replat child; units=2 (distinct address unit letters); master_size=None (none); depth_ft=60.0; geometry=HCAD unique exact-address polygon; parcel=1482900010001; parcel_history={'event': 'SPLIT', 'vintage': '2024_Oct->2025_Oct', 'parents': ['0331150630008'], 'children': ['1482900010001', '1482900010002'], 'source': 'refresh/parcel_events.json'}",Classifier provisionally preferred: short exact-address parcel plus subdivision/unit evidence supports common access; access still needs human confirmation.
index,"1922 Northwood St, Houston, TX 77009",pmt_1922-northwood-st-77009,Common Driveway,Unknown,Unknown,unknown,no legal; units=1 (one address); master_size=6 (25065655); depth_ft=None; geometry=unavailable; parcel=unavailable; parcel_history=none,Retain stored label: classifier abstains; missing or inconclusive evidence is not a contradiction.
index,"1926 Northwood St, Houston, TX 77009",pmt_1926-northwood-st-77009,Common Driveway,Unknown,Unknown,unknown,no legal; units=1 (one address); master_size=6 (25065655); depth_ft=None; geometry=unavailable; parcel=unavailable; parcel_history=none,Retain stored label: classifier abstains; missing or inconclusive evidence is not a contradiction.
index,"318 W 21st St B (est), Houston, TX 77008",pmt_318b-w-21st-st-77008,Split Lot,Unknown,Unknown,unknown,no legal; units=1 (one address); master_size=None (none); depth_ft=None; geometry=unavailable; parcel=unavailable; parcel_history=none,Retain stored label: classifier abstains; missing or inconclusive evidence is not a contradiction.
index,"922 Prince St, Houston, Tx 77008",2131538328,Single Lot,Unknown,Split Lot,unknown,replat child; units=1 (one address); master_size=None (none); depth_ft=121.2455; geometry=HCAD unique exact-address polygon; parcel=0771820140009; parcel_history=none,Retain stored label: classifier abstains; missing or inconclusive evidence is not a contradiction.
index,"1023 Nashua St, Houston, Tx 77008",2131538429,Single Lot,Unknown,Split Lot,unknown,replat child; units=1 (one address); master_size=None (none); depth_ft=127.7202; geometry=HCAD unique exact-address polygon; parcel=0771820140028; parcel_history=none,Retain stored label: classifier abstains; missing or inconclusive evidence is not a contradiction.
index,"911 Bay Oaks Rd, Houston, Tx 77008",2131538680,Single Lot,Unknown,Split Lot,unknown,replat child; units=1 (one address); master_size=None (none); depth_ft=129.9757; geometry=HCAD unique exact-address polygon; parcel=0771820160009; parcel_history=none,Retain stored label: classifier abstains; missing or inconclusive evidence is not a contradiction.
index,"1510 Glen Oaks St, Houston, Tx 77008",2131538725,Single Lot,Unknown,Split Lot,unknown,replat child; units=1 (one address); master_size=None (none); depth_ft=119.3305; geometry=HCAD unique exact-address polygon; parcel=0771820170003; parcel_history=none,Retain stored label: classifier abstains; missing or inconclusive evidence is not a contradiction.
index,"822 Nashua St, Houston, TX 77008",pmt_822-nashua-st-77008,Single Lot,Unknown,Split Lot,unknown,replat child; units=1 (one address); master_size=None (none); depth_ft=134.81; geometry=HCAD unique exact-address polygon; parcel=0771820130025; parcel_history=none,Retain stored label: classifier abstains; missing or inconclusive evidence is not a contradiction.
index,"1118 Worthshire St, Houston, TX 77008",pmt_1118-worthshire-st-77008,Single Lot,Unknown,Split Lot,unknown,replat child; units=1 (one address); master_size=None (none); depth_ft=122.0542; geometry=HCAD unique exact-address polygon; parcel=0771810090009; parcel_history=none,Retain stored label: classifier abstains; missing or inconclusive evidence is not a contradiction.
index,"728 Euclid St, Houston, TX 77009",pmt_728-euclid-st-77009,Single Lot,Unknown,Single Lot,unknown,"one whole lot; units=1 (one address); master_size=None (none); depth_ft=75.6001; geometry=HCAD unique exact-address polygon; parcel=1497370010001; parcel_history={'event': 'SPLIT', 'vintage': '2025_Oct->2026_Jul', 'parents': ['0373020000007'], 'children': ['1497370010002', '1497370010001'], 'source': 'refresh/parcel_events.json'}",Retain stored label: classifier abstains; missing or inconclusive evidence is not a contradiction.
index,"625 Merrill St, Houston, TX 77009",pmt_625-merrill-st-77009,Single Lot,Unknown,Split Lot,unknown,replat child; units=1 (one address); master_size=None (none); depth_ft=123.6537; geometry=HCAD unique exact-address polygon; parcel=0371050000014; parcel_history=none,Retain stored label: classifier abstains; missing or inconclusive evidence is not a contradiction.
index,"627 Mazal (Pvt) Ln, Houston, TX 77009",pmt_627-mazal-pvt-ln-77009,Single Lot,Unknown,Unknown,unknown,no legal; units=1 (one address); master_size=3 (25114941); depth_ft=None; geometry=unavailable; parcel=unavailable; parcel_history=none,Retain stored label: classifier abstains; missing or inconclusive evidence is not a contradiction.
index,"841 Rutland St, Houston, Tx 77007",2131044972,Single Lot,Split Lot,Split Lot,high,lot + fragment; units=1 (one address); master_size=None (none); depth_ft=132.0693; geometry=HCAD unique exact-address polygon; parcel=0202390000002; parcel_history=none,"Unresolved: classifier measures a deep fragment/replat parcel, but that does not prove two homes or invalidate a reviewed Single label. Obtain the plat; retain stored label."
index,"1624 Heights Blvd, Houston, Tx 77008",2131283630,Single Lot,Split Lot,Split Lot,high,lot + fragment; units=1 (one address); master_size=None (none); depth_ft=150.1747; geometry=HCAD unique exact-address polygon; parcel=0201130000017; parcel_history=none,"Unresolved: classifier measures a deep fragment/replat parcel, but that does not prove two homes or invalidate a reviewed Single label. Obtain the plat; retain stored label."
index,"303 Bayland Ave, Houston, Tx 77009",2131208578,Single Lot,Split Lot,Split Lot,high,fragment only; units=1 (one address); master_size=None (none); depth_ft=101.1009; geometry=HCAD unique exact-address polygon; parcel=0372710000001; parcel_history=none,"Unresolved: classifier measures a deep fragment/replat parcel, but that does not prove two homes or invalidate a reviewed Single label. Obtain the plat; retain stored label."
index,"2715 Houston Ave, Houston, Tx 77009",2131156653,Single Lot,Unknown,Split Lot,unknown,replat child; units=1 (one address); master_size=None (none); depth_ft=116.8545; geometry=HCAD unique exact-address polygon; parcel=0533000000005; parcel_history=none,Retain stored label: classifier abstains; missing or inconclusive evidence is not a contradiction.
index,"1818 N Shepherd Dr, Houston, Tx 77008",2131187480,Single Lot,Split Lot,Split Lot,high,fragment only; units=1 (one address); master_size=None (none); depth_ft=102.1975; geometry=HCAD unique exact-address polygon; parcel=0200940000021; parcel_history=none,"Unresolved: classifier measures a deep fragment/replat parcel, but that does not prove two homes or invalidate a reviewed Single label. Obtain the plat; retain stored label."
index,"820 E 29th St, Houston, Tx 77009",2131207218,Single Lot,Unknown,Unknown,unknown,assembled 2 lots -> needs_review; units=1 (one address); master_size=None (none); depth_ft=120.0001; geometry=HCAD unique exact-address polygon; parcel=0350750090073; parcel_history=none,Retain stored label: classifier abstains; missing or inconclusive evidence is not a contradiction.
index,"1516 Lawrence St, Houston, Tx 77008",2131218924,Single Lot,Unknown,Unknown,unknown,assembled 2 lots -> needs_review; units=1 (one address); master_size=None (none); depth_ft=100.1424; geometry=HCAD unique exact-address polygon; parcel=0391140000400; parcel_history=none,Retain stored label: classifier abstains; missing or inconclusive evidence is not a contradiction.
index,"930 Dorothy St, Houston, Tx 77008",2131360892,Single Lot,Split Lot,Split Lot,high,fragment only; units=1 (one address); master_size=None (none); depth_ft=120.2493; geometry=HCAD unique exact-address polygon; parcel=0600850100021; parcel_history=none,"Unresolved: classifier measures a deep fragment/replat parcel, but that does not prove two homes or invalidate a reviewed Single label. Obtain the plat; retain stored label."
index,2924 Watson Street,act_2924-watson-street,Single Lot,Unknown,Single Lot,unknown,"one whole lot; units=1 (one address); master_size=None (none); depth_ft=75.6004; geometry=HCAD unique exact-address polygon; parcel=1497370010002; parcel_history={'event': 'SPLIT', 'vintage': '2025_Oct->2026_Jul', 'parents': ['0373020000007'], 'children': ['1497370010002', '1497370010001'], 'source': 'refresh/parcel_events.json'}",Retain stored label: classifier abstains; missing or inconclusive evidence is not a contradiction.
index,833 W 25th Street,act_833-w-25th-street,Split Lot,Unknown,Single Lot,unknown,"one whole lot; units=1 (one address); master_size=None (none); depth_ft=131.0001; geometry=HCAD unique exact-address polygon; parcel=0200310000066; parcel_history={'event': 'SPLIT', 'vintage': '2025_Oct->2026_Jul', 'parents': ['0200310000027'], 'children': ['0200310000066', '0200310000027'], 'source': 'refresh/parcel_events.json'}",Retain stored label: classifier abstains; missing or inconclusive evidence is not a contradiction.
index,741 W 21st Street Unit#A,act_741-w-21st-street-unit-a,Split Lot,Unknown,Unknown,unknown,no legal; units=1 (distinct address unit letters); master_size=None (none); depth_ft=None; geometry=unavailable; parcel=unavailable; parcel_history=none,Retain stored label: classifier abstains; missing or inconclusive evidence is not a contradiction.
index,1122 E 27TH ST Unit#A,act_1122-e-27th-st-unit-a,Split Lot,Unknown,Split Lot,unknown,no legal; units=2 (distinct address unit letters); master_size=None (none); depth_ft=None; geometry=unavailable; parcel=unavailable; parcel_history=none,Retain stored label: classifier abstains; missing or inconclusive evidence is not a contradiction.
index,"906 W 20th St E, Houston, TX 77008",pmt_906-w-20th-st-e-77008,Common Driveway,Unknown,Common Driveway,unknown,no legal; units=5 (distinct address unit letters); master_size=None (none); depth_ft=None; geometry=unavailable; parcel=unavailable; parcel_history=none,Retain stored label: classifier abstains; missing or inconclusive evidence is not a contradiction.
index,"906 W 20th St F, Houston, TX 77008",pmt_906-w-20th-st-f-77008,Common Driveway,Unknown,Common Driveway,unknown,no legal; units=5 (distinct address unit letters); master_size=None (none); depth_ft=None; geometry=unavailable; parcel=unavailable; parcel_history=none,Retain stored label: classifier abstains; missing or inconclusive evidence is not a contradiction.
index,"906 W 20th St A, Houston, TX 77008",pmt_906-w-20th-st-a-77008,Common Driveway,Unknown,Common Driveway,unknown,no legal; units=5 (distinct address unit letters); master_size=None (none); depth_ft=None; geometry=unavailable; parcel=unavailable; parcel_history=none,Retain stored label: classifier abstains; missing or inconclusive evidence is not a contradiction.
index,"906 W 20th St B, Houston, TX 77008",pmt_906-w-20th-st-b-77008,Common Driveway,Unknown,Common Driveway,unknown,no legal; units=5 (distinct address unit letters); master_size=None (none); depth_ft=None; geometry=unavailable; parcel=unavailable; parcel_history=none,Retain stored label: classifier abstains; missing or inconclusive evidence is not a contradiction.
index,"906 W 20th St C, Houston, TX 77008",pmt_906-w-20th-st-c-77008,Common Driveway,Unknown,Common Driveway,unknown,no legal; units=5 (distinct address unit letters); master_size=None (none); depth_ft=None; geometry=unavailable; parcel=unavailable; parcel_history=none,Retain stored label: classifier abstains; missing or inconclusive evidence is not a contradiction.
index,"1336 Herkimer St, Houston, TX 77008",pmt_1336-herkimer-st-77008,Single Lot,Unknown,Unknown,unknown,assembled 2 lots -> needs_review; units=1 (one address); master_size=None (none); depth_ft=132.255; geometry=HCAD unique exact-address polygon; parcel=0201740000007; parcel_history=none,Retain stored label: classifier abstains; missing or inconclusive evidence is not a contradiction.
index,"914 W 16th St, Houston, TX 77008",pmt_914-w-16th-st-77008,Single Lot,Split Lot,Split Lot,high,fragment only; units=1 (one address); master_size=None (none); depth_ft=149.2879; geometry=HCAD unique exact-address polygon; parcel=0561680010004; parcel_history=none,"Unresolved: classifier measures a deep fragment/replat parcel, but that does not prove two homes or invalidate a reviewed Single label. Obtain the plat; retain stored label."
index,"214 Sylvester Rd, Houston, TX 77009",pmt_214-sylvester-rd-77009,Single Lot,Common Driveway,Common Driveway,high,replat child; units=1 (one address); master_size=5 (26021733); depth_ft=184.4165; geometry=HCAD unique exact-address polygon; parcel=0400770000094; parcel_history=none,Stored label preferred pending access/plat review: unit/master size alone does not prove common access on a full-depth parcel.
index,1002 E 25th Street,act_1002-e-25th-street,Single Lot,Unknown,Unknown,unknown,assembled 2 lots -> needs_review; units=1 (one address); master_size=None (none); depth_ft=121.2609; geometry=HCAD unique exact-address polygon; parcel=0351010610014; parcel_history=none,Retain stored label: classifier abstains; missing or inconclusive evidence is not a contradiction.
index,834 WAVERLY Street,act_834-waverly-street,Single Lot,Unknown,Unknown,unknown,no legal; units=1 (one address); master_size=None (none); depth_ft=None; geometry=unavailable; parcel=unavailable; parcel_history=none,Retain stored label: classifier abstains; missing or inconclusive evidence is not a contradiction.
index,830 WAVERLY Street,act_830-waverly-street,Single Lot,Unknown,Unknown,unknown,no legal; units=1 (one address); master_size=None (none); depth_ft=None; geometry=unavailable; parcel=unavailable; parcel_history=none,Retain stored label: classifier abstains; missing or inconclusive evidence is not a contradiction.
index,614 Ridge Street,act_614-ridge-street,Single Lot,Split Lot,Split Lot,high,"replat child; units=1 (one address); master_size=None (none); depth_ft=100.252; geometry=HCAD unique exact-address polygon; parcel=1483560010001; parcel_history={'event': 'SPLIT', 'vintage': '2024_Oct->2025_Oct', 'parents': ['0611820070008'], 'children': ['0611820070008', '1483560010001'], 'source': 'refresh/parcel_events.json'}","Unresolved: classifier measures a deep fragment/replat parcel, but that does not prove two homes or invalidate a reviewed Single label. Obtain the plat; retain stored label."
index,"1225 Ashland St A, Houston, TX 77008",pmt_1225-ashland-st-a-77008,Single Lot,Unknown,Unknown,unknown,no legal; units=1 (distinct address unit letters); master_size=None (none); depth_ft=None; geometry=unavailable; parcel=unavailable; parcel_history=none,Retain stored label: classifier abstains; missing or inconclusive evidence is not a contradiction.
index,"1922 Bonner St, Houston, TX 77007",pmt_1922-bonner-st-77007,Single Lot,Unknown,Split Lot,unknown,replat child; units=1 (one address); master_size=None (none); depth_ft=150.0021; geometry=HCAD unique exact-address polygon; parcel=0400310000027; parcel_history=none,Retain stored label: classifier abstains; missing or inconclusive evidence is not a contradiction.
montrose,"4522 Yoakum Boulevard, Houston, TX 77006",act_4522-yoakum-boulevard,Single Lot,Common Driveway,Common Driveway,high,replat child; units=1 (one address); master_size=2 (25089111); depth_ft=57.0328; geometry=HCAD unique exact-address polygon; parcel=1343790020006; parcel_history=none,Classifier provisionally preferred: short exact-address parcel plus subdivision/unit evidence supports common access; access still needs human confirmation.
montrose,"1517 Vermont Street #B, Houston, TX 77006",act_1517-vermont-street-b,Split Lot,Unknown,Common Driveway,unknown,replat child; units=1 (distinct address unit letters); master_size=None (none); depth_ft=55.4029; geometry=HCAD unique exact-address polygon; parcel=1464520010006; parcel_history=none,Retain stored label: classifier abstains; missing or inconclusive evidence is not a contradiction.
montrose,"1503 Vermont Street #D, Houston, TX 77006",act_1503-vermont-street-d,Split Lot,Common Driveway,Common Driveway,high,replat child; units=2 (distinct address unit letters); master_size=None (none); depth_ft=68.9924; geometry=HCAD unique exact-address polygon; parcel=1464520010026; parcel_history=none,Classifier provisionally preferred: short exact-address parcel plus subdivision/unit evidence supports common access; access still needs human confirmation.
montrose,"4526 Yoakum Boulevard, Houston, TX 77006",act_4526-yoakum-boulevard,Single Lot,Common Driveway,Common Driveway,high,replat child; units=1 (one address); master_size=2 (25089108); depth_ft=46.9591; geometry=HCAD unique exact-address polygon; parcel=1343790020008; parcel_history=none,Classifier provisionally preferred: short exact-address parcel plus subdivision/unit evidence supports common access; access still needs human confirmation.
montrose,"1105 Wilson St, Houston, TX 77019",act_1105-wilson-st,Split Lot,Common Driveway,Common Driveway,high,replat child; units=1 (one address); master_size=3 (25094784); depth_ft=50.0001; geometry=HCAD unique exact-address polygon; parcel=1490630010002; parcel_history=none,Classifier provisionally preferred: short exact-address parcel plus subdivision/unit evidence supports common access; access still needs human confirmation.
montrose,"1503 Vermont Street #A, Houston, TX 77006",act_1503-vermont-street-a,Split Lot,Common Driveway,Common Driveway,high,replat child; units=2 (distinct address unit letters); master_size=None (none); depth_ft=68.9927; geometry=HCAD unique exact-address polygon; parcel=1464520010023; parcel_history=none,Classifier provisionally preferred: short exact-address parcel plus subdivision/unit evidence supports common access; access still needs human confirmation.
montrose,"1107 Wilson St, Houston, TX 77019",act_1107-wilson-st,Split Lot,Common Driveway,Common Driveway,high,replat child; units=1 (one address); master_size=3 (25094784); depth_ft=50.0002; geometry=HCAD unique exact-address polygon; parcel=1490630010001; parcel_history=none,Classifier provisionally preferred: short exact-address parcel plus subdivision/unit evidence supports common access; access still needs human confirmation.
montrose,"1110 Peden Street #B, Houston, TX 77006",act_1110-peden-street-b,Split Lot,Unknown,Common Driveway,unknown,replat child; units=1 (distinct address unit letters); master_size=None (none); depth_ft=50.0005; geometry=HCAD unique exact-address polygon; parcel=1484300010002; parcel_history=none,Retain stored label: classifier abstains; missing or inconclusive evidence is not a contradiction.
montrose,"4207 Driscoll Street, Houston, TX 77098",act_4207-driscoll-street,Single Lot,Unknown,Common Driveway,unknown,replat child; units=1 (one address); master_size=None (none); depth_ft=61.6709; geometry=HCAD unique exact-address polygon; parcel=1488930010002; parcel_history=none,Retain stored label: classifier abstains; missing or inconclusive evidence is not a contradiction.
montrose,"1103 Wilson St, Houston, TX 77019",act_1103-wilson-st,Single Lot,Common Driveway,Common Driveway,high,replat child; units=1 (one address); master_size=3 (25094784); depth_ft=49.9998; geometry=HCAD unique exact-address polygon; parcel=1490630010003; parcel_history=none,Classifier provisionally preferred: short exact-address parcel plus subdivision/unit evidence supports common access; access still needs human confirmation.
montrose,"2027 Fairview Avenue, Houston, TX 77019",act_2027-fairview-avenue,Split Lot,Unknown,Unknown,unknown,no legal; units=1 (one address); master_size=None (none); depth_ft=None; geometry=unavailable; parcel=unavailable; parcel_history=none,Retain stored label: classifier abstains; missing or inconclusive evidence is not a contradiction.
montrose,"1515 Vermont Street #D, Houston, TX 77006",act_1515-vermont-street-d,Split Lot,Unknown,Unknown,unknown,no legal; units=1 (distinct address unit letters); master_size=None (none); depth_ft=None; geometry=unavailable; parcel=unavailable; parcel_history=none,Retain stored label: classifier abstains; missing or inconclusive evidence is not a contradiction.
montrose,"2412 ELMEN Street, Houston, TX 77019",act_2412-elmen-street,Split Lot,Unknown,Split Lot,unknown,replat child; units=1 (one address); master_size=2 (25092208); depth_ft=100.0002; geometry=HCAD unique exact-address polygon; parcel=0291720140002; parcel_history=none; measured depth within 0.01 ft of 100-ft boundary,Retain stored label: classifier abstains; missing or inconclusive evidence is not a contradiction.
montrose,"2209 Crocker, Houston, TX 77006",act_2209-crocker,Single Lot,Unknown,Unknown,unknown,no legal; units=1 (one address); master_size=None (none); depth_ft=None; geometry=unavailable; parcel=unavailable; parcel_history=none,Retain stored label: classifier abstains; missing or inconclusive evidence is not a contradiction.
montrose,"617 Bomar Street, Houston, TX 77006",act_617-bomar-street,Single Lot,Unknown,Unknown,unknown,no legal; units=1 (one address); master_size=None (none); depth_ft=None; geometry=unavailable; parcel=unavailable; parcel_history=none,Retain stored label: classifier abstains; missing or inconclusive evidence is not a contradiction.
montrose,"1817 BRANARD Street, Houston, TX 77098",act_1817-branard-street,Split Lot,Unknown,Unknown,unknown,no legal; units=1 (one address); master_size=2 (25116922); depth_ft=None; geometry=unavailable; parcel=unavailable; parcel_history=none,Retain stored label: classifier abstains; missing or inconclusive evidence is not a contradiction.
montrose,"1521 NEVADA Street, Houston, TX 77006",act_1521-nevada-street,Split Lot,Unknown,Unknown,unknown,no legal; units=1 (one address); master_size=None (none); depth_ft=None; geometry=unavailable; parcel=unavailable; parcel_history=none,Retain stored label: classifier abstains; missing or inconclusive evidence is not a contradiction.
montrose,"3909 DRISCOLL Street, Houston, TX 77098",act_3909-driscoll-street,Single Lot,Unknown,Unknown,unknown,no legal; units=1 (one address); master_size=2 (25104275); depth_ft=None; geometry=unavailable; parcel=unavailable; parcel_history=none,Retain stored label: classifier abstains; missing or inconclusive evidence is not a contradiction.
montrose,"1601 VERMONT Street, Houston, TX 77006",act_1601-vermont-street,Single Lot,Common Driveway,Common Driveway,high,replat child; units=1 (one address); master_size=2 (25086165); depth_ft=95.0003; geometry=HCAD unique exact-address polygon; parcel=1494460010001; parcel_history=none,Classifier provisionally preferred: short exact-address parcel plus subdivision/unit evidence supports common access; access still needs human confirmation.
montrose,"511 W Polk Street, Houston, TX 77019",act_511-w-polk-street,Split Lot,Unknown,Split Lot,unknown,replat child; units=1 (one address); master_size=None (none); depth_ft=100.356; geometry=HCAD unique exact-address polygon; parcel=1424530010001; parcel_history=none,Retain stored label: classifier abstains; missing or inconclusive evidence is not a contradiction.
montrose,"1907 SUL ROSS Street, Houston, TX 77098",act_1907-sul-ross-street,Single Lot,Unknown,Split Lot,unknown,replat child; units=1 (one address); master_size=None (none); depth_ft=125.0003; geometry=HCAD unique exact-address polygon; parcel=0382170000004; parcel_history=none,Retain stored label: classifier abstains; missing or inconclusive evidence is not a contradiction.
montrose,"1822 BRANARD Street #B, Houston, TX 77098",act_1822-branard-street-b,Single Lot,Split Lot,Split Lot,high,replat child; units=2 (distinct address unit letters); master_size=2 (25116311); depth_ft=150.0372; geometry=HCAD unique exact-address polygon; parcel=1498230010001; parcel_history=none,"Unresolved: classifier measures a deep fragment/replat parcel, but that does not prove two homes or invalidate a reviewed Single label. Obtain the plat; retain stored label."
montrose,"805 BOMAR Street, Houston, TX 77006",act_805-bomar-street,Single Lot,Unknown,Common Driveway,unknown,replat child; units=1 (one address); master_size=None (none); depth_ft=97.3958; geometry=HCAD unique exact-address polygon; parcel=0091020000002; parcel_history=none,Retain stored label: classifier abstains; missing or inconclusive evidence is not a contradiction.
montrose,"508 Willard Street, Houston, TX 77006",act_508-willard-street,Single Lot,Unknown,Split Lot,unknown,replat child; units=1 (one address); master_size=None (none); depth_ft=100.9236; geometry=HCAD unique exact-address polygon; parcel=0090990000007; parcel_history=none,Retain stored label: classifier abstains; missing or inconclusive evidence is not a contradiction.
montrose,"1204 W Drew Street, Houston, TX 77006",act_1204-w-drew-street,Single Lot,Unknown,Split Lot,unknown,replat child; units=1 (one address); master_size=None (none); depth_ft=100.0006; geometry=HCAD unique exact-address polygon; parcel=0370820000037; parcel_history=none,Retain stored label: classifier abstains; missing or inconclusive evidence is not a contradiction.
montrose,"1906 WOODHEAD Street, Houston, TX 77019",act_1906-woodhead-street,Single Lot,Unknown,Common Driveway,unknown,replat child; units=1 (one address); master_size=None (none); depth_ft=99.758; geometry=HCAD unique exact-address polygon; parcel=0520550280008; parcel_history=none,Retain stored label: classifier abstains; missing or inconclusive evidence is not a contradiction.
montrose,"1824 MARSHALL Street, Houston, TX 77098",act_1824-marshall-street,Single Lot,Unknown,Split Lot,unknown,replat child; units=1 (one address); master_size=None (none); depth_ft=125.4287; geometry=HCAD unique exact-address polygon; parcel=0542270000023; parcel_history=none,Retain stored label: classifier abstains; missing or inconclusive evidence is not a contradiction.
montrose,"1642 Norfolk Street, Houston, TX 77006",act_1642-norfolk-street,Single Lot,Unknown,Split Lot,unknown,replat child; units=1 (one address); master_size=None (none); depth_ft=121.1688; geometry=HCAD unique exact-address polygon; parcel=0392240050026; parcel_history=none,Retain stored label: classifier abstains; missing or inconclusive evidence is not a contradiction.
montrose,"1511 KIPLING Street, Houston, TX 77006",act_1511-kipling-street,Single Lot,Unknown,Split Lot,unknown,replat child; units=1 (one address); master_size=None (none); depth_ft=126.1193; geometry=HCAD unique exact-address polygon; parcel=0522240000007; parcel_history=none,Retain stored label: classifier abstains; missing or inconclusive evidence is not a contradiction.
montrose,"2415 Elmen Street, Houston, TX 77019",act_2415-elmen-street,Single Lot,Unknown,Common Driveway,unknown,replat child; units=1 (one address); master_size=None (none); depth_ft=98.635; geometry=HCAD unique exact-address polygon; parcel=0291680000004; parcel_history=none,Retain stored label: classifier abstains; missing or inconclusive evidence is not a contradiction.
montrose,"1606 Hazard Street, Houston, TX 77019",act_1606-hazard-street,Single Lot,Unknown,Split Lot,unknown,replat child; units=1 (one address); master_size=None (none); depth_ft=100.5259; geometry=HCAD unique exact-address polygon; parcel=0620520020017; parcel_history=none,Retain stored label: classifier abstains; missing or inconclusive evidence is not a contradiction.
montrose,"1523 Marshall Street, Houston, TX 77006",act_1523-marshall-street,Single Lot,Unknown,Split Lot,unknown,replat child; units=1 (one address); master_size=None (none); depth_ft=125.657; geometry=HCAD unique exact-address polygon; parcel=0522220000005; parcel_history=none,Retain stored label: classifier abstains; missing or inconclusive evidence is not a contradiction.
montrose,"1641 Hawthorne Street, Houston, TX 77006",act_1641-hawthorne-street,Single Lot,Unknown,Split Lot,unknown,replat child; units=1 (one address); master_size=None (none); depth_ft=107.5513; geometry=HCAD unique exact-address polygon; parcel=0540520040001; parcel_history=none,Retain stored label: classifier abstains; missing or inconclusive evidence is not a contradiction.
montrose,"10 COURTLANDT PLACE, Houston, TX 77006",pmt_10-courtlandt-place,Single Lot,Unknown,Split Lot,unknown,replat child; units=1 (one address); master_size=None (none); depth_ft=186.1019; geometry=HCAD unique exact-address polygon; parcel=0102490000006; parcel_history=none,Retain stored label: classifier abstains; missing or inconclusive evidence is not a contradiction.
montrose,"3412 AUDUBON PLACE, Houston, TX 77006",pmt_3412-audubon-place,Single Lot,Split Lot,Split Lot,high,replat child; units=1 (one address); master_size=None (none); depth_ft=150.4428; geometry=HCAD unique exact-address polygon; parcel=1218110020001; parcel_history=none,"Unresolved: classifier measures a deep fragment/replat parcel, but that does not prove two homes or invalidate a reviewed Single label. Obtain the plat; retain stored label."
montrose,"1323 SOUTH BLVD, Houston, TX 77006",pmt_1323-south-blvd,Single Lot,Unknown,Unknown,unknown,no legal; units=1 (one address); master_size=None (none); depth_ft=None; geometry=unavailable; parcel=unavailable; parcel_history=none,Retain stored label: classifier abstains; missing or inconclusive evidence is not a contradiction.
montrose,"1829 MARYLAND ST, Houston, TX 77006",pmt_1829-maryland-st,Single Lot,Unknown,Common Driveway,unknown,replat child; units=1 (one address); master_size=None (none); depth_ft=99.2019; geometry=HCAD unique exact-address polygon; parcel=0513840000029; parcel_history=none,Retain stored label: classifier abstains; missing or inconclusive evidence is not a contradiction.
montrose,"4528 YOAKUM BLVD, Houston, TX 77006",pmt_4528-yoakum-blvd,Single Lot,Common Driveway,Common Driveway,high,replat child; units=1 (one address); master_size=2 (25089108); depth_ft=46.3765; geometry=HCAD unique exact-address polygon; parcel=1343790020009; parcel_history=none,Classifier provisionally preferred: short exact-address parcel plus subdivision/unit evidence supports common access; access still needs human confirmation.
montrose,"4534 YOAKUM BLVD, Houston, TX 77006",pmt_4534-yoakum-blvd,Single Lot,Common Driveway,Common Driveway,high,replat child; units=1 (one address); master_size=None (none); depth_ft=51.8145; geometry=HCAD unique exact-address polygon; parcel=1343790020012; parcel_history=none,Classifier provisionally preferred: short exact-address parcel plus subdivision/unit evidence supports common access; access still needs human confirmation.
montrose,"4524 YOAKUM BLVD, Houston, TX 77006",pmt_4524-yoakum-blvd,Single Lot,Common Driveway,Common Driveway,high,replat child; units=1 (one address); master_size=None (none); depth_ft=57.0417; geometry=HCAD unique exact-address polygon; parcel=1343790020007; parcel_history=none,Classifier provisionally preferred: short exact-address parcel plus subdivision/unit evidence supports common access; access still needs human confirmation.
montrose,"1830 FAIRVIEW ST S, Houston, TX 77006",pmt_1830-fairview-st-s,Split Lot,Unknown,Unknown,unknown,no legal; units=1 (distinct address unit letters); master_size=None (none); depth_ft=None; geometry=unavailable; parcel=unavailable; parcel_history=none,Retain stored label: classifier abstains; missing or inconclusive evidence is not a contradiction.
montrose,"1828 FAIRVIEW ST, Houston, TX 77006",pmt_1828-fairview-st,Split Lot,Unknown,Unknown,unknown,no legal; units=1 (one address); master_size=None (none); depth_ft=None; geometry=unavailable; parcel=unavailable; parcel_history=none,Retain stored label: classifier abstains; missing or inconclusive evidence is not a contradiction.
montrose,"720 PEDEN ST, Houston, TX 77006",pmt_720-peden-st,Single Lot,Split Lot,Split Lot,high,replat child; units=1 (one address); master_size=2 (25121136); depth_ft=100.1117; geometry=HCAD unique exact-address polygon; parcel=1494330010001; parcel_history=none,"Unresolved: classifier measures a deep fragment/replat parcel, but that does not prove two homes or invalidate a reviewed Single label. Obtain the plat; retain stored label."
montrose,"4512 YOAKUM BLVD, Houston, TX 77006",pmt_4512-yoakum-blvd,Split Lot,Common Driveway,Common Driveway,high,replat child; units=1 (one address); master_size=2 (25089091); depth_ft=66.0491; geometry=HCAD unique exact-address polygon; parcel=1343790020001; parcel_history=none,Classifier provisionally preferred: short exact-address parcel plus subdivision/unit evidence supports common access; access still needs human confirmation.
montrose,"4514 YOAKUM BLVD, Houston, TX 77006",pmt_4514-yoakum-blvd,Single Lot,Common Driveway,Common Driveway,high,replat child; units=1 (one address); master_size=None (none); depth_ft=61.8394; geometry=HCAD unique exact-address polygon; parcel=1343790020002; parcel_history=none,Classifier provisionally preferred: short exact-address parcel plus subdivision/unit evidence supports common access; access still needs human confirmation.
montrose,"4516 YOAKUM BLVD, Houston, TX 77006",pmt_4516-yoakum-blvd,Split Lot,Common Driveway,Common Driveway,high,replat child; units=1 (one address); master_size=2 (25089117); depth_ft=57.5905; geometry=HCAD unique exact-address polygon; parcel=1343790020003; parcel_history=none,Classifier provisionally preferred: short exact-address parcel plus subdivision/unit evidence supports common access; access still needs human confirmation.
montrose,"4518 YOAKUM BLVD, Houston, TX 77006",pmt_4518-yoakum-blvd,Single Lot,Common Driveway,Common Driveway,high,replat child; units=1 (one address); master_size=2 (25089117); depth_ft=57.0151; geometry=HCAD unique exact-address polygon; parcel=1343790020004; parcel_history=none,Classifier provisionally preferred: short exact-address parcel plus subdivision/unit evidence supports common access; access still needs human confirmation.
montrose,"1202 W DREW ST, Houston, TX 77006",pmt_1202-w-drew-st,Single Lot,Unknown,Common Driveway,unknown,replat child; units=1 (one address); master_size=None (none); depth_ft=95.0007; geometry=HCAD unique exact-address polygon; parcel=1309360010005; parcel_history=none,Retain stored label: classifier abstains; missing or inconclusive evidence is not a contradiction.
montrose,"1304 WELCH ST, Houston, TX 77006",pmt_1304-welch-st,Single Lot,Unknown,Split Lot,unknown,replat child; units=1 (one address); master_size=None (none); depth_ft=100.0009; geometry=HCAD unique exact-address polygon; parcel=0370880000076; parcel_history=none,Retain stored label: classifier abstains; missing or inconclusive evidence is not a contradiction.
montrose,"419 LOVETT BLVD, Houston, TX 77006",pmt_419-lovett-blvd,Single Lot,Split Lot,Split Lot,high,replat child; units=1 (one address); master_size=None (none); depth_ft=170.4378; geometry=HCAD unique exact-address polygon; parcel=0262060060001; parcel_history=none,"Unresolved: classifier measures a deep fragment/replat parcel, but that does not prove two homes or invalidate a reviewed Single label. Obtain the plat; retain stored label."
montrose,"1417 VASSAR ST, Houston, TX 77006",pmt_1417-vassar-st,Single Lot,Split Lot,Split Lot,high,replat child; units=1 (one address); master_size=None (none); depth_ft=117.0727; geometry=HCAD unique exact-address polygon; parcel=0651080020011; parcel_history=none,"Unresolved: classifier measures a deep fragment/replat parcel, but that does not prove two homes or invalidate a reviewed Single label. Obtain the plat; retain stored label."
montrose,"1312 VASSAR ST, Houston, TX 77006",pmt_1312-vassar-st,Single Lot,Split Lot,Split Lot,high,replat child; units=1 (one address); master_size=None (none); depth_ft=151.2529; geometry=HCAD unique exact-address polygon; parcel=0651080010022; parcel_history=none,"Unresolved: classifier measures a deep fragment/replat parcel, but that does not prove two homes or invalidate a reviewed Single label. Obtain the plat; retain stored label."
montrose,"1223 W DREW ST, Houston, TX 77006",pmt_1223-w-drew-st,Single Lot,Unknown,Split Lot,unknown,replat child; units=1 (one address); master_size=None (none); depth_ft=100.3917; geometry=HCAD unique exact-address polygon; parcel=0370790000003; parcel_history=none,Retain stored label: classifier abstains; missing or inconclusive evidence is not a contradiction.
montrose,"1501 BONNIE BRAE ST, Houston, TX 77006",pmt_1501-bonnie-brae-st,Single Lot,Unknown,Split Lot,unknown,replat child; units=1 (one address); master_size=None (none); depth_ft=127.7597; geometry=HCAD unique exact-address polygon; parcel=0392230000010; parcel_history=none,Retain stored label: classifier abstains; missing or inconclusive evidence is not a contradiction.
montrose,"4520 YOAKUM BLVD, Houston, TX 77006",pmt_4520-yoakum-blvd,Split Lot,Common Driveway,Common Driveway,high,replat child; units=1 (one address); master_size=2 (25089111); depth_ft=57.0236; geometry=HCAD unique exact-address polygon; parcel=1343790020005; parcel_history=none,Classifier provisionally preferred: short exact-address parcel plus subdivision/unit evidence supports common access; access still needs human confirmation.
montrose,"1408 INDIANA ST A, Houston, TX 77006",pmt_1408-indiana-st-a,Split Lot,Common Driveway,Common Driveway,high,replat child; units=2 (distinct address unit letters); master_size=3 (25098277); depth_ft=62.5004; geometry=HCAD unique exact-address polygon; parcel=0180300110003; parcel_history=none,Classifier provisionally preferred: short exact-address parcel plus subdivision/unit evidence supports common access; access still needs human confirmation.
montrose,"1604 SUL ROSS ST, Houston, TX 77006",pmt_1604-sul-ross-st,Single Lot,Unknown,Split Lot,unknown,replat child; units=1 (one address); master_size=None (none); depth_ft=134.4996; geometry=HCAD unique exact-address polygon; parcel=0522590000019; parcel_history=none,Retain stored label: classifier abstains; missing or inconclusive evidence is not a contradiction.
montrose,"1603 VERMONT ST, Houston, TX 77006",pmt_1603-vermont-st,Single Lot,Common Driveway,Common Driveway,high,replat child; units=1 (one address); master_size=2 (25086165); depth_ft=95.0005; geometry=HCAD unique exact-address polygon; parcel=1494460010002; parcel_history=none,Classifier provisionally preferred: short exact-address parcel plus subdivision/unit evidence supports common access; access still needs human confirmation.
montrose,"4530 YOAKUM BLVD, Houston, TX 77006",pmt_4530-yoakum-blvd,Split Lot,Common Driveway,Common Driveway,high,replat child; units=1 (one address); master_size=2 (25089147); depth_ft=45.8818; geometry=HCAD unique exact-address polygon; parcel=1343790020010; parcel_history=none,Classifier provisionally preferred: short exact-address parcel plus subdivision/unit evidence supports common access; access still needs human confirmation.
montrose,"4532 YOAKUM BLVD, Houston, TX 77006",pmt_4532-yoakum-blvd,Single Lot,Common Driveway,Common Driveway,high,replat child; units=1 (one address); master_size=2 (25089147); depth_ft=45.3869; geometry=HCAD unique exact-address polygon; parcel=1343790020011; parcel_history=none,Classifier provisionally preferred: short exact-address parcel plus subdivision/unit evidence supports common access; access still needs human confirmation.
montrose,"1246 PEDEN ST A, Houston, TX 77006",pmt_1246-peden-st-a,Split Lot,Unknown,Split Lot,unknown,no legal; units=2 (distinct address unit letters); master_size=2 (25120079); depth_ft=None; geometry=unavailable; parcel=unavailable; parcel_history=none,Retain stored label: classifier abstains; missing or inconclusive evidence is not a contradiction.
montrose,"1246 PEDEN ST B, Houston, TX 77006",pmt_1246-peden-st-b,Single Lot,Unknown,Split Lot,unknown,no legal; units=2 (distinct address unit letters); master_size=2 (25120079); depth_ft=None; geometry=unavailable; parcel=unavailable; parcel_history=none,Retain stored label: classifier abstains; missing or inconclusive evidence is not a contradiction.
montrose,"1414 KIPLING ST, Houston, TX 77006",pmt_1414-kipling-st,Single Lot,Unknown,Split Lot,unknown,replat child; units=1 (one address); master_size=None (none); depth_ft=118.9324; geometry=HCAD unique exact-address polygon; parcel=0262040000007; parcel_history=none,Retain stored label: classifier abstains; missing or inconclusive evidence is not a contradiction.
montrose,"4404 YUPON ST, Houston, TX 77006",pmt_4404-yupon-st,Single Lot,Unknown,Common Driveway,unknown,replat child; units=1 (one address); master_size=None (none); depth_ft=58.0002; geometry=HCAD unique exact-address polygon; parcel=1487400010002; parcel_history=none,Retain stored label: classifier abstains; missing or inconclusive evidence is not a contradiction.
montrose,"1218 BOMAR ST, Houston, TX 77006",pmt_1218-bomar-st,Single Lot,Unknown,Split Lot,unknown,replat child; units=1 (one address); master_size=None (none); depth_ft=100.0004; geometry=HCAD unique exact-address polygon; parcel=0301470000080; parcel_history=none,Retain stored label: classifier abstains; missing or inconclusive evidence is not a contradiction.
montrose,"608 PEDEN ST, Houston, TX 77006",pmt_608-peden-st,Single Lot,Unknown,Split Lot,unknown,replat child; units=1 (one address); master_size=None (none); depth_ft=100.6978; geometry=HCAD unique exact-address polygon; parcel=0541750000003; parcel_history=none,Retain stored label: classifier abstains; missing or inconclusive evidence is not a contradiction.
montrose,"1615 VASSAR ST, Houston, TX 77006",pmt_1615-vassar-st,Single Lot,Unknown,Split Lot,unknown,replat child; units=1 (one address); master_size=None (none); depth_ft=100.1683; geometry=HCAD unique exact-address polygon; parcel=0562840000012; parcel_history=none,Retain stored label: classifier abstains; missing or inconclusive evidence is not a contradiction.
montrose,"4400 YUPON ST, Houston, TX 77006",pmt_4400-yupon-st,Single Lot,Unknown,Common Driveway,unknown,replat child; units=1 (one address); master_size=None (none); depth_ft=67.0002; geometry=HCAD unique exact-address polygon; parcel=1487400010001; parcel_history=none,Retain stored label: classifier abstains; missing or inconclusive evidence is not a contradiction.
montrose,"1916 HAWTHORNE ST, Houston, TX 77098",pmt_1916-hawthorne-st,Single Lot,Unknown,Split Lot,unknown,replat child; units=1 (one address); master_size=None (none); depth_ft=117.3468; geometry=HCAD unique exact-address polygon; parcel=0542190000011; parcel_history=none,Retain stored label: classifier abstains; missing or inconclusive evidence is not a contradiction.
montrose,"1829 BRANARD ST, Houston, TX 77098",pmt_1829-branard-st,Single Lot,Unknown,Unknown,unknown,no legal; units=1 (one address); master_size=2 (26015553); depth_ft=None; geometry=unavailable; parcel=unavailable; parcel_history=none,Retain stored label: classifier abstains; missing or inconclusive evidence is not a contradiction.
montrose,"1811 SUL ROSS ST, Houston, TX 77098",pmt_1811-sul-ross-st,Single Lot,Unknown,Split Lot,unknown,replat child; units=1 (one address); master_size=None (none); depth_ft=125.0608; geometry=HCAD unique exact-address polygon; parcel=0562700000003; parcel_history=none,Retain stored label: classifier abstains; missing or inconclusive evidence is not a contradiction.
montrose,"1744 HAROLD ST, Houston, TX 77098",pmt_1744-harold-st,Single Lot,Unknown,Split Lot,unknown,replat child; units=1 (one address); master_size=None (none); depth_ft=106.2256; geometry=HCAD unique exact-address polygon; parcel=0542220000011; parcel_history=none,Retain stored label: classifier abstains; missing or inconclusive evidence is not a contradiction.
montrose,"1959 RICHMOND AVE, Houston, TX 77098",pmt_1959-richmond-ave,Single Lot,Unknown,Split Lot,unknown,replat child; units=1 (one address); master_size=None (none); depth_ft=106.2683; geometry=HCAD unique exact-address polygon; parcel=0571210000002; parcel_history=none,Retain stored label: classifier abstains; missing or inconclusive evidence is not a contradiction.
montrose,"3911 DRISCOLL ST, Houston, TX 77098",pmt_3911-driscoll-st,Split Lot,Unknown,Unknown,unknown,no legal; units=1 (one address); master_size=2 (25104275); depth_ft=None; geometry=unavailable; parcel=unavailable; parcel_history=none,Retain stored label: classifier abstains; missing or inconclusive evidence is not a contradiction.
montrose,"4203 DRISCOLL ST, Houston, TX 77098",pmt_4203-driscoll-st,Split Lot,Unknown,Common Driveway,unknown,replat child; units=1 (one address); master_size=None (none); depth_ft=61.6606; geometry=HCAD unique exact-address polygon; parcel=1488930010001; parcel_history=none,Retain stored label: classifier abstains; missing or inconclusive evidence is not a contradiction.
montrose,"1820 BRANARD ST, Houston, TX 77098",pmt_1820-branard-st,Single Lot,Unknown,Unknown,unknown,no legal; units=1 (one address); master_size=2 (25116555); depth_ft=None; geometry=unavailable; parcel=unavailable; parcel_history=none,Retain stored label: classifier abstains; missing or inconclusive evidence is not a contradiction.
montrose,"1744 NORFOLK ST, Houston, TX 77098",pmt_1744-norfolk-st,Single Lot,Unknown,Split Lot,unknown,replat child; units=1 (one address); master_size=None (none); depth_ft=126.8885; geometry=HCAD unique exact-address polygon; parcel=0660870040008; parcel_history=none,Retain stored label: classifier abstains; missing or inconclusive evidence is not a contradiction.
montrose,"1720 KIPLING ST, Houston, TX 77098",pmt_1720-kipling-st,Single Lot,Unknown,Split Lot,unknown,replat child; units=1 (one address); master_size=None (none); depth_ft=126.1463; geometry=HCAD unique exact-address polygon; parcel=0542320000015; parcel_history=none,Retain stored label: classifier abstains; missing or inconclusive evidence is not a contradiction.
montrose,"1301 SAULNIER ST, Houston, TX 77019",pmt_1301-saulnier-st,Single Lot,Unknown,Common Driveway,unknown,replat child; units=1 (one address); master_size=None (none); depth_ft=75.3205; geometry=HCAD unique exact-address polygon; parcel=1223790020011; parcel_history=none,Retain stored label: classifier abstains; missing or inconclusive evidence is not a contradiction.
montrose,"2025 FAIRVIEW ST, Houston, TX 77019",pmt_2025-fairview-st,Single Lot,Unknown,Unknown,unknown,no legal; units=1 (one address); master_size=None (none); depth_ft=None; geometry=unavailable; parcel=unavailable; parcel_history=none,Retain stored label: classifier abstains; missing or inconclusive evidence is not a contradiction.
montrose,"1606 WOODHEAD ST, Houston, TX 77019",pmt_1606-woodhead-st,Single Lot,Unknown,Split Lot,unknown,replat child; units=1 (one address); master_size=None (none); depth_ft=104.755; geometry=HCAD unique exact-address polygon; parcel=0610300020018; parcel_history=none,Retain stored label: classifier abstains; missing or inconclusive evidence is not a contradiction.
montrose,"1918 HULDY ST, Houston, TX 77019",pmt_1918-huldy-st,Single Lot,Common Driveway,Common Driveway,high,replat child; units=1 (one address); master_size=None (none); depth_ft=56.0; geometry=HCAD unique exact-address polygon; parcel=0531500010003; parcel_history=none,Classifier provisionally preferred: short exact-address parcel plus subdivision/unit evidence supports common access; access still needs human confirmation.
montrose,"1906 DRISCOLL ST, Houston, TX 77019",pmt_1906-driscoll-st,Single Lot,Unknown,Unknown,unknown,no legal; units=1 (one address); master_size=None (none); depth_ft=None; geometry=unavailable; parcel=unavailable; parcel_history=none,Retain stored label: classifier abstains; missing or inconclusive evidence is not a contradiction.
montrose,"2424 ELMEN ST, Houston, TX 77019",pmt_2424-elmen-st,Single Lot,Unknown,Split Lot,unknown,replat child; units=1 (one address); master_size=None (none); depth_ft=100.0004; geometry=HCAD unique exact-address polygon; parcel=0291670000007; parcel_history=none,Retain stored label: classifier abstains; missing or inconclusive evidence is not a contradiction.
montrose,"2413 BRUN ST B, Houston, TX 77019",pmt_2413-brun-st-b,Single Lot,Split Lot,Split Lot,high,replat child; units=2 (distinct address unit letters); master_size=2 (25114777); depth_ft=125.0; geometry=HCAD unique exact-address polygon; parcel=1497820010002; parcel_history=none,"Unresolved: classifier measures a deep fragment/replat parcel, but that does not prove two homes or invalidate a reviewed Single label. Obtain the plat; retain stored label."
montrose,"2414 ELMEN ST, Houston, TX 77019",pmt_2414-elmen-st,Split Lot,Unknown,Unknown,unknown,no legal; units=1 (one address); master_size=2 (25092208); depth_ft=None; geometry=unavailable; parcel=unavailable; parcel_history=none,Retain stored label: classifier abstains; missing or inconclusive evidence is not a contradiction.
montrose,"2202 HULDY ST, Houston, TX 77019",pmt_2202-huldy-st,Split Lot,Unknown,Split Lot,unknown,replat child; units=1 (one address); master_size=2 (25108616); depth_ft=100.0; geometry=HCAD unique exact-address polygon; parcel=1497810010001; parcel_history=none; measured depth within 0.01 ft of 100-ft boundary,Retain stored label: classifier abstains; missing or inconclusive evidence is not a contradiction.
montrose,"2204 HULDY ST, Houston, TX 77019",pmt_2204-huldy-st,Split Lot,Unknown,Split Lot,unknown,replat child; units=1 (one address); master_size=2 (25108616); depth_ft=100.0004; geometry=HCAD unique exact-address polygon; parcel=1497810010002; parcel_history=none; measured depth within 0.01 ft of 100-ft boundary,Retain stored label: classifier abstains; missing or inconclusive evidence is not a contradiction.
montrose,"1514 TAFT ST, Houston, TX 77019",pmt_1514-taft-st,Single Lot,Split Lot,Split Lot,high,replat child; units=1 (one address); master_size=2 (26018492); depth_ft=100.6951; geometry=HCAD unique exact-address polygon; parcel=0570360000019; parcel_history=none,"Unresolved: classifier measures a deep fragment/replat parcel, but that does not prove two homes or invalidate a reviewed Single label. Obtain the plat; retain stored label."
montrose,"2028 MORSE ST, Houston, TX 77019",pmt_2028-morse-st,Split Lot,Unknown,Unknown,unknown,no legal; units=1 (one address); master_size=2 (26028917); depth_ft=None; geometry=unavailable; parcel=unavailable; parcel_history=none,Retain stored label: classifier abstains; missing or inconclusive evidence is not a contradiction.
montrose,"1510 STANFORD ST, Houston, TX 77019",pmt_1510-stanford-st,Single Lot,Unknown,Split Lot,unknown,replat child; units=1 (one address); master_size=None (none); depth_ft=100.6686; geometry=HCAD unique exact-address polygon; parcel=0541380000011; parcel_history=none,Retain stored label: classifier abstains; missing or inconclusive evidence is not a contradiction.
montrose,"2026 MORSE ST, Houston, TX 77019",pmt_2026-morse-st,Split Lot,Unknown,Unknown,unknown,no legal; units=1 (one address); master_size=2 (26028917); depth_ft=None; geometry=unavailable; parcel=unavailable; parcel_history=none,Retain stored label: classifier abstains; missing or inconclusive evidence is not a contradiction.
montrose,"2221 Morse Street, Houston, TX 77019",act_2221-morse,Single Lot,Unknown,Common Driveway,unknown,replat child; units=1 (one address); master_size=None (none); depth_ft=99.9998; geometry=HCAD unique exact-address polygon; parcel=0291710000003; parcel_history=none,Retain stored label: classifier abstains; missing or inconclusive evidence is not a contradiction.
montrose,"1918 Woodhead Street, Houston, TX 77019",act_1918-woodhead,Single Lot,Unknown,Split Lot,unknown,replat child; units=1 (one address); master_size=None (none); depth_ft=100.2576; geometry=HCAD unique exact-address polygon; parcel=0520550280011; parcel_history=none,Retain stored label: classifier abstains; missing or inconclusive evidence is not a contradiction.
montrose,"2408 Driscoll Street, Houston, TX 77019",act_2408-driscoll,Split Lot,Unknown,Split Lot,unknown,replat child; units=1 (one address); master_size=None (none); depth_ft=100.0; geometry=HCAD unique exact-address polygon; parcel=0291720240001; parcel_history=none; measured depth within 0.01 ft of 100-ft boundary,Retain stored label: classifier abstains; missing or inconclusive evidence is not a contradiction.
montrose,"2411 Hazard Street, Houston, TX 77019",act_2411-hazard,Split Lot,Unknown,Split Lot,unknown,replat child; units=1 (one address); master_size=None (none); depth_ft=100.0; geometry=HCAD unique exact-address polygon; parcel=1447600010002; parcel_history=none,Retain stored label: classifier abstains; missing or inconclusive evidence is not a contradiction.
montrose,"1810 Hazard Street Unit#A, Houston, TX 77019",act_1810-hazard-a,Split Lot,Unknown,Split Lot,unknown,replat child; units=1 (distinct address unit letters); master_size=None (none); depth_ft=100.0001; geometry=HCAD unique exact-address polygon; parcel=0620520090001; parcel_history=none; measured depth within 0.01 ft of 100-ft boundary,Retain stored label: classifier abstains; missing or inconclusive evidence is not a contradiction.
montrose,"409 W Saulnier Street, Houston, TX 77019",act_409-w-saulnier,Split Lot,Unknown,Split Lot,unknown,replat child; units=1 (one address); master_size=None (none); depth_ft=100.3488; geometry=HCAD unique exact-address polygon; parcel=1475160010002; parcel_history=none,Retain stored label: classifier abstains; missing or inconclusive evidence is not a contradiction.
montrose,1004 Missouri St,acq_1004-missouri-st,Single Lot,Unknown,Unknown,unknown,no legal; units=1 (one address); master_size=None (none); depth_ft=None; geometry=ambiguous exact-address accounts; parcel=unavailable; parcel_history=none,Retain stored label: classifier abstains; missing or inconclusive evidence is not a contradiction.
montrose,1120 Welch St,acq_1120-welch-st,Single Lot,Unknown,Split Lot,unknown,replat child; units=1 (one address); master_size=None (none); depth_ft=100.4405; geometry=HCAD unique exact-address polygon; parcel=0370890000090; parcel_history=none,Retain stored label: classifier abstains; missing or inconclusive evidence is not a contradiction.
montrose,1125 Jackson Blvd,acq_1125-jackson-blvd,Single Lot,Unknown,Split Lot,unknown,replat child; units=1 (one address); master_size=None (none); depth_ft=118.0381; geometry=HCAD unique exact-address polygon; parcel=0180440000018; parcel_history=none,Retain stored label: classifier abstains; missing or inconclusive evidence is not a contradiction.
montrose,1201 Bomar St,acq_1201-bomar-st,Single Lot,Unknown,Split Lot,unknown,replat child; units=1 (one address); master_size=None (none); depth_ft=100.1194; geometry=HCAD unique exact-address polygon; parcel=0301440000064; parcel_history=none,Retain stored label: classifier abstains; missing or inconclusive evidence is not a contradiction.
montrose,1209 Bomar St,acq_1209-bomar-st,Single Lot,Unknown,Common Driveway,unknown,replat child; units=1 (one address); master_size=None (none); depth_ft=99.9859; geometry=HCAD unique exact-address polygon; parcel=0301440000060; parcel_history=none,Retain stored label: classifier abstains; missing or inconclusive evidence is not a contradiction.
montrose,1223 W Drew St,acq_1223-w-drew-st,Single Lot,Unknown,Split Lot,unknown,replat child; units=1 (one address); master_size=None (none); depth_ft=100.3917; geometry=HCAD unique exact-address polygon; parcel=0370790000003; parcel_history=none,Retain stored label: classifier abstains; missing or inconclusive evidence is not a contradiction.
montrose,1304 Welch St,acq_1304-welch-st,Single Lot,Unknown,Split Lot,unknown,replat child; units=1 (one address); master_size=None (none); depth_ft=100.0009; geometry=HCAD unique exact-address polygon; parcel=0370880000076; parcel_history=none,Retain stored label: classifier abstains; missing or inconclusive evidence is not a contradiction.
montrose,1304 Willard St,acq_1304-willard-st,Single Lot,Unknown,Split Lot,unknown,replat child; units=1 (one address); master_size=None (none); depth_ft=100.177; geometry=HCAD unique exact-address polygon; parcel=0301440000029; parcel_history=none,Retain stored label: classifier abstains; missing or inconclusive evidence is not a contradiction.
montrose,1406 Indiana St,acq_1406-indiana-st,Single Lot,Unknown,Unknown,unknown,no legal; units=1 (one address); master_size=None (none); depth_ft=None; geometry=ambiguous exact-address accounts; parcel=unavailable; parcel_history=none,Retain stored label: classifier abstains; missing or inconclusive evidence is not a contradiction.
montrose,1512 W Alabama St,acq_1512-w-alabama-st,Single Lot,Unknown,Split Lot,unknown,replat child; units=1 (one address); master_size=None (none); depth_ft=125.3301; geometry=HCAD unique exact-address polygon; parcel=0522220000014; parcel_history=none,Retain stored label: classifier abstains; missing or inconclusive evidence is not a contradiction.
montrose,1516 W Alabama St,acq_1516-w-alabama-st,Single Lot,Unknown,Split Lot,unknown,replat child; units=1 (one address); master_size=None (none); depth_ft=125.2313; geometry=HCAD unique exact-address polygon; parcel=0522220000015; parcel_history=none,Retain stored label: classifier abstains; missing or inconclusive evidence is not a contradiction.
montrose,1523 Nevada St,acq_1523-nevada-st,Single Lot,Unknown,Split Lot,unknown,replat child; units=1 (one address); master_size=None (none); depth_ft=102.9363; geometry=HCAD unique exact-address polygon; parcel=0720490020007; parcel_history=none,Retain stored label: classifier abstains; missing or inconclusive evidence is not a contradiction.
montrose,1525 Welch St,acq_1525-welch-st,Single Lot,Unknown,Split Lot,unknown,replat child; units=1 (one address); master_size=None (none); depth_ft=100.0001; geometry=HCAD unique exact-address polygon; parcel=0180250000014; parcel_history=none,Retain stored label: classifier abstains; missing or inconclusive evidence is not a contradiction.
montrose,1610 Harold St,acq_1610-harold-st,Single Lot,Unknown,Split Lot,unknown,replat child; units=1 (one address); master_size=None (none); depth_ft=107.6397; geometry=HCAD unique exact-address polygon; parcel=0522270000013; parcel_history=none,Retain stored label: classifier abstains; missing or inconclusive evidence is not a contradiction.
montrose,1612 W Alabama St,acq_1612-w-alabama-st,Single Lot,Unknown,Split Lot,unknown,replat child; units=1 (one address); master_size=None (none); depth_ft=125.9992; geometry=HCAD unique exact-address polygon; parcel=0522210000013; parcel_history=none,Retain stored label: classifier abstains; missing or inconclusive evidence is not a contradiction.
montrose,1614 Milford St,acq_1614-milford-st,Single Lot,Unknown,Split Lot,unknown,replat child; units=1 (one address); master_size=None (none); depth_ft=124.939; geometry=HCAD unique exact-address polygon; parcel=0562850000018; parcel_history=none,Retain stored label: classifier abstains; missing or inconclusive evidence is not a contradiction.
montrose,1621 Cherryhurst St,acq_1621-cherryhurst-st,Single Lot,Unknown,Split Lot,unknown,replat child; units=1 (one address); master_size=None (none); depth_ft=100.0848; geometry=HCAD unique exact-address polygon; parcel=0382430000011; parcel_history=none,Retain stored label: classifier abstains; missing or inconclusive evidence is not a contradiction.
montrose,1622 W Alabama St,acq_1622-w-alabama-st,Single Lot,Unknown,Split Lot,unknown,replat child; units=1 (one address); master_size=None (none); depth_ft=125.8971; geometry=HCAD unique exact-address polygon; parcel=0522210000015; parcel_history=none,Retain stored label: classifier abstains; missing or inconclusive evidence is not a contradiction.
montrose,1636 Milford St,acq_1636-milford-st,Single Lot,Unknown,Split Lot,unknown,replat child; units=1 (one address); master_size=None (none); depth_ft=124.9698; geometry=HCAD unique exact-address polygon; parcel=0562850000024; parcel_history=none,Retain stored label: classifier abstains; missing or inconclusive evidence is not a contradiction.
montrose,1643 Richmond Ave,acq_1643-richmond-ave,Single Lot,Unknown,Split Lot,unknown,replat child; units=1 (one address); master_size=None (none); depth_ft=104.0391; geometry=HCAD unique exact-address polygon; parcel=0392240060001; parcel_history=none,Retain stored label: classifier abstains; missing or inconclusive evidence is not a contradiction.
montrose,1647 Richmond Ave,acq_1647-richmond-ave,Single Lot,Unknown,Split Lot,unknown,replat child; units=1 (one address); master_size=None (none); depth_ft=102.4887; geometry=HCAD unique exact-address polygon; parcel=0561830000004; parcel_history=none,Retain stored label: classifier abstains; missing or inconclusive evidence is not a contradiction.
montrose,221 Emerson St,acq_221-emerson-st,Single Lot,Unknown,Split Lot,unknown,replat child; units=1 (one address); master_size=None (none); depth_ft=125.4011; geometry=HCAD unique exact-address polygon; parcel=0370310000019; parcel_history=none,Retain stored label: classifier abstains; missing or inconclusive evidence is not a contradiction.
montrose,2402 Montrose Blvd Apt 2,acq_2402-montrose-blvd-apt-2,Single Lot,Unknown,Unknown,unknown,no legal; units=1 (one address); master_size=None (none); depth_ft=None; geometry=unavailable; parcel=unavailable; parcel_history=none,Retain stored label: classifier abstains; missing or inconclusive evidence is not a contradiction.
montrose,3718 Mount Vernon St,acq_3718-mount-vernon-st,Single Lot,Unknown,Split Lot,unknown,replat child; units=1 (one address); master_size=None (none); depth_ft=125.3088; geometry=HCAD unique exact-address polygon; parcel=0261900000005; parcel_history=none,Retain stored label: classifier abstains; missing or inconclusive evidence is not a contradiction.
montrose,405 Welch St,acq_405-welch-st,Single Lot,Unknown,Split Lot,unknown,replat child; units=1 (one address); master_size=None (none); depth_ft=100.1968; geometry=HCAD unique exact-address polygon; parcel=0370680000003; parcel_history=none,Retain stored label: classifier abstains; missing or inconclusive evidence is not a contradiction.
montrose,4409 Greeley St,acq_4409-greeley-st,Single Lot,Unknown,Common Driveway,unknown,replat child; units=1 (one address); master_size=None (none); depth_ft=99.9998; geometry=HCAD unique exact-address polygon; parcel=0141550000007; parcel_history=none,Retain stored label: classifier abstains; missing or inconclusive evidence is not a contradiction.
montrose,4510 Yoakum Blvd,acq_4510-yoakum-blvd,Single Lot,Unknown,Split Lot,unknown,replat child; units=1 (one address); master_size=None (none); depth_ft=175.0002; geometry=HCAD unique exact-address polygon; parcel=0302460000007; parcel_history=none,Retain stored label: classifier abstains; missing or inconclusive evidence is not a contradiction.
montrose,608 Peden St,acq_608-peden-st,Single Lot,Unknown,Split Lot,unknown,replat child; units=1 (one address); master_size=None (none); depth_ft=100.6978; geometry=HCAD unique exact-address polygon; parcel=0541750000003; parcel_history=none,Retain stored label: classifier abstains; missing or inconclusive evidence is not a contradiction.
montrose,614 Colquitt St,acq_614-colquitt-st,Single Lot,Unknown,Split Lot,unknown,replat child; units=1 (one address); master_size=None (none); depth_ft=122.7024; geometry=HCAD unique exact-address polygon; parcel=0230630000015; parcel_history=none,Retain stored label: classifier abstains; missing or inconclusive evidence is not a contradiction.
montrose,922 Peden St,acq_922-peden-st,Single Lot,Unknown,Split Lot,unknown,replat child; units=1 (one address); master_size=None (none); depth_ft=131.8085; geometry=HCAD unique exact-address polygon; parcel=0523760000004; parcel_history=none,Retain stored label: classifier abstains; missing or inconclusive evidence is not a contradiction.
montrose,1236 W Gray St,acq_1236-w-gray-st,Single Lot,Unknown,Split Lot,unknown,replat child; units=1 (one address); master_size=None (none); depth_ft=100.0013; geometry=HCAD unique exact-address polygon; parcel=0523630000003; parcel_history=none,Retain stored label: classifier abstains; missing or inconclusive evidence is not a contradiction.
montrose,1302 Waugh Dr,acq_1302-waugh-dr,Single Lot,Unknown,Split Lot,unknown,replat child; units=1 (one address); master_size=None (none); depth_ft=125.2215; geometry=HCAD unique exact-address polygon; parcel=0523610000009; parcel_history=none,Retain stored label: classifier abstains; missing or inconclusive evidence is not a contradiction.
montrose,1501 Victor St,acq_1501-victor-st,Single Lot,Unknown,Split Lot,unknown,replat child; units=1 (one address); master_size=None (none); depth_ft=249.9993; geometry=HCAD unique exact-address polygon; parcel=0050260000001; parcel_history=none,Retain stored label: classifier abstains; missing or inconclusive evidence is not a contradiction.
montrose,1511 Andrews St,acq_1511-andrews-st,Single Lot,Unknown,Common Driveway,unknown,replat child; units=1 (one address); master_size=None (none); depth_ft=96.1585; geometry=HCAD unique exact-address polygon; parcel=0050410000004; parcel_history=none,Retain stored label: classifier abstains; missing or inconclusive evidence is not a contradiction.
montrose,1906 Woodhead St,acq_1906-woodhead-st,Single Lot,Unknown,Common Driveway,unknown,replat child; units=1 (one address); master_size=None (none); depth_ft=99.758; geometry=HCAD unique exact-address polygon; parcel=0520550280008; parcel_history=none,Retain stored label: classifier abstains; missing or inconclusive evidence is not a contradiction.
montrose,1907 Bellmeade St,acq_1907-bellmeade-st,Single Lot,Unknown,Split Lot,unknown,replat child; units=1 (one address); master_size=None (none); depth_ft=150.7492; geometry=HCAD unique exact-address polygon; parcel=0601380000014; parcel_history=none,Retain stored label: classifier abstains; missing or inconclusive evidence is not a contradiction.
montrose,1918 Huldy St,acq_1918-huldy-st,Single Lot,Common Driveway,Common Driveway,high,replat child; units=1 (one address); master_size=None (none); depth_ft=56.0; geometry=HCAD unique exact-address polygon; parcel=0531500010003; parcel_history=none,Classifier provisionally preferred: short exact-address parcel plus subdivision/unit evidence supports common access; access still needs human confirmation.
montrose,2204 Inwood Dr,acq_2204-inwood-dr,Single Lot,Unknown,Split Lot,unknown,replat child; units=1 (one address); master_size=None (none); depth_ft=148.1706; geometry=HCAD unique exact-address polygon; parcel=0601550460014; parcel_history=none,Retain stored label: classifier abstains; missing or inconclusive evidence is not a contradiction.
montrose,2411 Stanmore Dr,acq_2411-stanmore-dr,Single Lot,Unknown,Split Lot,unknown,replat child; units=1 (one address); master_size=None (none); depth_ft=129.3173; geometry=HCAD unique exact-address polygon; parcel=0601540410022; parcel_history=none,Retain stored label: classifier abstains; missing or inconclusive evidence is not a contradiction.
montrose,2415 Elmen St,acq_2415-elmen-st,Single Lot,Unknown,Common Driveway,unknown,replat child; units=1 (one address); master_size=None (none); depth_ft=98.635; geometry=HCAD unique exact-address polygon; parcel=0291680000004; parcel_history=none,Retain stored label: classifier abstains; missing or inconclusive evidence is not a contradiction.
montrose,2440 Inwood Dr,acq_2440-inwood-dr,Single Lot,Unknown,Split Lot,unknown,replat child; units=1 (one address); master_size=None (none); depth_ft=152.918; geometry=HCAD unique exact-address polygon; parcel=0601530370017; parcel_history=none,Retain stored label: classifier abstains; missing or inconclusive evidence is not a contradiction.
montrose,2509 Dickey Pl,acq_2509-dickey-pl,Single Lot,Unknown,Split Lot,unknown,replat child; units=1 (one address); master_size=None (none); depth_ft=103.3451; geometry=HCAD unique exact-address polygon; parcel=0641720150008; parcel_history=none,Retain stored label: classifier abstains; missing or inconclusive evidence is not a contradiction.
montrose,2525 Inwood Dr,acq_2525-inwood-dr,Single Lot,Unknown,Split Lot,unknown,replat child; units=1 (one address); master_size=None (none); depth_ft=152.3572; geometry=HCAD unique exact-address polygon; parcel=0601540380003; parcel_history=none,Retain stored label: classifier abstains; missing or inconclusive evidence is not a contradiction.
montrose,3020 Ella Lee Ln,acq_3020-ella-lee-ln,Single Lot,Unknown,Split Lot,unknown,replat child; units=1 (one address); master_size=None (none); depth_ft=149.5812; geometry=HCAD unique exact-address polygon; parcel=0641710000025; parcel_history=none,Retain stored label: classifier abstains; missing or inconclusive evidence is not a contradiction.
montrose,3112 Locke Ln,acq_3112-locke-ln,Single Lot,Unknown,Split Lot,unknown,replat child; units=1 (one address); master_size=None (none); depth_ft=135.9262; geometry=HCAD unique exact-address polygon; parcel=0601480230019; parcel_history=none,Retain stored label: classifier abstains; missing or inconclusive evidence is not a contradiction.
montrose,318 W Clay St,acq_318-w-clay-st,Single Lot,Unknown,Split Lot,unknown,replat child; units=1 (one address); master_size=None (none); depth_ft=100.6488; geometry=HCAD unique exact-address polygon; parcel=0570330000024; parcel_history=none,Retain stored label: classifier abstains; missing or inconclusive evidence is not a contradiction.
montrose,35 Tiel Way,acq_35-tiel-way,Single Lot,Unknown,Split Lot,unknown,replat child; units=1 (one address); master_size=None (none); depth_ft=147.0053; geometry=HCAD unique exact-address polygon; parcel=0601590560030; parcel_history=none,Retain stored label: classifier abstains; missing or inconclusive evidence is not a contradiction.
montrose,3665 Knollwood St,acq_3665-knollwood-st,Single Lot,Unknown,Split Lot,unknown,replat child; units=1 (one address); master_size=None (none); depth_ft=247.384; geometry=HCAD unique exact-address polygon; parcel=0601610790001; parcel_history=none,Retain stored label: classifier abstains; missing or inconclusive evidence is not a contradiction.
montrose,3747 Chevy Chase Dr,acq_3747-chevy-chase-dr,Single Lot,Unknown,Split Lot,unknown,replat child; units=1 (one address); master_size=None (none); depth_ft=132.2736; geometry=HCAD unique exact-address polygon; parcel=0601640820016; parcel_history=none,Retain stored label: classifier abstains; missing or inconclusive evidence is not a contradiction.
montrose,3831 Del Monte Dr,acq_3831-del-monte-dr,Single Lot,Unknown,Split Lot,unknown,replat child; units=1 (one address); master_size=None (none); depth_ft=189.2152; geometry=HCAD unique exact-address polygon; parcel=0601640830005; parcel_history=none,Retain stored label: classifier abstains; missing or inconclusive evidence is not a contradiction.
montrose,3910 Willowick Rd,acq_3910-willowick-rd,Single Lot,Unknown,Split Lot,unknown,replat child; units=1 (one address); master_size=None (none); depth_ft=359.1596; geometry=HCAD unique exact-address polygon; parcel=0601620900005; parcel_history=none,Retain stored label: classifier abstains; missing or inconclusive evidence is not a contradiction.
montrose,402 W Bell St,acq_402-w-bell-st,Single Lot,Unknown,Split Lot,unknown,replat child; units=1 (one address); master_size=None (none); depth_ft=100.6992; geometry=HCAD unique exact-address polygon; parcel=0570340000025; parcel_history=none,Retain stored label: classifier abstains; missing or inconclusive evidence is not a contradiction.
montrose,516 W Pierce St,acq_516-w-pierce-st,Single Lot,Unknown,Split Lot,unknown,replat child; units=1 (one address); master_size=None (none); depth_ft=101.6975; geometry=HCAD unique exact-address polygon; parcel=0570350000033; parcel_history=none,Retain stored label: classifier abstains; missing or inconclusive evidence is not a contradiction.
montrose,614 W Gray St,acq_614-w-gray-st,Single Lot,Unknown,Split Lot,unknown,replat child; units=1 (one address); master_size=None (none); depth_ft=100.0001; geometry=HCAD unique exact-address polygon; parcel=0570360000038; parcel_history=none,Retain stored label: classifier abstains; missing or inconclusive evidence is not a contradiction.
montrose,902 S Shepherd Dr,acq_902-s-shepherd-dr,Single Lot,Common Driveway,Common Driveway,high,replat child; units=1 (one address); master_size=None (none); depth_ft=97.2161; geometry=HCAD unique exact-address polygon; parcel=0601480260005; parcel_history=none,Classifier provisionally preferred: short exact-address parcel plus subdivision/unit evidence supports common access; access still needs human confirmation.
montrose,1719 Kipling St,acq_1719-kipling-st,Single Lot,Unknown,Split Lot,unknown,replat child; units=1 (one address); master_size=None (none); depth_ft=125.1353; geometry=HCAD unique exact-address polygon; parcel=0542330000005; parcel_history=none,Retain stored label: classifier abstains; missing or inconclusive evidence is not a contradiction.
montrose,1720 Kipling St,acq_1720-kipling-st,Single Lot,Unknown,Split Lot,unknown,replat child; units=1 (one address); master_size=None (none); depth_ft=126.1463; geometry=HCAD unique exact-address polygon; parcel=0542320000015; parcel_history=none,Retain stored label: classifier abstains; missing or inconclusive evidence is not a contradiction.
montrose,1744 Harold St,acq_1744-harold-st,Single Lot,Unknown,Split Lot,unknown,replat child; units=1 (one address); master_size=None (none); depth_ft=106.2256; geometry=HCAD unique exact-address polygon; parcel=0542220000011; parcel_history=none,Retain stored label: classifier abstains; missing or inconclusive evidence is not a contradiction.
montrose,1745 W Alabama St,acq_1745-w-alabama-st,Single Lot,Unknown,Split Lot,unknown,replat child; units=1 (one address); master_size=None (none); depth_ft=131.4118; geometry=HCAD unique exact-address polygon; parcel=0540390000003; parcel_history=none,Retain stored label: classifier abstains; missing or inconclusive evidence is not a contradiction.
montrose,1749 W Alabama St,acq_1749-w-alabama-st,Single Lot,Unknown,Split Lot,unknown,replat child; units=1 (one address); master_size=None (none); depth_ft=131.1625; geometry=HCAD unique exact-address polygon; parcel=0540390000002; parcel_history=none,Retain stored label: classifier abstains; missing or inconclusive evidence is not a contradiction.
montrose,1802 Portsmouth St,acq_1802-portsmouth-st,Single Lot,Unknown,Unknown,unknown,no legal; units=1 (one address); master_size=None (none); depth_ft=None; geometry=unavailable; parcel=unavailable; parcel_history=none,Retain stored label: classifier abstains; missing or inconclusive evidence is not a contradiction.
montrose,1907 Sul Ross St,acq_1907-sul-ross-st,Single Lot,Unknown,Split Lot,unknown,replat child; units=1 (one address); master_size=None (none); depth_ft=125.0003; geometry=HCAD unique exact-address polygon; parcel=0382170000004; parcel_history=none,Retain stored label: classifier abstains; missing or inconclusive evidence is not a contradiction.
montrose,1911 Milford St,acq_1911-milford-st,Single Lot,Unknown,Split Lot,unknown,replat child; units=1 (one address); master_size=None (none); depth_ft=120.0002; geometry=HCAD unique exact-address polygon; parcel=0530460000014; parcel_history=none,Retain stored label: classifier abstains; missing or inconclusive evidence is not a contradiction.
montrose,1916 Hawthorne St,acq_1916-hawthorne-st,Single Lot,Unknown,Split Lot,unknown,replat child; units=1 (one address); master_size=None (none); depth_ft=117.3468; geometry=HCAD unique exact-address polygon; parcel=0542190000011; parcel_history=none,Retain stored label: classifier abstains; missing or inconclusive evidence is not a contradiction.
montrose,1956 Portsmouth St,acq_1956-portsmouth-st,Single Lot,Unknown,Split Lot,unknown,replat child; units=1 (one address); master_size=None (none); depth_ft=124.2675; geometry=HCAD unique exact-address polygon; parcel=0571210000019; parcel_history=none,Retain stored label: classifier abstains; missing or inconclusive evidence is not a contradiction.
montrose,2016 Milford St,acq_2016-milford-st,Single Lot,Unknown,Split Lot,unknown,replat child; units=1 (one address); master_size=None (none); depth_ft=119.6427; geometry=HCAD unique exact-address polygon; parcel=0660390020016; parcel_history=none,Retain stored label: classifier abstains; missing or inconclusive evidence is not a contradiction.
montrose,2021 South Blvd,acq_2021-south-blvd,Single Lot,Unknown,Unknown,unknown,no legal; units=1 (one address); master_size=None (none); depth_ft=None; geometry=unavailable; parcel=unavailable; parcel_history=none,Retain stored label: classifier abstains; missing or inconclusive evidence is not a contradiction.
montrose,2046 W Main St,acq_2046-w-main-st,Single Lot,Unknown,Split Lot,unknown,replat child; units=1 (one address); master_size=None (none); depth_ft=125.003; geometry=HCAD unique exact-address polygon; parcel=0561230000027; parcel_history=none,Retain stored label: classifier abstains; missing or inconclusive evidence is not a contradiction.
montrose,2122 North Blvd,acq_2122-north-blvd,Single Lot,Unknown,Unknown,unknown,no legal; units=1 (one address); master_size=None (none); depth_ft=None; geometry=unavailable; parcel=unavailable; parcel_history=none,Retain stored label: classifier abstains; missing or inconclusive evidence is not a contradiction.
montrose,2125 Branard St,acq_2125-branard-st,Single Lot,Unknown,Split Lot,unknown,replat child; units=1 (one address); master_size=None (none); depth_ft=126.176; geometry=HCAD unique exact-address polygon; parcel=0630750030007; parcel_history=none,Retain stored label: classifier abstains; missing or inconclusive evidence is not a contradiction.
montrose,2127 Milford St,acq_2127-milford-st,Single Lot,Unknown,Split Lot,unknown,replat child; units=1 (one address); master_size=None (none); depth_ft=121.6034; geometry=HCAD unique exact-address polygon; parcel=0600680070014; parcel_history=none,Retain stored label: classifier abstains; missing or inconclusive evidence is not a contradiction.
montrose,2201 Bartlett St,acq_2201-bartlett-st,Single Lot,Unknown,Common Driveway,unknown,replat child; units=1 (one address); master_size=None (none); depth_ft=99.9297; geometry=HCAD unique exact-address polygon; parcel=0600660040013; parcel_history=none,Retain stored label: classifier abstains; missing or inconclusive evidence is not a contradiction.
montrose,2244 North Blvd,acq_2244-north-blvd,Single Lot,Unknown,Unknown,unknown,no legal; units=1 (one address); master_size=None (none); depth_ft=None; geometry=unavailable; parcel=unavailable; parcel_history=none,Retain stored label: classifier abstains; missing or inconclusive evidence is not a contradiction.
montrose,2328 South Blvd,acq_2328-south-blvd,Single Lot,Unknown,Unknown,unknown,no legal; units=1 (one address); master_size=None (none); depth_ft=None; geometry=unavailable; parcel=unavailable; parcel_history=none,Retain stored label: classifier abstains; missing or inconclusive evidence is not a contradiction.
montrose,2332 Bartlett St,acq_2332-bartlett-st,Single Lot,Unknown,Split Lot,unknown,replat child; units=1 (one address); master_size=None (none); depth_ft=106.7634; geometry=HCAD unique exact-address polygon; parcel=0670150020019; parcel_history=none,Retain stored label: classifier abstains; missing or inconclusive evidence is not a contradiction.
montrose,2332 South Blvd,acq_2332-south-blvd,Single Lot,Unknown,Unknown,unknown,no legal; units=1 (one address); master_size=None (none); depth_ft=None; geometry=unavailable; parcel=unavailable; parcel_history=none,Retain stored label: classifier abstains; missing or inconclusive evidence is not a contradiction.
montrose,2336 Bartlett St,acq_2336-bartlett-st,Single Lot,Unknown,Split Lot,unknown,replat child; units=1 (one address); master_size=None (none); depth_ft=106.1132; geometry=HCAD unique exact-address polygon; parcel=0670150020020; parcel_history=none,Retain stored label: classifier abstains; missing or inconclusive evidence is not a contradiction.
montrose,2343 North Blvd,acq_2343-north-blvd,Single Lot,Unknown,Unknown,unknown,no legal; units=1 (one address); master_size=None (none); depth_ft=None; geometry=unavailable; parcel=unavailable; parcel_history=none,Retain stored label: classifier abstains; missing or inconclusive evidence is not a contradiction.
montrose,2630 Persa St,acq_2630-persa-st,Single Lot,Unknown,Split Lot,unknown,replat child; units=1 (one address); master_size=None (none); depth_ft=100.3389; geometry=HCAD unique exact-address polygon; parcel=0562250000008; parcel_history=none,Retain stored label: classifier abstains; missing or inconclusive evidence is not a contradiction.
montrose,2638 Persa St,acq_2638-persa-st,Single Lot,Unknown,Split Lot,unknown,replat child; units=1 (one address); master_size=None (none); depth_ft=100.3121; geometry=HCAD unique exact-address polygon; parcel=0562250000010; parcel_history=none,Retain stored label: classifier abstains; missing or inconclusive evidence is not a contradiction.
montrose,3103 Ferndale St,acq_3103-ferndale-st,Single Lot,Split Lot,Split Lot,high,replat child; units=1 (one address); master_size=None (none); depth_ft=117.6747; geometry=HCAD unique exact-address polygon; parcel=0730410050006; parcel_history=none,"Unresolved: classifier measures a deep fragment/replat parcel, but that does not prove two homes or invalidate a reviewed Single label. Obtain the plat; retain stored label."
montrose,3310 Ferndale St,acq_3310-ferndale-st,Single Lot,Split Lot,Split Lot,high,replat child; units=1 (one address); master_size=None (none); depth_ft=108.6819; geometry=HCAD unique exact-address polygon; parcel=0730410040018; parcel_history=none,"Unresolved: classifier measures a deep fragment/replat parcel, but that does not prove two homes or invalidate a reviewed Single label. Obtain the plat; retain stored label."
montrose,3319 Bammel Ln,acq_3319-bammel-ln,Single Lot,Split Lot,Split Lot,high,replat child; units=1 (one address); master_size=None (none); depth_ft=125.0509; geometry=HCAD unique exact-address polygon; parcel=0102640220001; parcel_history=none,"Unresolved: classifier measures a deep fragment/replat parcel, but that does not prove two homes or invalidate a reviewed Single label. Obtain the plat; retain stored label."
riveroaks,"2217 Pelham Drive, Houston, TX 77019",act_2217-pelham,Single Lot,Unknown,Split Lot,unknown,replat child; units=1 (one address); master_size=None (none); depth_ft=129.0247; geometry=HCAD unique exact-address polygon; parcel=0601550430007; parcel_history=none,Retain stored label: classifier abstains; missing or inconclusive evidence is not a contradiction.
riveroaks,"2247 Chilton Road, Houston, TX 77019",act_2247-chilton,Single Lot,Unknown,Split Lot,unknown,replat child; units=1 (one address); master_size=None (none); depth_ft=151.2611; geometry=HCAD unique exact-address polygon; parcel=0601560480002; parcel_history=none,Retain stored label: classifier abstains; missing or inconclusive evidence is not a contradiction.
riveroaks,"3717 Chevy Chase Drive, Houston, TX 77019",act_3717-chevy-chase,Single Lot,Unknown,Split Lot,unknown,replat child; units=1 (one address); master_size=None (none); depth_ft=154.324; geometry=HCAD unique exact-address polygon; parcel=0601640820021; parcel_history=none,Retain stored label: classifier abstains; missing or inconclusive evidence is not a contradiction.
riveroaks,"4 West Lane, Houston, TX 77019",act_4-west,Single Lot,Unknown,Unknown,unknown,no legal; units=1 (one address); master_size=None (none); depth_ft=None; geometry=unavailable; parcel=unavailable; parcel_history=none,Retain stored label: classifier abstains; missing or inconclusive evidence is not a contradiction.
riveroaks,"2321 Claremont Lane, Houston, TX 77019",act_2321-claremont,Single Lot,Unknown,Split Lot,unknown,replat child; units=1 (one address); master_size=None (none); depth_ft=149.9999; geometry=HCAD unique exact-address polygon; parcel=0601590660011; parcel_history=none,Retain stored label: classifier abstains; missing or inconclusive evidence is not a contradiction.
riveroaks,"2235 Brentwood Dr, Houston, TX 77019",pmt_2235-brentwood,Single Lot,Unknown,Split Lot,unknown,replat child; units=1 (one address); master_size=None (none); depth_ft=169.5645; geometry=HCAD unique exact-address polygon; parcel=0601550460001; parcel_history=none,Retain stored label: classifier abstains; missing or inconclusive evidence is not a contradiction.
riveroaks,"3438 Chevy Chase Dr, Houston, TX 77019",pmt_3438-chevy-chase,Single Lot,Unknown,Split Lot,unknown,replat child; units=1 (one address); master_size=None (none); depth_ft=182.5145; geometry=HCAD unique exact-address polygon; parcel=0601350000009; parcel_history=none,Retain stored label: classifier abstains; missing or inconclusive evidence is not a contradiction.
riveroaks,"2260 Pine Valley Dr, Houston, TX 77019",pmt_2260-pine-valley,Single Lot,Unknown,Split Lot,unknown,replat child; units=1 (one address); master_size=None (none); depth_ft=199.0555; geometry=HCAD unique exact-address polygon; parcel=0601560480016; parcel_history=none,Retain stored label: classifier abstains; missing or inconclusive evidence is not a contradiction.
riveroaks,"3843 Del Monte Dr, Houston, TX 77019",pmt_3843-del-monte,Single Lot,Unknown,Split Lot,unknown,replat child; units=1 (one address); master_size=None (none); depth_ft=169.6756; geometry=HCAD unique exact-address polygon; parcel=0601640830003; parcel_history=none,Retain stored label: classifier abstains; missing or inconclusive evidence is not a contradiction.
riveroaks,"2505 Inwood Dr, Houston, TX 77019",pmt_2505-inwood,Single Lot,Unknown,Split Lot,unknown,replat child; units=1 (one address); master_size=None (none); depth_ft=124.5627; geometry=HCAD unique exact-address polygon; parcel=0601540380006; parcel_history=none,Retain stored label: classifier abstains; missing or inconclusive evidence is not a contradiction.
riveroaks,"3482 Inwood Dr, Houston, TX 77019",pmt_3482-inwood,Single Lot,Unknown,Split Lot,unknown,replat child; units=1 (one address); master_size=None (none); depth_ft=480.3557; geometry=HCAD unique exact-address polygon; parcel=0601290000001; parcel_history=none,Retain stored label: classifier abstains; missing or inconclusive evidence is not a contradiction.
riveroaks,"3713 Chevy Chase Dr, Houston, TX 77019",pmt_3713-chevy-chase,Single Lot,Unknown,Split Lot,unknown,replat child; units=1 (one address); master_size=None (none); depth_ft=161.1325; geometry=HCAD unique exact-address polygon; parcel=0601640820022; parcel_history=none,Retain stored label: classifier abstains; missing or inconclusive evidence is not a contradiction.
riveroaks,"3030 Ella Lee Ln, Houston, TX 77019",pmt_3030-ella-lee,Single Lot,Unknown,Split Lot,unknown,replat child; units=1 (one address); master_size=None (none); depth_ft=150.1994; geometry=HCAD unique exact-address polygon; parcel=0641710000021; parcel_history=none,Retain stored label: classifier abstains; missing or inconclusive evidence is not a contradiction.
riveroaks,"3729 Del Monte Dr, Houston, TX 77019",pmt_3729-del-monte,Single Lot,Unknown,Split Lot,unknown,replat child; units=1 (one address); master_size=None (none); depth_ft=202.8007; geometry=HCAD unique exact-address polygon; parcel=0601640830016; parcel_history=none,Retain stored label: classifier abstains; missing or inconclusive evidence is not a contradiction.
riveroaks,"1817 Sharp Place, Houston, TX 77019",pmt_1817-sharp,Single Lot,Unknown,Split Lot,unknown,replat child; units=1 (one address); master_size=None (none); depth_ft=124.4915; geometry=HCAD unique exact-address polygon; parcel=0601570000008; parcel_history=none,Retain stored label: classifier abstains; missing or inconclusive evidence is not a contradiction.
riveroaks,"2121 Inwood Dr, Houston, TX 77019",pmt_2121-inwood,Single Lot,Unknown,Split Lot,unknown,replat child; units=1 (one address); master_size=None (none); depth_ft=152.517; geometry=HCAD unique exact-address polygon; parcel=0601550450014; parcel_history=none,Retain stored label: classifier abstains; missing or inconclusive evidence is not a contradiction.
riveroaks,3714 Inwood Dr,acq_3714-inwood-dr,Single Lot,Unknown,Split Lot,unknown,replat child; units=1 (one address); master_size=None (none); depth_ft=174.6314; geometry=HCAD unique exact-address polygon; parcel=0601640850012; parcel_history=none,Retain stored label: classifier abstains; missing or inconclusive evidence is not a contradiction.
riveroaks,3620 Piping Rock Ln,acq_3620-piping-rock-ln,Single Lot,Unknown,Split Lot,unknown,replat child; units=1 (one address); master_size=None (none); depth_ft=149.9971; geometry=HCAD unique exact-address polygon; parcel=0601600680016; parcel_history=none,Retain stored label: classifier abstains; missing or inconclusive evidence is not a contradiction.
riveroaks,1907 Bellmeade St,acq_1907-bellmeade-st,Single Lot,Unknown,Split Lot,unknown,replat child; units=1 (one address); master_size=None (none); depth_ft=150.7492; geometry=HCAD unique exact-address polygon; parcel=0601380000014; parcel_history=none,Retain stored label: classifier abstains; missing or inconclusive evidence is not a contradiction.
riveroaks,3112 Locke Ln,acq_3112-locke-ln,Single Lot,Unknown,Split Lot,unknown,replat child; units=1 (one address); master_size=None (none); depth_ft=135.9262; geometry=HCAD unique exact-address polygon; parcel=0601480230019; parcel_history=none,Retain stored label: classifier abstains; missing or inconclusive evidence is not a contradiction.
riveroaks,3665 Knollwood St,acq_3665-knollwood-st,Single Lot,Unknown,Split Lot,unknown,replat child; units=1 (one address); master_size=None (none); depth_ft=247.384; geometry=HCAD unique exact-address polygon; parcel=0601610790001; parcel_history=none,Retain stored label: classifier abstains; missing or inconclusive evidence is not a contradiction.
riveroaks,3910 Willowick Rd,acq_3910-willowick-rd,Single Lot,Unknown,Split Lot,unknown,replat child; units=1 (one address); master_size=None (none); depth_ft=359.1596; geometry=HCAD unique exact-address polygon; parcel=0601620900005; parcel_history=none,Retain stored label: classifier abstains; missing or inconclusive evidence is not a contradiction.
riveroaks,3747 Chevy Chase Dr,acq_3747-chevy-chase-dr,Single Lot,Unknown,Split Lot,unknown,replat child; units=1 (one address); master_size=None (none); depth_ft=132.2736; geometry=HCAD unique exact-address polygon; parcel=0601640820016; parcel_history=none,Retain stored label: classifier abstains; missing or inconclusive evidence is not a contradiction.
riveroaks,3713 Chevy Chase Dr,acq_3713-chevy-chase-dr,Single Lot,Unknown,Split Lot,unknown,replat child; units=1 (one address); master_size=None (none); depth_ft=161.1325; geometry=HCAD unique exact-address polygon; parcel=0601640820022; parcel_history=none,Retain stored label: classifier abstains; missing or inconclusive evidence is not a contradiction.
riveroaks,3831 Del Monte Dr,acq_3831-del-monte-dr,Single Lot,Unknown,Split Lot,unknown,replat child; units=1 (one address); master_size=None (none); depth_ft=189.2152; geometry=HCAD unique exact-address polygon; parcel=0601640830005; parcel_history=none,Retain stored label: classifier abstains; missing or inconclusive evidence is not a contradiction.
riveroaks,2204 Inwood Dr,acq_2204-inwood-dr,Single Lot,Unknown,Split Lot,unknown,replat child; units=1 (one address); master_size=None (none); depth_ft=148.1706; geometry=HCAD unique exact-address polygon; parcel=0601550460014; parcel_history=none,Retain stored label: classifier abstains; missing or inconclusive evidence is not a contradiction.
riveroaks,2440 Inwood Dr,acq_2440-inwood-dr,Single Lot,Unknown,Split Lot,unknown,replat child; units=1 (one address); master_size=None (none); depth_ft=152.918; geometry=HCAD unique exact-address polygon; parcel=0601530370017; parcel_history=none,Retain stored label: classifier abstains; missing or inconclusive evidence is not a contradiction.
riveroaks,2525 Inwood Dr,acq_2525-inwood-dr,Single Lot,Unknown,Split Lot,unknown,replat child; units=1 (one address); master_size=None (none); depth_ft=152.3572; geometry=HCAD unique exact-address polygon; parcel=0601540380003; parcel_history=none,Retain stored label: classifier abstains; missing or inconclusive evidence is not a contradiction.
riveroaks,2411 Stanmore Dr,acq_2411-stanmore-dr,Single Lot,Unknown,Split Lot,unknown,replat child; units=1 (one address); master_size=None (none); depth_ft=129.3173; geometry=HCAD unique exact-address polygon; parcel=0601540410022; parcel_history=none,Retain stored label: classifier abstains; missing or inconclusive evidence is not a contradiction.
riveroaks,3643 Overbrook Ln,acq_3643-overbrook-ln,Single Lot,Unknown,Split Lot,unknown,replat child; units=1 (one address); master_size=None (none); depth_ft=127.3021; geometry=HCAD unique exact-address polygon; parcel=0601600710005; parcel_history=none,Retain stored label: classifier abstains; missing or inconclusive evidence is not a contradiction.
riveroaks,3615 Overbrook Ln,acq_3615-overbrook-ln,Single Lot,Unknown,Split Lot,unknown,replat child; units=1 (one address); master_size=None (none); depth_ft=126.8815; geometry=HCAD unique exact-address polygon; parcel=0601600710012; parcel_history=none,Retain stored label: classifier abstains; missing or inconclusive evidence is not a contradiction.
riveroaks,3632 Locke Ln,acq_3632-locke-ln,Single Lot,Unknown,Split Lot,unknown,replat child; units=1 (one address); master_size=None (none); depth_ft=127.8413; geometry=HCAD unique exact-address polygon; parcel=0601600720021; parcel_history=none,Retain stored label: classifier abstains; missing or inconclusive evidence is not a contradiction.
riveroaks,2014 Timber Ln,acq_2014-timber-ln,Single Lot,Unknown,Split Lot,unknown,replat child; units=1 (one address); master_size=None (none); depth_ft=139.5812; geometry=HCAD unique exact-address polygon; parcel=0601600730003; parcel_history=none,Retain stored label: classifier abstains; missing or inconclusive evidence is not a contradiction.
riveroaks,2401 Maconda Ln,acq_2401-maconda-ln,Single Lot,Unknown,Split Lot,unknown,replat child; units=1 (one address); master_size=None (none); depth_ft=122.3736; geometry=HCAD unique exact-address polygon; parcel=0731330070018; parcel_history=none,Retain stored label: classifier abstains; missing or inconclusive evidence is not a contradiction.
riveroaks,3806 Wickersham Ln,acq_3806-wickersham-ln,Single Lot,Unknown,Split Lot,unknown,replat child; units=1 (one address); master_size=None (none); depth_ft=127.3693; geometry=HCAD unique exact-address polygon; parcel=0731340090009; parcel_history=none,Retain stored label: classifier abstains; missing or inconclusive evidence is not a contradiction.
riveroaks,3020 Ella Lee Ln,acq_3020-ella-lee-ln,Single Lot,Unknown,Split Lot,unknown,replat child; units=1 (one address); master_size=None (none); depth_ft=149.5812; geometry=HCAD unique exact-address polygon; parcel=0641710000025; parcel_history=none,Retain stored label: classifier abstains; missing or inconclusive evidence is not a contradiction.
riveroaks,2509 Dickey Pl,acq_2509-dickey-pl,Single Lot,Unknown,Split Lot,unknown,replat child; units=1 (one address); master_size=None (none); depth_ft=103.3451; geometry=HCAD unique exact-address polygon; parcel=0641720150008; parcel_history=none,Retain stored label: classifier abstains; missing or inconclusive evidence is not a contradiction.
riveroaks,4033 Piping Rock Ln,acq_4033-piping-rock-ln,Single Lot,Unknown,Split Lot,unknown,replat child; units=1 (one address); master_size=None (none); depth_ft=114.9791; geometry=HCAD unique exact-address polygon; parcel=0761970040045; parcel_history=none,Retain stored label: classifier abstains; missing or inconclusive evidence is not a contradiction.
springbranch,"2211 Silverbonnet Street, Houston, TX",act_2211-silverbonnet,Single Lot,Split Lot,Split Lot,high,replat child; units=1 (one address); master_size=None (none); depth_ft=120.5453; geometry=HCAD unique exact-address polygon; parcel=0801010010007; parcel_history=none,"Unresolved: classifier measures a deep fragment/replat parcel, but that does not prove two homes or invalidate a reviewed Single label. Obtain the plat; retain stored label."
springbranch,"2207 Silverbonnet Street, Houston, TX",act_2207-silverbonnet,Single Lot,Split Lot,Split Lot,high,replat child; units=1 (one address); master_size=None (none); depth_ft=120.5442; geometry=HCAD unique exact-address polygon; parcel=0801010010005; parcel_history=none,"Unresolved: classifier measures a deep fragment/replat parcel, but that does not prove two homes or invalidate a reviewed Single label. Obtain the plat; retain stored label."
springbranch,"2139 Counter Point Drive, Houston, TX",act_2139-counter-point,Single Lot,Unknown,Split Lot,unknown,replat child; units=1 (one address); master_size=None (none); depth_ft=111.9997; geometry=HCAD unique exact-address polygon; parcel=0841140000001; parcel_history=none,Retain stored label: classifier abstains; missing or inconclusive evidence is not a contradiction.
springbranch,"3406 Asher Landing Ln, Houston, TX",act_3406-asher-landing,Single Lot,Unknown,Split Lot,unknown,replat child; units=1 (one address); master_size=None (none); depth_ft=104.6004; geometry=HCAD unique exact-address polygon; parcel=1329140020036; parcel_history=none,Retain stored label: classifier abstains; missing or inconclusive evidence is not a contradiction.
springbranch,"9849 Mocking Bird Hill Lane, Houston, TX",act_9849-mocking-bird-hill,Single Lot,Split Lot,Split Lot,high,replat child; units=1 (one address); master_size=None (none); depth_ft=140.0841; geometry=HCAD unique exact-address polygon; parcel=1329140120009; parcel_history=none,"Unresolved: classifier measures a deep fragment/replat parcel, but that does not prove two homes or invalidate a reviewed Single label. Obtain the plat; retain stored label."
springbranch,"8810 Carousel Lane A, Houston, TX",act_8810-carousel-a,Single Lot,Split Lot,Split Lot,high,replat child; units=1 (distinct address unit letters); master_size=None (none); depth_ft=188.6903; geometry=HCAD unique exact-address polygon; parcel=0681440270002; parcel_history=none,"Unresolved: classifier measures a deep fragment/replat parcel, but that does not prove two homes or invalidate a reviewed Single label. Obtain the plat; retain stored label."
springbranch,"9630 Vilven Lane, Houston, TX",act_9630-vilven,Single Lot,Unknown,Split Lot,unknown,replat child; units=1 (one address); master_size=None (none); depth_ft=109.9784; geometry=HCAD unique exact-address polygon; parcel=0882690000015; parcel_history=none,Retain stored label: classifier abstains; missing or inconclusive evidence is not a contradiction.
springbranch,"9537 Kerrwood Lane, Houston, TX",act_9537-kerrwood,Single Lot,Unknown,Split Lot,unknown,replat child; units=1 (one address); master_size=None (none); depth_ft=106.0148; geometry=HCAD unique exact-address polygon; parcel=0832050000037; parcel_history=none,Retain stored label: classifier abstains; missing or inconclusive evidence is not a contradiction.
springbranch,"9603 Carousel Lane, Houston, TX",act_9603-carousel,Single Lot,Split Lot,Split Lot,high,replat child; units=1 (one address); master_size=None (none); depth_ft=110.6349; geometry=HCAD unique exact-address polygon; parcel=0845230000002; parcel_history=none,"Unresolved: classifier measures a deep fragment/replat parcel, but that does not prove two homes or invalidate a reviewed Single label. Obtain the plat; retain stored label."
springbranch,"8006 Longridge Drive, Houston, TX",act_8006-longridge,Single Lot,Unknown,Split Lot,unknown,replat child; units=1 (one address); master_size=None (none); depth_ft=109.1077; geometry=HCAD unique exact-address polygon; parcel=0812320000029; parcel_history=none,Retain stored label: classifier abstains; missing or inconclusive evidence is not a contradiction.
springbranch,"9541 Kerrwood Lane, Houston, TX",act_9541-kerrwood,Single Lot,Unknown,Split Lot,unknown,replat child; units=1 (one address); master_size=None (none); depth_ft=107.5601; geometry=HCAD unique exact-address polygon; parcel=0832050000036; parcel_history=none,Retain stored label: classifier abstains; missing or inconclusive evidence is not a contradiction.
springbranch,"7938 Turquoise Lane, Houston, TX",act_7938-turquoise,Single Lot,Unknown,Split Lot,unknown,replat child; units=1 (one address); master_size=None (none); depth_ft=112.5006; geometry=HCAD unique exact-address polygon; parcel=0812690000046; parcel_history=none,Retain stored label: classifier abstains; missing or inconclusive evidence is not a contradiction.
springbranch,"1946 Pech Road, Houston, TX",act_1946-pech,Single Lot,Unknown,Split Lot,unknown,replat child; units=1 (one address); master_size=None (none); depth_ft=124.1214; geometry=HCAD unique exact-address polygon; parcel=0762240040114; parcel_history=none,Retain stored label: classifier abstains; missing or inconclusive evidence is not a contradiction.
springbranch,"8025 Cedel Drive, Houston, TX",act_8025-cedel,Single Lot,Unknown,Split Lot,unknown,replat child; units=1 (one address); master_size=None (none); depth_ft=110.1082; geometry=HCAD unique exact-address polygon; parcel=0843800000180; parcel_history=none,Retain stored label: classifier abstains; missing or inconclusive evidence is not a contradiction.
springbranch,"8550 Montridge Drive, Houston, TX",act_8550-montridge,Single Lot,Unknown,Split Lot,unknown,replat child; units=1 (one address); master_size=None (none); depth_ft=126.3475; geometry=HCAD unique exact-address polygon; parcel=0762250090040; parcel_history=none,Retain stored label: classifier abstains; missing or inconclusive evidence is not a contradiction.
springbranch,"10418 Brinwood Drive, Houston, TX",act_10418-brinwood,Single Lot,Unknown,Split Lot,unknown,replat child; units=1 (one address); master_size=None (none); depth_ft=157.8269; geometry=HCAD unique exact-address polygon; parcel=0872130000016; parcel_history=none,Retain stored label: classifier abstains; missing or inconclusive evidence is not a contradiction.
springbranch,"1634 ANTOINE, Houston, TX",act_1634-antoine,Single Lot,Unknown,Unknown,unknown,no legal; units=1 (one address); master_size=None (none); depth_ft=None; geometry=unavailable; parcel=unavailable; parcel_history=none,Retain stored label: classifier abstains; missing or inconclusive evidence is not a contradiction.
springbranch,"1720 Huge Oaks Street, Houston, TX",act_1720-huge-oaks,Single Lot,Split Lot,Split Lot,high,replat child; units=1 (one address); master_size=None (none); depth_ft=151.0181; geometry=HCAD unique exact-address polygon; parcel=0761080070002; parcel_history=none,"Unresolved: classifier measures a deep fragment/replat parcel, but that does not prove two homes or invalidate a reviewed Single label. Obtain the plat; retain stored label."
springbranch,"1922 Norcrest Dr Drive, Houston, TX",act_1922-norcrest,Single Lot,Unknown,Unknown,unknown,no legal; units=1 (one address); master_size=None (none); depth_ft=None; geometry=unavailable; parcel=unavailable; parcel_history=none,Retain stored label: classifier abstains; missing or inconclusive evidence is not a contradiction.
springbranch,"8021 Turquoise Lane, Houston, TX",act_8021-turquoise,Single Lot,Unknown,Split Lot,unknown,replat child; units=1 (one address); master_size=None (none); depth_ft=107.8582; geometry=HCAD unique exact-address polygon; parcel=0812700000070; parcel_history=none,Retain stored label: classifier abstains; missing or inconclusive evidence is not a contradiction.
springbranch,"1717 Monarch Oaks Street, Houston, TX",act_1717-monarch-oaks,Single Lot,Split Lot,Split Lot,high,replat child; units=1 (one address); master_size=None (none); depth_ft=151.0178; geometry=HCAD unique exact-address polygon; parcel=0761070050003; parcel_history=none,"Unresolved: classifier measures a deep fragment/replat parcel, but that does not prove two homes or invalidate a reviewed Single label. Obtain the plat; retain stored label."
springbranch,"7407 Janak Drive, Houston, TX",act_7407-janak,Single Lot,Unknown,Split Lot,unknown,replat child; units=1 (one address); master_size=None (none); depth_ft=115.7215; geometry=HCAD unique exact-address polygon; parcel=0821850000012; parcel_history=none,Retain stored label: classifier abstains; missing or inconclusive evidence is not a contradiction.
springbranch,"2311 Hollister Street, Houston, TX",act_2311-hollister,Single Lot,Unknown,Unknown,unknown,no legal; units=1 (one address); master_size=None (none); depth_ft=None; geometry=unavailable; parcel=unavailable; parcel_history=none,Retain stored label: classifier abstains; missing or inconclusive evidence is not a contradiction.
springbranch,"2309 Hollister Street, Houston, TX",act_2309-hollister,Single Lot,Unknown,Unknown,unknown,no legal; units=1 (one address); master_size=None (none); depth_ft=None; geometry=unavailable; parcel=unavailable; parcel_history=none,Retain stored label: classifier abstains; missing or inconclusive evidence is not a contradiction.
springbranch,"1504 Story Street, Houston, TX",act_1504-story,Single Lot,Unknown,Split Lot,unknown,replat child; units=1 (one address); master_size=None (none); depth_ft=153.9326; geometry=HCAD unique exact-address polygon; parcel=0752190050008; parcel_history=none,Retain stored label: classifier abstains; missing or inconclusive evidence is not a contradiction.
springbranch,"1302 Springrock Lane, Houston, TX",act_1302-springrock,Single Lot,Unknown,Split Lot,unknown,replat child; units=1 (one address); master_size=None (none); depth_ft=130.8332; geometry=HCAD unique exact-address polygon; parcel=0804060000005; parcel_history=none,Retain stored label: classifier abstains; missing or inconclusive evidence is not a contradiction.
springbranch,"9909 Larston Street, Houston, TX",act_9909-larston,Single Lot,Unknown,Split Lot,unknown,replat child; units=1 (one address); master_size=None (none); depth_ft=117.1847; geometry=HCAD unique exact-address polygon; parcel=0802210000006; parcel_history=none,Retain stored label: classifier abstains; missing or inconclusive evidence is not a contradiction.
springbranch,"7414 Schiller Street, Houston, TX",act_7414-schiller,Single Lot,Unknown,Split Lot,unknown,replat child; units=1 (one address); master_size=None (none); depth_ft=115.6213; geometry=HCAD unique exact-address polygon; parcel=0821850000017; parcel_history=none,Retain stored label: classifier abstains; missing or inconclusive evidence is not a contradiction.
springbranch,"1731 Benbow Way, Houston, TX",act_1731-benbow,Single Lot,Unknown,Split Lot,unknown,replat child; units=1 (one address); master_size=None (none); depth_ft=134.3489; geometry=HCAD unique exact-address polygon; parcel=0772820010095; parcel_history=none,Retain stored label: classifier abstains; missing or inconclusive evidence is not a contradiction.
springbranch,"1457 Confederate Road, Houston, TX",act_1457-confederate,Single Lot,Unknown,Split Lot,unknown,replat child; units=1 (one address); master_size=None (none); depth_ft=149.9042; geometry=HCAD unique exact-address polygon; parcel=0790510010011; parcel_history=none,Retain stored label: classifier abstains; missing or inconclusive evidence is not a contradiction.
springbranch,"9756 Westview Drive, Houston, TX",act_9756-westview,Single Lot,Unknown,Unknown,unknown,no legal; units=1 (one address); master_size=None (none); depth_ft=None; geometry=ambiguous exact-address accounts; parcel=unavailable; parcel_history=none,Retain stored label: classifier abstains; missing or inconclusive evidence is not a contradiction.
springbranch,"7119 Housman Street, Houston, TX",act_7119-housman,Single Lot,Unknown,Split Lot,unknown,replat child; units=1 (one address); master_size=None (none); depth_ft=120.5333; geometry=HCAD unique exact-address polygon; parcel=0771220110005; parcel_history=none,Retain stored label: classifier abstains; missing or inconclusive evidence is not a contradiction.
springbranch,"1306 Zora Street, Houston, TX",act_1306-zora,Single Lot,Unknown,Split Lot,unknown,replat child; units=1 (one address); master_size=None (none); depth_ft=118.375; geometry=HCAD unique exact-address polygon; parcel=0752190150006; parcel_history=none,Retain stored label: classifier abstains; missing or inconclusive evidence is not a contradiction.
springbranch,"7006 Schiller Street, Houston, TX",act_7006-schiller,Single Lot,Unknown,Split Lot,unknown,replat child; units=1 (one address); master_size=None (none); depth_ft=147.0841; geometry=HCAD unique exact-address polygon; parcel=0771220130035; parcel_history=none,Retain stored label: classifier abstains; missing or inconclusive evidence is not a contradiction.
springbranch,"1730 Parana Drive, Houston, TX",act_1730-parana,Single Lot,Unknown,Split Lot,unknown,replat child; units=1 (one address); master_size=None (none); depth_ft=154.6261; geometry=HCAD unique exact-address polygon; parcel=0804920000093; parcel_history=none,Retain stored label: classifier abstains; missing or inconclusive evidence is not a contradiction.
springbranch,"9926 Warwana Road, Houston, TX",act_9926-warwana,Single Lot,Unknown,Split Lot,unknown,replat child; units=1 (one address); master_size=None (none); depth_ft=131.8255; geometry=HCAD unique exact-address polygon; parcel=0772430010007; parcel_history=none,Retain stored label: classifier abstains; missing or inconclusive evidence is not a contradiction.
springbranch,"9349 Leto Road, Houston, TX",act_9349-leto,Single Lot,Unknown,Split Lot,unknown,replat child; units=1 (one address); master_size=None (none); depth_ft=169.1742; geometry=HCAD unique exact-address polygon; parcel=0772820070166; parcel_history=none,Retain stored label: classifier abstains; missing or inconclusive evidence is not a contradiction.
springbranch,"7218 Schiller Street, Houston, TX",act_7218-schiller,Single Lot,Unknown,Split Lot,unknown,replat child; units=1 (one address); master_size=None (none); depth_ft=163.1781; geometry=HCAD unique exact-address polygon; parcel=0771220160010; parcel_history=none,Retain stored label: classifier abstains; missing or inconclusive evidence is not a contradiction.
springbranch,"1116 Oak Tree Drive, Houston, TX",act_1116-oak-tree,Single Lot,Unknown,Split Lot,unknown,replat child; units=1 (one address); master_size=None (none); depth_ft=152.2271; geometry=HCAD unique exact-address polygon; parcel=0803930000022; parcel_history=none,Retain stored label: classifier abstains; missing or inconclusive evidence is not a contradiction.
springbranch,"1730 Bayram Drive, Houston, TX",act_1730-bayram,Single Lot,Split Lot,Split Lot,high,replat child; units=1 (one address); master_size=None (none); depth_ft=140.1358; geometry=HCAD unique exact-address polygon; parcel=0791290040069; parcel_history=none,"Unresolved: classifier measures a deep fragment/replat parcel, but that does not prove two homes or invalidate a reviewed Single label. Obtain the plat; retain stored label."
springbranch,"1734 Hollister Street, Houston, TX",act_1734-hollister,Single Lot,Unknown,Unknown,unknown,no legal; units=1 (one address); master_size=None (none); depth_ft=None; geometry=unavailable; parcel=unavailable; parcel_history=none,Retain stored label: classifier abstains; missing or inconclusive evidence is not a contradiction.
springbranch,"1610 Lynnview Drive, Houston, TX",act_1610-lynnview,Single Lot,Unknown,Split Lot,unknown,replat child; units=1 (one address); master_size=None (none); depth_ft=133.7181; geometry=HCAD unique exact-address polygon; parcel=0891870000017; parcel_history=none,Retain stored label: classifier abstains; missing or inconclusive evidence is not a contradiction.
springbranch,"7905 Westwood Drive, Houston, TX",act_7905-westwood,Single Lot,Unknown,Split Lot,unknown,replat child; units=1 (one address); master_size=None (none); depth_ft=161.7739; geometry=HCAD unique exact-address polygon; parcel=0761990020008; parcel_history=none,Retain stored label: classifier abstains; missing or inconclusive evidence is not a contradiction.
springbranch,"2629 Lake Kolbe Lane, Houston, TX",act_2629-lake-kolbe,Single Lot,Split Lot,Split Lot,high,replat child; units=1 (one address); master_size=None (none); depth_ft=119.4473; geometry=HCAD unique exact-address polygon; parcel=1342790240019; parcel_history=none,"Unresolved: classifier measures a deep fragment/replat parcel, but that does not prove two homes or invalidate a reviewed Single label. Obtain the plat; retain stored label."
springbranch,"2739 Lake Kolbe Lane, Houston, TX",act_2739-lake-kolbe,Single Lot,Unknown,Unknown,unknown,no legal; units=1 (one address); master_size=None (none); depth_ft=None; geometry=unavailable; parcel=unavailable; parcel_history=none,Retain stored label: classifier abstains; missing or inconclusive evidence is not a contradiction.
springbranch,"8017 Turquoise Lane, Houston, TX",act_8017-turquoise,Single Lot,Unknown,Split Lot,unknown,replat child; units=1 (one address); master_size=None (none); depth_ft=107.7589; geometry=HCAD unique exact-address polygon; parcel=0812700000071; parcel_history=none,Retain stored label: classifier abstains; missing or inconclusive evidence is not a contradiction.
springbranch,"8033 Ridgeview Drive, Houston, TX",act_8033-ridgeview,Single Lot,Unknown,Split Lot,unknown,replat child; units=1 (one address); master_size=None (none); depth_ft=109.6789; geometry=HCAD unique exact-address polygon; parcel=0812320000007; parcel_history=none,Retain stored label: classifier abstains; missing or inconclusive evidence is not a contradiction.
springbranch,"1941 Coulcrest Drive, Houston, TX",act_1941-coulcrest,Single Lot,Unknown,Split Lot,unknown,replat child; units=1 (one address); master_size=None (none); depth_ft=126.905; geometry=HCAD unique exact-address polygon; parcel=0762250060124; parcel_history=none,Retain stored label: classifier abstains; missing or inconclusive evidence is not a contradiction.
springbranch,"8306 Western Drive, Houston, TX",act_8306-western,Single Lot,Unknown,Split Lot,unknown,replat child; units=1 (one address); master_size=None (none); depth_ft=119.914; geometry=HCAD unique exact-address polygon; parcel=0762240050032; parcel_history=none,Retain stored label: classifier abstains; missing or inconclusive evidence is not a contradiction.
springbranch,"9350 Rosstown Way, Houston, TX",act_9350-rosstown,Single Lot,Unknown,Split Lot,unknown,replat child; units=1 (one address); master_size=None (none); depth_ft=130.6011; geometry=HCAD unique exact-address polygon; parcel=0772820030111; parcel_history=none,Retain stored label: classifier abstains; missing or inconclusive evidence is not a contradiction.
springbranch,"9713 Larston Street, Houston, TX",act_9713-larston,Single Lot,Unknown,Split Lot,unknown,replat child; units=1 (one address); master_size=None (none); depth_ft=136.1585; geometry=HCAD unique exact-address polygon; parcel=0804030000008; parcel_history=none,Retain stored label: classifier abstains; missing or inconclusive evidence is not a contradiction.
springbranch,"1502 Story Street, Houston, TX",act_1502-story,Single Lot,Unknown,Split Lot,unknown,replat child; units=1 (one address); master_size=None (none); depth_ft=153.6336; geometry=HCAD unique exact-address polygon; parcel=0752190050009; parcel_history=none,Retain stored label: classifier abstains; missing or inconclusive evidence is not a contradiction.
springbranch,"6533 Corbin Street, Houston, TX",act_6533-corbin,Single Lot,Unknown,Split Lot,unknown,replat child; units=1 (one address); master_size=None (none); depth_ft=111.2206; geometry=HCAD unique exact-address polygon; parcel=0752190110009; parcel_history=none,Retain stored label: classifier abstains; missing or inconclusive evidence is not a contradiction.
springbranch,"9626 Panola Way, Houston, TX",act_9626-panola,Single Lot,Unknown,Split Lot,unknown,replat child; units=1 (one address); master_size=None (none); depth_ft=140.5654; geometry=HCAD unique exact-address polygon; parcel=0790510040020; parcel_history=none,Retain stored label: classifier abstains; missing or inconclusive evidence is not a contradiction.
springbranch,"1707 Bayram Drive, Houston, TX",act_1707-bayram,Single Lot,Split Lot,Split Lot,high,replat child; units=1 (one address); master_size=None (none); depth_ft=134.1646; geometry=HCAD unique exact-address polygon; parcel=0791290030062; parcel_history=none,"Unresolved: classifier measures a deep fragment/replat parcel, but that does not prove two homes or invalidate a reviewed Single label. Obtain the plat; retain stored label."
springbranch,"2102 Red Cedar Ridge Way, Houston, TX",act_2102-red-cedar-ridge,Common Driveway,Unknown,Common Driveway,unknown,replat child; units=1 (one address); master_size=None (none); depth_ft=67.6415; geometry=HCAD unique exact-address polygon; parcel=1370770010026; parcel_history=none,Retain stored label: classifier abstains; missing or inconclusive evidence is not a contradiction.
springbranch,"1938 Laverne Street, Houston, TX",act_1938-laverne,Common Driveway,Unknown,Common Driveway,unknown,replat child; units=1 (one address); master_size=None (none); depth_ft=50.5064; geometry=HCAD unique exact-address polygon; parcel=1457620010001; parcel_history=none,Retain stored label: classifier abstains; missing or inconclusive evidence is not a contradiction.
springbranch,"9551 Neuens Rd Road Unit#B, Houston, TX",act_9551-neuens-b,Common Driveway,Unknown,Unknown,unknown,no legal; units=1 (distinct address unit letters); master_size=None (none); depth_ft=None; geometry=unavailable; parcel=unavailable; parcel_history=none,Retain stored label: classifier abstains; missing or inconclusive evidence is not a contradiction.
springbranch,"8618 Cedar Plains Lane, Houston, TX",act_8618-cedar-plains,Common Driveway,Unknown,Common Driveway,unknown,replat child; units=1 (one address); master_size=None (none); depth_ft=73.8998; geometry=HCAD unique exact-address polygon; parcel=1370770010014; parcel_history=none,Retain stored label: classifier abstains; missing or inconclusive evidence is not a contradiction.
springbranch,"2204 Hoskins Drive, Houston, TX",act_2204-hoskins,Split Lot,Unknown,Split Lot,unknown,replat child; units=1 (one address); master_size=None (none); depth_ft=100.0; geometry=HCAD unique exact-address polygon; parcel=1470820010002; parcel_history=none,Retain stored label: classifier abstains; missing or inconclusive evidence is not a contradiction.
springbranch,"2206 Hoskins Drive, Houston, TX",act_2206-hoskins,Split Lot,Unknown,Split Lot,unknown,replat child; units=1 (one address); master_size=None (none); depth_ft=100.0; geometry=HCAD unique exact-address polygon; parcel=1470820010001; parcel_history=none,Retain stored label: classifier abstains; missing or inconclusive evidence is not a contradiction.
springbranch,"4205 Upland Bend Drive, Houston, TX",act_4205-upland-bend,Common Driveway,Unknown,Common Driveway,unknown,replat child; units=1 (one address); master_size=None (none); depth_ft=66.0; geometry=HCAD unique exact-address polygon; parcel=1442620010001; parcel_history=none,Retain stored label: classifier abstains; missing or inconclusive evidence is not a contradiction.
springbranch,"2508 Hollister Road, Houston, TX",act_2508-hollister,Common Driveway,Unknown,Common Driveway,unknown,replat child; units=1 (one address); master_size=None (none); depth_ft=54.9998; geometry=HCAD unique exact-address polygon; parcel=1342790010010; parcel_history=none,Retain stored label: classifier abstains; missing or inconclusive evidence is not a contradiction.
springbranch,"1952 Purswell Road, Houston, TX",act_1952-purswell,Common Driveway,Unknown,Unknown,unknown,no legal; units=1 (one address); master_size=None (none); depth_ft=None; geometry=unavailable; parcel=unavailable; parcel_history=none,Retain stored label: classifier abstains; missing or inconclusive evidence is not a contradiction.
springbranch,"4206 Colony Pines Lane, Houston, TX",act_4206-colony-pines,Common Driveway,Unknown,Common Driveway,unknown,replat child; units=1 (one address); master_size=None (none); depth_ft=71.0001; geometry=HCAD unique exact-address polygon; parcel=1442620040037; parcel_history=none,Retain stored label: classifier abstains; missing or inconclusive evidence is not a contradiction.
springbranch,"2229 Blalock Road, Houston, TX",act_2229-blalock,Split Lot,Common Driveway,Common Driveway,high,replat child; units=1 (one address); master_size=None (none); depth_ft=54.0101; geometry=HCAD unique exact-address polygon; parcel=0751250230001; parcel_history=none,Classifier provisionally preferred: short exact-address parcel plus subdivision/unit evidence supports common access; access still needs human confirmation.
springbranch,"1926 Hoskins Drive, Houston, TX",act_1926-hoskins,Single Lot,Split Lot,Split Lot,high,replat child; units=1 (one address); master_size=None (none); depth_ft=103.535; geometry=HCAD unique exact-address polygon; parcel=0751250100015; parcel_history=none,"Unresolved: classifier measures a deep fragment/replat parcel, but that does not prove two homes or invalidate a reviewed Single label. Obtain the plat; retain stored label."
springbranch,"9820 Mocking Bird Hill Lane, Houston, TX",act_9820-mocking-bird-hill,Single Lot,Common Driveway,Common Driveway,high,replat child; units=1 (one address); master_size=None (none); depth_ft=77.9992; geometry=HCAD unique exact-address polygon; parcel=1329140140009; parcel_history=none,Classifier provisionally preferred: short exact-address parcel plus subdivision/unit evidence supports common access; access still needs human confirmation.
springbranch,"3311 Cardinal Crest Lane, Houston, TX",act_3311-cardinal-crest,Single Lot,Common Driveway,Common Driveway,high,replat child; units=1 (one address); master_size=None (none); depth_ft=80.0024; geometry=HCAD unique exact-address polygon; parcel=1329140140024; parcel_history=none,Classifier provisionally preferred: short exact-address parcel plus subdivision/unit evidence supports common access; access still needs human confirmation.
springbranch,"7208 Shadyvilla Lane, Houston, TX",act_7208-shadyvilla,Split Lot,Unknown,Unknown,unknown,no legal; units=1 (one address); master_size=None (none); depth_ft=None; geometry=unavailable; parcel=unavailable; parcel_history=none,Retain stored label: classifier abstains; missing or inconclusive evidence is not a contradiction.
springbranch,"1422 Caywood Lane Unit#B, Houston, TX",act_1422-caywood-b,Common Driveway,Unknown,Common Driveway,unknown,replat child; units=1 (distinct address unit letters); master_size=None (none); depth_ft=71.0062; geometry=HCAD unique exact-address polygon; parcel=1486200010003; parcel_history=none,Retain stored label: classifier abstains; missing or inconclusive evidence is not a contradiction.
springbranch,"1418 Caywood Lane Unit#D, Houston, TX",act_1418-caywood-d,Common Driveway,Unknown,Common Driveway,unknown,replat child; units=1 (distinct address unit letters); master_size=None (none); depth_ft=71.2368; geometry=HCAD unique exact-address polygon; parcel=1486200010008; parcel_history=none,Retain stored label: classifier abstains; missing or inconclusive evidence is not a contradiction.
springbranch,"2647 Lake Kolbe Lane, Houston, TX",act_2647-lake-kolbe,Split Lot,Common Driveway,Common Driveway,high,replat child; units=1 (one address); master_size=None (none); depth_ft=80.0004; geometry=HCAD unique exact-address polygon; parcel=1342790240008; parcel_history=none,Classifier provisionally preferred: short exact-address parcel plus subdivision/unit evidence supports common access; access still needs human confirmation.
springbranch,"7535 Ciano Lane, Houston, TX",act_7535-ciano,Common Driveway,Unknown,Split Lot,unknown,replat child; units=1 (one address); master_size=None (none); depth_ft=112.0271; geometry=HCAD unique exact-address polygon; parcel=1337700010011; parcel_history=none,Retain stored label: classifier abstains; missing or inconclusive evidence is not a contradiction.
springbranch,9710 Larston St 77055,pmt_9710-larston,Single Lot,Unknown,Split Lot,unknown,replat child; units=1 (one address); master_size=None (none); depth_ft=140.3633; geometry=HCAD unique exact-address polygon; parcel=0804020000015; parcel_history=none,Retain stored label: classifier abstains; missing or inconclusive evidence is not a contradiction.
springbranch,1412 Story St 77055,pmt_1412-story,Single Lot,Unknown,Split Lot,unknown,replat child; units=1 (one address); master_size=None (none); depth_ft=152.2762; geometry=HCAD unique exact-address polygon; parcel=0752190050012; parcel_history=none,Retain stored label: classifier abstains; missing or inconclusive evidence is not a contradiction.
springbranch,6414 Teluco St 77055,pmt_6414-teluco,Single Lot,Unknown,Split Lot,unknown,replat child; units=1 (one address); master_size=None (none); depth_ft=166.4681; geometry=HCAD unique exact-address polygon; parcel=0752200240011; parcel_history=none,Retain stored label: classifier abstains; missing or inconclusive evidence is not a contradiction.
springbranch,1426 Huge Oaks St 77055,pmt_1426-huge-oaks,Single Lot,Unknown,Split Lot,unknown,replat child; units=1 (one address); master_size=None (none); depth_ft=150.712; geometry=HCAD unique exact-address polygon; parcel=0761080030020; parcel_history=none,Retain stored label: classifier abstains; missing or inconclusive evidence is not a contradiction.
springbranch,9214 Westview Dr 77055,pmt_9214-westview,Single Lot,Unknown,Split Lot,unknown,replat child; units=1 (one address); master_size=None (none); depth_ft=317.891; geometry=HCAD unique exact-address polygon; parcel=0730330010007; parcel_history=none,Retain stored label: classifier abstains; missing or inconclusive evidence is not a contradiction.
springbranch,7410 Dearborn St 77055,pmt_7410-dearborn,Single Lot,Unknown,Split Lot,unknown,replat child; units=1 (one address); master_size=None (none); depth_ft=117.3515; geometry=HCAD unique exact-address polygon; parcel=0821870000003; parcel_history=none,Retain stored label: classifier abstains; missing or inconclusive evidence is not a contradiction.
springbranch,7214 Hartland Ave 77055,pmt_7214-hartland,Single Lot,Unknown,Split Lot,unknown,replat child; units=1 (one address); master_size=None (none); depth_ft=119.8871; geometry=HCAD unique exact-address polygon; parcel=0832430000024; parcel_history=none,Retain stored label: classifier abstains; missing or inconclusive evidence is not a contradiction.
springbranch,1918 Ridgecrest Dr 77055,pmt_1918-ridgecrest,Single Lot,Unknown,Split Lot,unknown,replat child; units=1 (one address); master_size=None (none); depth_ft=142.5647; geometry=HCAD unique exact-address polygon; parcel=0762240090175; parcel_history=none,Retain stored label: classifier abstains; missing or inconclusive evidence is not a contradiction.
springbranch,7118 Schiller St 77055,pmt_7118-schiller,Single Lot,Unknown,Split Lot,unknown,replat child; units=1 (one address); master_size=None (none); depth_ft=167.3539; geometry=HCAD unique exact-address polygon; parcel=0771220160005; parcel_history=none,Retain stored label: classifier abstains; missing or inconclusive evidence is not a contradiction.
springbranch,1758 Bayram Dr 77055,pmt_1758-bayram,Single Lot,Split Lot,Split Lot,high,replat child; units=1 (one address); master_size=None (none); depth_ft=142.4692; geometry=HCAD unique exact-address polygon; parcel=0791290040062; parcel_history=none,"Unresolved: classifier measures a deep fragment/replat parcel, but that does not prove two homes or invalidate a reviewed Single label. Obtain the plat; retain stored label."
springbranch,9629 Pine Lake Dr 77055,pmt_9629-pine-lake,Single Lot,Unknown,Split Lot,unknown,replat child; units=1 (one address); master_size=None (none); depth_ft=129.159; geometry=HCAD unique exact-address polygon; parcel=0803960000003; parcel_history=none,Retain stored label: classifier abstains; missing or inconclusive evidence is not a contradiction.
springbranch,1606 Monarch Oaks St 77055,pmt_1606-monarch-oaks,Single Lot,Unknown,Split Lot,unknown,replat child; units=1 (one address); master_size=None (none); depth_ft=152.6985; geometry=HCAD unique exact-address polygon; parcel=0761070020013; parcel_history=none,Retain stored label: classifier abstains; missing or inconclusive evidence is not a contradiction.
springbranch,1503 Caywood Ln A 77055,pmt_1503-caywood-a,Single Lot,Common Driveway,Common Driveway,high,replat child; units=2 (distinct address unit letters); master_size=None (none); depth_ft=76.1419; geometry=HCAD unique exact-address polygon; parcel=1490550010001; parcel_history=none,Classifier provisionally preferred: short exact-address parcel plus subdivision/unit evidence supports common access; access still needs human confirmation.
springbranch,7210 Jalna St 77055,pmt_7210-jalna,Single Lot,Unknown,Split Lot,unknown,replat child; units=1 (one address); master_size=None (none); depth_ft=120.7741; geometry=HCAD unique exact-address polygon; parcel=0771210060024; parcel_history=none,Retain stored label: classifier abstains; missing or inconclusive evidence is not a contradiction.
springbranch,7210 Shadyvilla Ln 77055,pmt_7210-shadyvilla,Single Lot,Unknown,Unknown,unknown,no legal; units=1 (one address); master_size=None (none); depth_ft=None; geometry=unavailable; parcel=unavailable; parcel_history=none,Retain stored label: classifier abstains; missing or inconclusive evidence is not a contradiction.
springbranch,1618 Ronson Rd 77055,pmt_1618-ronson,Single Lot,Split Lot,Split Lot,high,replat child; units=1 (one address); master_size=None (none); depth_ft=135.019; geometry=HCAD unique exact-address polygon; parcel=0791290050081; parcel_history=none,"Unresolved: classifier measures a deep fragment/replat parcel, but that does not prove two homes or invalidate a reviewed Single label. Obtain the plat; retain stored label."
springbranch,1503 Caywood Ln B 77055,pmt_1503-caywood-b,Single Lot,Common Driveway,Common Driveway,high,replat child; units=2 (distinct address unit letters); master_size=None (none); depth_ft=76.1412; geometry=HCAD unique exact-address polygon; parcel=1490550010002; parcel_history=none,Classifier provisionally preferred: short exact-address parcel plus subdivision/unit evidence supports common access; access still needs human confirmation.
springbranch,6618 Sivley St 77055,pmt_6618-sivley,Single Lot,Unknown,Split Lot,unknown,replat child; units=1 (one address); master_size=None (none); depth_ft=126.3328; geometry=HCAD unique exact-address polygon; parcel=0752190090031; parcel_history=none,Retain stored label: classifier abstains; missing or inconclusive evidence is not a contradiction.
springbranch,7215 Shavelson St 77055,pmt_7215-shavelson,Single Lot,Unknown,Split Lot,unknown,replat child; units=1 (one address); master_size=None (none); depth_ft=117.403; geometry=HCAD unique exact-address polygon; parcel=0832370000004; parcel_history=none,Retain stored label: classifier abstains; missing or inconclusive evidence is not a contradiction.
springbranch,1618 Huge Oaks St 77055,pmt_1618-huge-oaks,Single Lot,Unknown,Split Lot,unknown,replat child; units=1 (one address); master_size=None (none); depth_ft=153.0537; geometry=HCAD unique exact-address polygon; parcel=0761080010019; parcel_history=none,Retain stored label: classifier abstains; missing or inconclusive evidence is not a contradiction.
springbranch,7608 Janak Spring St 77055,pmt_7608-janak-spring,Common Driveway,Unknown,Unknown,unknown,no legal; units=1 (one address); master_size=None (none); depth_ft=None; geometry=unavailable; parcel=unavailable; parcel_history=none,Retain stored label: classifier abstains; missing or inconclusive evidence is not a contradiction.
springbranch,7610 Janak Spring St 77055,pmt_7610-janak-spring,Common Driveway,Unknown,Unknown,unknown,no legal; units=1 (one address); master_size=None (none); depth_ft=None; geometry=unavailable; parcel=unavailable; parcel_history=none,Retain stored label: classifier abstains; missing or inconclusive evidence is not a contradiction.
springbranch,7612 Janak Spring St 77055,pmt_7612-janak-spring,Common Driveway,Unknown,Unknown,unknown,no legal; units=1 (one address); master_size=None (none); depth_ft=None; geometry=unavailable; parcel=unavailable; parcel_history=none,Retain stored label: classifier abstains; missing or inconclusive evidence is not a contradiction.
springbranch,1625 Pine Chase Dr 77055,pmt_1625-pine-chase,Single Lot,Unknown,Split Lot,unknown,replat child; units=1 (one address); master_size=None (none); depth_ft=140.4408; geometry=HCAD unique exact-address polygon; parcel=0770590010002; parcel_history=none,Retain stored label: classifier abstains; missing or inconclusive evidence is not a contradiction.
springbranch,6610 Housman St 77055,pmt_6610-housman,Single Lot,Split Lot,Split Lot,high,replat child; units=1 (one address); master_size=None (none); depth_ft=123.0843; geometry=HCAD unique exact-address polygon; parcel=0752200270007; parcel_history=none,"Unresolved: classifier measures a deep fragment/replat parcel, but that does not prove two homes or invalidate a reviewed Single label. Obtain the plat; retain stored label."
springbranch,1415 Lynnview Dr 77055,pmt_1415-lynnview,Single Lot,Unknown,Split Lot,unknown,replat child; units=1 (one address); master_size=None (none); depth_ft=131.3117; geometry=HCAD unique exact-address polygon; parcel=0891890000011; parcel_history=none,Retain stored label: classifier abstains; missing or inconclusive evidence is not a contradiction.
springbranch,7214 Blandford Ln 77055,pmt_7214-blandford,Single Lot,Unknown,Split Lot,unknown,replat child; units=1 (one address); master_size=None (none); depth_ft=127.2205; geometry=HCAD unique exact-address polygon; parcel=0843760000011; parcel_history=none,Retain stored label: classifier abstains; missing or inconclusive evidence is not a contradiction.
springbranch,1710 Ronson Rd 77055,pmt_1710-ronson,Single Lot,Split Lot,Split Lot,high,replat child; units=1 (one address); master_size=None (none); depth_ft=134.6061; geometry=HCAD unique exact-address polygon; parcel=0791290030049; parcel_history=none,"Unresolved: classifier measures a deep fragment/replat parcel, but that does not prove two homes or invalidate a reviewed Single label. Obtain the plat; retain stored label."
springbranch,9814 Cedardale Dr 77055,pmt_9814-cedardale,Single Lot,Unknown,Split Lot,unknown,replat child; units=1 (one address); master_size=None (none); depth_ft=121.3763; geometry=HCAD unique exact-address polygon; parcel=0802190000020; parcel_history=none,Retain stored label: classifier abstains; missing or inconclusive evidence is not a contradiction.
springbranch,1709 Cranway Dr 77055,pmt_1709-cranway,Single Lot,Unknown,Split Lot,unknown,replat child; units=1 (one address); master_size=None (none); depth_ft=116.442; geometry=HCAD unique exact-address polygon; parcel=0802290000034; parcel_history=none,Retain stored label: classifier abstains; missing or inconclusive evidence is not a contradiction.
springbranch,1719 Bayram Dr 77055,pmt_1719-bayram,Single Lot,Split Lot,Split Lot,high,replat child; units=1 (one address); master_size=None (none); depth_ft=135.8205; geometry=HCAD unique exact-address polygon; parcel=0791290030057; parcel_history=none,"Unresolved: classifier measures a deep fragment/replat parcel, but that does not prove two homes or invalidate a reviewed Single label. Obtain the plat; retain stored label."
springbranch,7719 Bryonwood Dr 77055,pmt_7719-bryonwood,Single Lot,Unknown,Split Lot,unknown,replat child; units=1 (one address); master_size=None (none); depth_ft=126.5603; geometry=HCAD unique exact-address polygon; parcel=0752320030057; parcel_history=none,Retain stored label: classifier abstains; missing or inconclusive evidence is not a contradiction.
springbranch,1621 Bayram Dr 77055,pmt_1621-bayram,Single Lot,Split Lot,Split Lot,high,replat child; units=1 (one address); master_size=None (none); depth_ft=134.4579; geometry=HCAD unique exact-address polygon; parcel=0791290050108; parcel_history=none,"Unresolved: classifier measures a deep fragment/replat parcel, but that does not prove two homes or invalidate a reviewed Single label. Obtain the plat; retain stored label."
springbranch,1514 Afton St 77055,pmt_1514-afton,Single Lot,Unknown,Split Lot,unknown,replat child; units=1 (one address); master_size=None (none); depth_ft=118.5117; geometry=HCAD unique exact-address polygon; parcel=0771220120002; parcel_history=none,Retain stored label: classifier abstains; missing or inconclusive evidence is not a contradiction.
springbranch,1305 Confederate Rd 77055,pmt_1305-confederate,Single Lot,Unknown,Split Lot,unknown,replat child; units=1 (one address); master_size=None (none); depth_ft=128.7942; geometry=HCAD unique exact-address polygon; parcel=0803910000004; parcel_history=none,Retain stored label: classifier abstains; missing or inconclusive evidence is not a contradiction.
springbranch,7311 Jalna St 77055,pmt_7311-jalna,Single Lot,Unknown,Split Lot,unknown,replat child; units=1 (one address); master_size=None (none); depth_ft=120.0; geometry=HCAD unique exact-address polygon; parcel=0771210050005; parcel_history=none,Retain stored label: classifier abstains; missing or inconclusive evidence is not a contradiction.
springbranch,1609 Bayram Dr 77055,pmt_1609-bayram,Single Lot,Split Lot,Split Lot,high,replat child; units=1 (one address); master_size=None (none); depth_ft=134.6457; geometry=HCAD unique exact-address polygon; parcel=0791290050105; parcel_history=none,"Unresolved: classifier measures a deep fragment/replat parcel, but that does not prove two homes or invalidate a reviewed Single label. Obtain the plat; retain stored label."
springbranch,1909 Restridge Dr 77055,pmt_1909-restridge,Single Lot,Unknown,Split Lot,unknown,replat child; units=1 (one address); master_size=None (none); depth_ft=123.7496; geometry=HCAD unique exact-address polygon; parcel=0762240050066; parcel_history=none,Retain stored label: classifier abstains; missing or inconclusive evidence is not a contradiction.
springbranch,8029 Longridge Dr 77055,pmt_8029-longridge,Single Lot,Unknown,Split Lot,unknown,replat child; units=1 (one address); master_size=None (none); depth_ft=109.4173; geometry=HCAD unique exact-address polygon; parcel=0812330000008; parcel_history=none,Retain stored label: classifier abstains; missing or inconclusive evidence is not a contradiction.
springbranch,9254 Elizabeth Rd 77055,pmt_9254-elizabeth,Single Lot,Unknown,Split Lot,unknown,replat child; units=1 (one address); master_size=None (none); depth_ft=322.4015; geometry=HCAD unique exact-address polygon; parcel=0730330050015; parcel_history=none,Retain stored label: classifier abstains; missing or inconclusive evidence is not a contradiction.
springbranch,8034 Turquoise Ln 77055,pmt_8034-turquoise,Single Lot,Unknown,Split Lot,unknown,replat child; units=1 (one address); master_size=None (none); depth_ft=110.5423; geometry=HCAD unique exact-address polygon; parcel=0812710000084; parcel_history=none,Retain stored label: classifier abstains; missing or inconclusive evidence is not a contradiction.
springbranch,1713 Bayram Dr 77055,pmt_1713-bayram,Single Lot,Split Lot,Split Lot,high,replat child; units=1 (one address); master_size=None (none); depth_ft=134.818; geometry=HCAD unique exact-address polygon; parcel=0791290030055; parcel_history=none,"Unresolved: classifier measures a deep fragment/replat parcel, but that does not prove two homes or invalidate a reviewed Single label. Obtain the plat; retain stored label."
springbranch,6502 Saxet St 77055,pmt_6502-saxet,Single Lot,Unknown,Split Lot,unknown,replat child; units=1 (one address); master_size=None (none); depth_ft=132.4642; geometry=HCAD unique exact-address polygon; parcel=0752190070008; parcel_history=none,Retain stored label: classifier abstains; missing or inconclusive evidence is not a contradiction.
springbranch,1517 Ronson Rd 77055,pmt_1517-ronson,Single Lot,Split Lot,Split Lot,high,replat child; units=1 (one address); master_size=None (none); depth_ft=127.9994; geometry=HCAD unique exact-address polygon; parcel=0791290020033; parcel_history=none,"Unresolved: classifier measures a deep fragment/replat parcel, but that does not prove two homes or invalidate a reviewed Single label. Obtain the plat; retain stored label."
springbranch,1949 Coulcrest Dr 77055,pmt_1949-coulcrest,Single Lot,Unknown,Split Lot,unknown,replat child; units=1 (one address); master_size=None (none); depth_ft=127.2523; geometry=HCAD unique exact-address polygon; parcel=0762250060126; parcel_history=none,Retain stored label: classifier abstains; missing or inconclusive evidence is not a contradiction.
springbranch,6606 Clawson St 77055,pmt_6606-clawson,Single Lot,Unknown,Split Lot,unknown,replat child; units=1 (one address); master_size=None (none); depth_ft=131.8622; geometry=HCAD unique exact-address polygon; parcel=0752190130028; parcel_history=none,Retain stored label: classifier abstains; missing or inconclusive evidence is not a contradiction.
springbranch,8005 Ridgeview Dr 77055,pmt_8005-ridgeview,Single Lot,Unknown,Split Lot,unknown,replat child; units=1 (one address); master_size=None (none); depth_ft=108.2994; geometry=HCAD unique exact-address polygon; parcel=0812320000014; parcel_history=none,Retain stored label: classifier abstains; missing or inconclusive evidence is not a contradiction.
springbranch,7726 Betty Jane Ln 77055,pmt_7726-betty-jane,Single Lot,Unknown,Split Lot,unknown,replat child; units=1 (one address); master_size=None (none); depth_ft=150.6677; geometry=HCAD unique exact-address polygon; parcel=0810550000020; parcel_history=none,Retain stored label: classifier abstains; missing or inconclusive evidence is not a contradiction.
springbranch,8510 Montridge Dr 77055,pmt_8510-montridge,Single Lot,Unknown,Unknown,unknown,no legal; units=1 (one address); master_size=None (none); depth_ft=None; geometry=ambiguous exact-address accounts; parcel=unavailable; parcel_history=none,Retain stored label: classifier abstains; missing or inconclusive evidence is not a contradiction.
springbranch,9741 Long Branch Ln 77055,pmt_9741-long-branch,Single Lot,Unknown,Split Lot,unknown,replat child; units=1 (one address); master_size=None (none); depth_ft=141.9553; geometry=HCAD unique exact-address polygon; parcel=0804050000002; parcel_history=none,Retain stored label: classifier abstains; missing or inconclusive evidence is not a contradiction.
springbranch,1542 Antoine Dr 77055,pmt_1542-antoine,Single Lot,Unknown,Split Lot,unknown,replat child; units=1 (one address); master_size=None (none); depth_ft=149.8653; geometry=HCAD unique exact-address polygon; parcel=0771220170008; parcel_history=none,Retain stored label: classifier abstains; missing or inconclusive evidence is not a contradiction.
springbranch,1510 Longacre Dr 77055,pmt_1510-longacre,Single Lot,Split Lot,Split Lot,high,replat child; units=1 (one address); master_size=None (none); depth_ft=170.4125; geometry=HCAD unique exact-address polygon; parcel=0780590120011; parcel_history=none,"Unresolved: classifier measures a deep fragment/replat parcel, but that does not prove two homes or invalidate a reviewed Single label. Obtain the plat; retain stored label."
springbranch,9621 Larston St 77055,pmt_9621-larston,Single Lot,Unknown,Split Lot,unknown,replat child; units=1 (one address); master_size=None (none); depth_ft=131.9322; geometry=HCAD unique exact-address polygon; parcel=0803950000005; parcel_history=none,Retain stored label: classifier abstains; missing or inconclusive evidence is not a contradiction.
springbranch,8561 Forum Dr 77055,pmt_8561-forum,Single Lot,Unknown,Split Lot,unknown,replat child; units=1 (one address); master_size=None (none); depth_ft=108.4199; geometry=HCAD unique exact-address polygon; parcel=0762250140008; parcel_history=none,Retain stored label: classifier abstains; missing or inconclusive evidence is not a contradiction.
springbranch,2010 Antoine Dr A 77055,pmt_2010-antoine-a,Common Driveway,Unknown,Common Driveway,unknown,no legal; units=4 (distinct address unit letters); master_size=8 (25115545); depth_ft=None; geometry=unavailable; parcel=unavailable; parcel_history=none,Retain stored label: classifier abstains; missing or inconclusive evidence is not a contradiction.
springbranch,2010 Antoine Dr B 77055,pmt_2010-antoine-b,Common Driveway,Unknown,Common Driveway,unknown,no legal; units=4 (distinct address unit letters); master_size=8 (25115545); depth_ft=None; geometry=unavailable; parcel=unavailable; parcel_history=none,Retain stored label: classifier abstains; missing or inconclusive evidence is not a contradiction.
springbranch,2010 Antoine Dr C 77055,pmt_2010-antoine-c,Common Driveway,Unknown,Common Driveway,unknown,no legal; units=4 (distinct address unit letters); master_size=8 (25115545); depth_ft=None; geometry=unavailable; parcel=unavailable; parcel_history=none,Retain stored label: classifier abstains; missing or inconclusive evidence is not a contradiction.
springbranch,2010 Antoine Dr D 77055,pmt_2010-antoine-d,Common Driveway,Unknown,Common Driveway,unknown,no legal; units=4 (distinct address unit letters); master_size=8 (25115545); depth_ft=None; geometry=unavailable; parcel=unavailable; parcel_history=none,Retain stored label: classifier abstains; missing or inconclusive evidence is not a contradiction.
springbranch,2008 Antoine Dr A 77055,pmt_2008-antoine-a,Common Driveway,Unknown,Common Driveway,unknown,no legal; units=4 (distinct address unit letters); master_size=8 (25115545); depth_ft=None; geometry=unavailable; parcel=unavailable; parcel_history=none,Retain stored label: classifier abstains; missing or inconclusive evidence is not a contradiction.
springbranch,2008 Antoine Dr B 77055,pmt_2008-antoine-b,Common Driveway,Unknown,Common Driveway,unknown,no legal; units=4 (distinct address unit letters); master_size=8 (25115545); depth_ft=None; geometry=unavailable; parcel=unavailable; parcel_history=none,Retain stored label: classifier abstains; missing or inconclusive evidence is not a contradiction.
springbranch,2008 Antoine Dr C 77055,pmt_2008-antoine-c,Common Driveway,Unknown,Common Driveway,unknown,no legal; units=4 (distinct address unit letters); master_size=8 (25115545); depth_ft=None; geometry=unavailable; parcel=unavailable; parcel_history=none,Retain stored label: classifier abstains; missing or inconclusive evidence is not a contradiction.
springbranch,2008 Antoine Dr D 77055,pmt_2008-antoine-d,Common Driveway,Unknown,Common Driveway,unknown,no legal; units=4 (distinct address unit letters); master_size=8 (25115545); depth_ft=None; geometry=unavailable; parcel=unavailable; parcel_history=none,Retain stored label: classifier abstains; missing or inconclusive evidence is not a contradiction.
springbranch,1825 Huge Oaks St 77055,pmt_1825-huge-oaks,Single Lot,Unknown,Split Lot,unknown,replat child; units=1 (one address); master_size=None (none); depth_ft=103.7753; geometry=HCAD unique exact-address polygon; parcel=0820530000083; parcel_history=none,Retain stored label: classifier abstains; missing or inconclusive evidence is not a contradiction.
springbranch,7609 Bellewood Dr 77055,pmt_7609-bellewood,Single Lot,Unknown,Split Lot,unknown,replat child; units=1 (one address); master_size=None (none); depth_ft=182.9577; geometry=HCAD unique exact-address polygon; parcel=0740050030026; parcel_history=none,Retain stored label: classifier abstains; missing or inconclusive evidence is not a contradiction.
springbranch,6618 Housman St 77055,pmt_6618-housman,Single Lot,Split Lot,Split Lot,high,replat child; units=1 (one address); master_size=None (none); depth_ft=124.4697; geometry=HCAD unique exact-address polygon; parcel=0752200270005; parcel_history=none,"Unresolved: classifier measures a deep fragment/replat parcel, but that does not prove two homes or invalidate a reviewed Single label. Obtain the plat; retain stored label."
springbranch,9734 Cedardale Dr 77055,pmt_9734-cedardale,Single Lot,Unknown,Split Lot,unknown,replat child; units=1 (one address); master_size=None (none); depth_ft=141.9896; geometry=HCAD unique exact-address polygon; parcel=0804010000023; parcel_history=none,Retain stored label: classifier abstains; missing or inconclusive evidence is not a contradiction.
springbranch,1521 Bracher St 77055,pmt_1521-bracher,Single Lot,Split Lot,Split Lot,high,replat child; units=1 (one address); master_size=None (none); depth_ft=137.8535; geometry=HCAD unique exact-address polygon; parcel=0780590110004; parcel_history=none,"Unresolved: classifier measures a deep fragment/replat parcel, but that does not prove two homes or invalidate a reviewed Single label. Obtain the plat; retain stored label."
springbranch,1603 Lynnview Dr 77055,pmt_1603-lynnview,Single Lot,Unknown,Split Lot,unknown,replat child; units=1 (one address); master_size=None (none); depth_ft=133.5677; geometry=HCAD unique exact-address polygon; parcel=0891880000010; parcel_history=none,Retain stored label: classifier abstains; missing or inconclusive evidence is not a contradiction.
springbranch,9601 Cedardale Dr 77055,pmt_9601-cedardale,Single Lot,Unknown,Split Lot,unknown,replat child; units=1 (one address); master_size=None (none); depth_ft=131.204; geometry=HCAD unique exact-address polygon; parcel=0803940000010; parcel_history=none,Retain stored label: classifier abstains; missing or inconclusive evidence is not a contradiction.
springbranch,9154 Larston St 77055,pmt_9154-larston,Single Lot,Unknown,Split Lot,unknown,replat child; units=1 (one address); master_size=None (none); depth_ft=332.3203; geometry=HCAD unique exact-address polygon; parcel=0730330030016; parcel_history=none,Retain stored label: classifier abstains; missing or inconclusive evidence is not a contradiction.
springbranch,9718 Tappenbeck Dr 77055,pmt_9718-tappenbeck,Single Lot,Unknown,Split Lot,unknown,replat child; units=1 (one address); master_size=None (none); depth_ft=283.9338; geometry=HCAD unique exact-address polygon; parcel=0803990000012; parcel_history=none,Retain stored label: classifier abstains; missing or inconclusive evidence is not a contradiction.
springbranch,1402 Glourie Dr 77055,pmt_1402-glourie,Single Lot,Unknown,Split Lot,unknown,replat child; units=1 (one address); master_size=None (none); depth_ft=119.3642; geometry=HCAD unique exact-address polygon; parcel=0770590050010; parcel_history=none,Retain stored label: classifier abstains; missing or inconclusive evidence is not a contradiction.
springbranch,1337 Confederate Rd 77055,pmt_1337-confederate,Single Lot,Unknown,Split Lot,unknown,replat child; units=1 (one address); master_size=None (none); depth_ft=130.6611; geometry=HCAD unique exact-address polygon; parcel=0790510010026; parcel_history=none,Retain stored label: classifier abstains; missing or inconclusive evidence is not a contradiction.
springbranch,7602 Bryonwood Dr 77055,pmt_7602-bryonwood,Single Lot,Unknown,Split Lot,unknown,replat child; units=1 (one address); master_size=None (none); depth_ft=126.5597; geometry=HCAD unique exact-address polygon; parcel=0752320020046; parcel_history=none,Retain stored label: classifier abstains; missing or inconclusive evidence is not a contradiction.
springbranch,1409 Caywood Ln A 77055,pmt_1409-caywood-a,Single Lot,Unknown,Unknown,unknown,no legal; units=1 (distinct address unit letters); master_size=None (none); depth_ft=None; geometry=unavailable; parcel=unavailable; parcel_history=none,Retain stored label: classifier abstains; missing or inconclusive evidence is not a contradiction.
springbranch,1413 Caywood Ln A 77055,pmt_1413-caywood-a,Single Lot,Unknown,Unknown,unknown,no legal; units=1 (distinct address unit letters); master_size=None (none); depth_ft=None; geometry=unavailable; parcel=unavailable; parcel_history=none,Retain stored label: classifier abstains; missing or inconclusive evidence is not a contradiction.
springbranch,8046 Turquoise Ln 77055,pmt_8046-turquoise,Single Lot,Unknown,Split Lot,unknown,replat child; units=1 (one address); master_size=None (none); depth_ft=110.3041; geometry=HCAD unique exact-address polygon; parcel=0812710000087; parcel_history=none,Retain stored label: classifier abstains; missing or inconclusive evidence is not a contradiction.
springbranch,1737 Bayram Dr 77055,pmt_1737-bayram,Single Lot,Split Lot,Split Lot,high,replat child; units=1 (one address); master_size=None (none); depth_ft=135.6546; geometry=HCAD unique exact-address polygon; parcel=0791290030061; parcel_history=none,"Unresolved: classifier measures a deep fragment/replat parcel, but that does not prove two homes or invalidate a reviewed Single label. Obtain the plat; retain stored label."
springbranch,8029 Ridgeview Dr 77055,pmt_8029-ridgeview,Single Lot,Unknown,Split Lot,unknown,replat child; units=1 (one address); master_size=None (none); depth_ft=109.8023; geometry=HCAD unique exact-address polygon; parcel=0812320000008; parcel_history=none,Retain stored label: classifier abstains; missing or inconclusive evidence is not a contradiction.
springbranch,8209 Western Dr 77055,pmt_8209-western,Single Lot,Unknown,Split Lot,unknown,replat child; units=1 (one address); master_size=None (none); depth_ft=121.2473; geometry=HCAD unique exact-address polygon; parcel=0762240020017; parcel_history=none,Retain stored label: classifier abstains; missing or inconclusive evidence is not a contradiction.
springbranch,7106 Raton St 77055,pmt_7106-raton,Single Lot,Unknown,Split Lot,unknown,replat child; units=1 (one address); master_size=None (none); depth_ft=120.0; geometry=HCAD unique exact-address polygon; parcel=0771210050019; parcel_history=none,Retain stored label: classifier abstains; missing or inconclusive evidence is not a contradiction.
springbranch,6910 Schiller St 77055,pmt_6910-schiller,Single Lot,Unknown,Split Lot,unknown,replat child; units=1 (one address); master_size=None (none); depth_ft=149.6923; geometry=HCAD unique exact-address polygon; parcel=0771220130031; parcel_history=none,Retain stored label: classifier abstains; missing or inconclusive evidence is not a contradiction.
springbranch,8506 Montridge Dr 77055,pmt_8506-montridge,Single Lot,Unknown,Split Lot,unknown,replat child; units=1 (one address); master_size=None (none); depth_ft=236.7393; geometry=HCAD unique exact-address polygon; parcel=0762250100030; parcel_history=none,Retain stored label: classifier abstains; missing or inconclusive evidence is not a contradiction.
springbranch,7127 Northampton Way 77055,pmt_7127-northampton,Single Lot,Unknown,Split Lot,unknown,replat child; units=1 (one address); master_size=None (none); depth_ft=128.2574; geometry=HCAD unique exact-address polygon; parcel=0832390000009; parcel_history=none,Retain stored label: classifier abstains; missing or inconclusive evidence is not a contradiction.
springbranch,1402 Pine Chase Dr 77055,pmt_1402-pine-chase,Single Lot,Unknown,Split Lot,unknown,replat child; units=1 (one address); master_size=None (none); depth_ft=117.2215; geometry=HCAD unique exact-address polygon; parcel=0770590060019; parcel_history=none,Retain stored label: classifier abstains; missing or inconclusive evidence is not a contradiction.
springbranch,1513 Story St 77055,pmt_1513-story,Single Lot,Unknown,Split Lot,unknown,replat child; units=1 (one address); master_size=None (none); depth_ft=119.5903; geometry=HCAD unique exact-address polygon; parcel=0752190160032; parcel_history=none,Retain stored label: classifier abstains; missing or inconclusive evidence is not a contradiction.
springbranch,1606 Afton St 77055,pmt_1606-afton,Single Lot,Unknown,Split Lot,unknown,replat child; units=1 (one address); master_size=None (none); depth_ft=134.1744; geometry=HCAD unique exact-address polygon; parcel=0771220030015; parcel_history=none,Retain stored label: classifier abstains; missing or inconclusive evidence is not a contradiction.
springbranch,1510 Lynnview Dr 77055,pmt_1510-lynnview,Single Lot,Unknown,Split Lot,unknown,replat child; units=1 (one address); master_size=None (none); depth_ft=136.1031; geometry=HCAD unique exact-address polygon; parcel=0891860000022; parcel_history=none,Retain stored label: classifier abstains; missing or inconclusive evidence is not a contradiction.
springbranch,2121 Hoskins Dr D 77080,pmt_2121-hoskins-d,Single Lot,Unknown,Split Lot,unknown,no legal; units=2 (distinct address unit letters); master_size=None (none); depth_ft=None; geometry=unavailable; parcel=unavailable; parcel_history=none,Retain stored label: classifier abstains; missing or inconclusive evidence is not a contradiction.
springbranch,2121 Hoskins Dr E 77080,pmt_2121-hoskins-e,Single Lot,Common Driveway,Common Driveway,high,replat child; units=2 (distinct address unit letters); master_size=None (none); depth_ft=53.956; geometry=HCAD unique exact-address polygon; parcel=0751250240009; parcel_history=none,Classifier provisionally preferred: short exact-address parcel plus subdivision/unit evidence supports common access; access still needs human confirmation.
springbranch,2703 Lake Kolbe Ln 77080,pmt_2703-lake-kolbe,Single Lot,Split Lot,Split Lot,high,replat child; units=1 (one address); master_size=None (none); depth_ft=103.0959; geometry=HCAD unique exact-address polygon; parcel=1342790240009; parcel_history=none,"Unresolved: classifier measures a deep fragment/replat parcel, but that does not prove two homes or invalidate a reviewed Single label. Obtain the plat; retain stored label."
springbranch,1419 Murray Bay St 77080,pmt_1419-murray-bay,Single Lot,Unknown,Split Lot,unknown,replat child; units=1 (one address); master_size=None (none); depth_ft=100.5951; geometry=HCAD unique exact-address polygon; parcel=1487770010003; parcel_history=none,Retain stored label: classifier abstains; missing or inconclusive evidence is not a contradiction.
springbranch,1423 Murray Bay St 77080,pmt_1423-murray-bay,Single Lot,Unknown,Split Lot,unknown,replat child; units=1 (one address); master_size=None (none); depth_ft=100.6991; geometry=HCAD unique exact-address polygon; parcel=1487770010001; parcel_history=none,Retain stored label: classifier abstains; missing or inconclusive evidence is not a contradiction.
springbranch,2123 Hoskins Dr B 77080,pmt_2123-hoskins-b,Single Lot,Common Driveway,Common Driveway,high,replat child; units=3 (distinct address unit letters); master_size=None (none); depth_ft=72.0057; geometry=HCAD unique exact-address polygon; parcel=0751250240007; parcel_history=none,Classifier provisionally preferred: short exact-address parcel plus subdivision/unit evidence supports common access; access still needs human confirmation.
springbranch,2123 Hoskins Dr A 77080,pmt_2123-hoskins-a,Single Lot,Common Driveway,Common Driveway,high,replat child; units=3 (distinct address unit letters); master_size=None (none); depth_ft=72.0057; geometry=HCAD unique exact-address polygon; parcel=0751250240008; parcel_history=none,Classifier provisionally preferred: short exact-address parcel plus subdivision/unit evidence supports common access; access still needs human confirmation.
springbranch,2123 Hoskins Dr C 77080,pmt_2123-hoskins-c,Single Lot,Common Driveway,Common Driveway,high,replat child; units=3 (distinct address unit letters); master_size=None (none); depth_ft=72.0063; geometry=HCAD unique exact-address polygon; parcel=0751250240006; parcel_history=none,Classifier provisionally preferred: short exact-address parcel plus subdivision/unit evidence supports common access; access still needs human confirmation.
springbranch,9838 Briarwild Ln 77080,pmt_9838-briarwild,Single Lot,Unknown,Split Lot,unknown,replat child; units=1 (one address); master_size=None (none); depth_ft=193.2431; geometry=HCAD unique exact-address polygon; parcel=0781050010018; parcel_history=none,Retain stored label: classifier abstains; missing or inconclusive evidence is not a contradiction.
springbranch,9306 Livernois Rd 77080,pmt_9306-livernois,Single Lot,Unknown,Split Lot,unknown,replat child; units=1 (one address); master_size=None (none); depth_ft=140.674; geometry=HCAD unique exact-address polygon; parcel=0772810080071; parcel_history=none,Retain stored label: classifier abstains; missing or inconclusive evidence is not a contradiction.
springbranch,8719 Kempwood Dr 77080,pmt_8719-kempwood,Single Lot,Unknown,Unknown,unknown,no legal; units=1 (one address); master_size=None (none); depth_ft=None; geometry=unavailable; parcel=unavailable; parcel_history=none,Retain stored label: classifier abstains; missing or inconclusive evidence is not a contradiction.
springbranch,9327 Willowview Ln 77080,pmt_9327-willowview,Single Lot,Unknown,Split Lot,unknown,replat child; units=1 (one address); master_size=None (none); depth_ft=130.0007; geometry=HCAD unique exact-address polygon; parcel=0772820080182; parcel_history=none,Retain stored label: classifier abstains; missing or inconclusive evidence is not a contradiction.
springbranch,9603 Bundy Ln 77080,pmt_9603-bundy,Single Lot,Split Lot,Split Lot,high,replat child; units=1 (one address); master_size=None (none); depth_ft=109.41; geometry=HCAD unique exact-address polygon; parcel=0845210000002; parcel_history=none,"Unresolved: classifier measures a deep fragment/replat parcel, but that does not prove two homes or invalidate a reviewed Single label. Obtain the plat; retain stored label."
springbranch,9839 Warwana Rd 77080,pmt_9839-warwana,Single Lot,Unknown,Split Lot,unknown,replat child; units=1 (one address); master_size=None (none); depth_ft=131.9375; geometry=HCAD unique exact-address polygon; parcel=0772430020015; parcel_history=none,Retain stored label: classifier abstains; missing or inconclusive evidence is not a contradiction.
springbranch,1415 Murray Bay St B 77080,pmt_1415-murray-bay-b,Single Lot,Unknown,Unknown,unknown,no legal; units=1 (distinct address unit letters); master_size=None (none); depth_ft=None; geometry=unavailable; parcel=unavailable; parcel_history=none,Retain stored label: classifier abstains; missing or inconclusive evidence is not a contradiction.
springbranch,8819 Emnora Ln 77080,pmt_8819-emnora,Single Lot,Unknown,Split Lot,unknown,replat child; units=1 (one address); master_size=None (none); depth_ft=194.3268; geometry=HCAD unique exact-address polygon; parcel=0681440030008; parcel_history=none,Retain stored label: classifier abstains; missing or inconclusive evidence is not a contradiction.
springbranch,9814 Warwana Rd 77080,pmt_9814-warwana,Single Lot,Unknown,Split Lot,unknown,replat child; units=1 (one address); master_size=None (none); depth_ft=133.0017; geometry=HCAD unique exact-address polygon; parcel=0772430010019; parcel_history=none,Retain stored label: classifier abstains; missing or inconclusive evidence is not a contradiction.
springbranch,2803 Lake Kolbe Ln 77080,pmt_2803-lake-kolbe,Single Lot,Unknown,Unknown,unknown,no legal; units=1 (one address); master_size=None (none); depth_ft=None; geometry=unavailable; parcel=unavailable; parcel_history=none,Retain stored label: classifier abstains; missing or inconclusive evidence is not a contradiction.
springbranch,27 Rollingwood Dr 77080,pmt_27-rollingwood,Single Lot,Unknown,Unknown,unknown,no legal; units=1 (one address); master_size=None (none); depth_ft=None; geometry=ambiguous exact-address accounts; parcel=unavailable; parcel_history=none,Retain stored label: classifier abstains; missing or inconclusive evidence is not a contradiction.
springbranch,2107 Mckean Dr 77080,pmt_2107-mckean,Single Lot,Unknown,Split Lot,unknown,replat child; units=1 (one address); master_size=None (none); depth_ft=107.0152; geometry=HCAD unique exact-address polygon; parcel=1486820010002; parcel_history=none,Retain stored label: classifier abstains; missing or inconclusive evidence is not a contradiction.
springbranch,2109 Mckean Dr 77080,pmt_2109-mckean,Split Lot,Unknown,Split Lot,unknown,replat child; units=1 (one address); master_size=None (none); depth_ft=110.0674; geometry=HCAD unique exact-address polygon; parcel=1486820010001; parcel_history=none,Retain stored label: classifier abstains; missing or inconclusive evidence is not a contradiction.
springbranch,9733 Warwana Rd 77080,pmt_9733-warwana,Single Lot,Unknown,Split Lot,unknown,replat child; units=1 (one address); master_size=None (none); depth_ft=140.352; geometry=HCAD unique exact-address polygon; parcel=0790670050045; parcel_history=none,Retain stored label: classifier abstains; missing or inconclusive evidence is not a contradiction.
springbranch,2816 Lake Kolbe Ln 77080,pmt_2816-lake-kolbe,Single Lot,Common Driveway,Common Driveway,high,replat child; units=1 (one address); master_size=None (none); depth_ft=80.8063; geometry=HCAD unique exact-address polygon; parcel=1342790320001; parcel_history=none,Classifier provisionally preferred: short exact-address parcel plus subdivision/unit evidence supports common access; access still needs human confirmation.
springbranch,3811 Peppermill Rd 77080,pmt_3811-peppermill,Single Lot,Unknown,Split Lot,unknown,replat child; units=1 (one address); master_size=None (none); depth_ft=120.7843; geometry=HCAD unique exact-address polygon; parcel=0915480000415; parcel_history=none,Retain stored label: classifier abstains; missing or inconclusive evidence is not a contradiction.
springbranch,9626 Carousel Ln 77080,pmt_9626-carousel,Single Lot,Unknown,Split Lot,unknown,replat child; units=1 (one address); master_size=None (none); depth_ft=113.9027; geometry=HCAD unique exact-address polygon; parcel=0882720000016; parcel_history=none,Retain stored label: classifier abstains; missing or inconclusive evidence is not a contradiction.
springbranch,48 Rollingwood Dr 77080,pmt_48-rollingwood,Single Lot,Unknown,Split Lot,unknown,replat child; units=1 (one address); master_size=None (none); depth_ft=326.7307; geometry=HCAD unique exact-address polygon; parcel=0690950000032; parcel_history=none,Retain stored label: classifier abstains; missing or inconclusive evidence is not a contradiction.
springbranch,9741 Warwana Rd 77080,pmt_9741-warwana,Single Lot,Unknown,Split Lot,unknown,replat child; units=1 (one address); master_size=None (none); depth_ft=134.6918; geometry=HCAD unique exact-address polygon; parcel=0790670050043; parcel_history=none,Retain stored label: classifier abstains; missing or inconclusive evidence is not a contradiction.
springbranch,3405 Grace Haven Ln 77080,pmt_3405-grace-haven,Single Lot,Unknown,Common Driveway,unknown,replat child; units=1 (one address); master_size=None (none); depth_ft=74.0039; geometry=HCAD unique exact-address polygon; parcel=1329140020028; parcel_history=none,Retain stored label: classifier abstains; missing or inconclusive evidence is not a contradiction.
springbranch,1930 Chaparral Dr 77043,pmt_1930-chaparral,Single Lot,Unknown,Split Lot,unknown,replat child; units=1 (one address); master_size=None (none); depth_ft=116.8557; geometry=HCAD unique exact-address polygon; parcel=0923490000047; parcel_history=none,Retain stored label: classifier abstains; missing or inconclusive evidence is not a contradiction.
springbranch,10318 Raritan Dr 77043,pmt_10318-raritan,Single Lot,Unknown,Split Lot,unknown,replat child; units=1 (one address); master_size=None (none); depth_ft=125.9319; geometry=HCAD unique exact-address polygon; parcel=0855800010003; parcel_history=none,Retain stored label: classifier abstains; missing or inconclusive evidence is not a contradiction.
springbranch,1339 Spillers Ln 77043,pmt_1339-spillers,Single Lot,Unknown,Split Lot,unknown,replat child; units=1 (one address); master_size=None (none); depth_ft=159.2883; geometry=HCAD unique exact-address polygon; parcel=0960060000012; parcel_history=none,Retain stored label: classifier abstains; missing or inconclusive evidence is not a contradiction.
springbranch,2019 Shadow Bend Dr 77043,pmt_2019-shadow-bend,Single Lot,Unknown,Split Lot,unknown,replat child; units=1 (one address); master_size=None (none); depth_ft=120.2675; geometry=HCAD unique exact-address polygon; parcel=0923170000038; parcel_history=none,Retain stored label: classifier abstains; missing or inconclusive evidence is not a contradiction.
springbranch,1120 Krist Dr,acq_1120-krist-dr,Single Lot,Unknown,Split Lot,unknown,replat child; units=1 (one address); master_size=None (none); depth_ft=401.5969; geometry=HCAD unique exact-address polygon; parcel=1100300000007; parcel_history=none,Retain stored label: classifier abstains; missing or inconclusive evidence is not a contradiction.
springbranch,1209 Confederate Rd,acq_1209-confederate-rd,Single Lot,Unknown,Split Lot,unknown,replat child; units=1 (one address); master_size=None (none); depth_ft=129.9027; geometry=HCAD unique exact-address polygon; parcel=0803910000013; parcel_history=none,Retain stored label: classifier abstains; missing or inconclusive evidence is not a contradiction.
springbranch,1302 Westview Garden Ct,acq_1302-westview-garden-ct,Single Lot,Split Lot,Split Lot,high,replat child; units=1 (one address); master_size=None (none); depth_ft=104.7395; geometry=HCAD unique exact-address polygon; parcel=0730330090002; parcel_history=none,"Unresolved: classifier measures a deep fragment/replat parcel, but that does not prove two homes or invalidate a reviewed Single label. Obtain the plat; retain stored label."
springbranch,1305 Confederate Rd,acq_1305-confederate-rd,Single Lot,Unknown,Split Lot,unknown,replat child; units=1 (one address); master_size=None (none); depth_ft=128.7942; geometry=HCAD unique exact-address polygon; parcel=0803910000004; parcel_history=none,Retain stored label: classifier abstains; missing or inconclusive evidence is not a contradiction.
springbranch,1307 Pine Chase Dr,acq_1307-pine-chase-dr,Single Lot,Unknown,Split Lot,unknown,replat child; units=1 (one address); master_size=None (none); depth_ft=172.8302; geometry=HCAD unique exact-address polygon; parcel=0791190020006; parcel_history=none,Retain stored label: classifier abstains; missing or inconclusive evidence is not a contradiction.
springbranch,1317 Ridgeley Dr,acq_1317-ridgeley-dr,Single Lot,Unknown,Split Lot,unknown,replat child; units=1 (one address); master_size=None (none); depth_ft=169.4504; geometry=HCAD unique exact-address polygon; parcel=0410330010025; parcel_history=none,Retain stored label: classifier abstains; missing or inconclusive evidence is not a contradiction.
springbranch,1328 Bingle Rd,acq_1328-bingle-rd,Single Lot,Unknown,Split Lot,unknown,replat child; units=1 (one address); master_size=None (none); depth_ft=124.4915; geometry=HCAD unique exact-address polygon; parcel=0791300110186; parcel_history=none,Retain stored label: classifier abstains; missing or inconclusive evidence is not a contradiction.
springbranch,14 Fries Ct,acq_14-fries-ct,Single Lot,Unknown,Split Lot,unknown,replat child; units=1 (one address); master_size=None (none); depth_ft=208.1548; geometry=HCAD unique exact-address polygon; parcel=0803040000006; parcel_history=none,Retain stored label: classifier abstains; missing or inconclusive evidence is not a contradiction.
springbranch,1402 Pine Chase Dr,acq_1402-pine-chase-dr,Single Lot,Unknown,Split Lot,unknown,replat child; units=1 (one address); master_size=None (none); depth_ft=117.2215; geometry=HCAD unique exact-address polygon; parcel=0770590060019; parcel_history=none,Retain stored label: classifier abstains; missing or inconclusive evidence is not a contradiction.
springbranch,1416 Aldrich St,acq_1416-aldrich-st,Single Lot,Unknown,Split Lot,unknown,replat child; units=1 (one address); master_size=None (none); depth_ft=119.6929; geometry=HCAD unique exact-address polygon; parcel=0752190170010; parcel_history=none,Retain stored label: classifier abstains; missing or inconclusive evidence is not a contradiction.
springbranch,1421 Glenmore Forest St,acq_1421-glenmore-forest-st,Single Lot,Unknown,Split Lot,unknown,replat child; units=1 (one address); master_size=None (none); depth_ft=110.145; geometry=HCAD unique exact-address polygon; parcel=0450700020005; parcel_history=none,Retain stored label: classifier abstains; missing or inconclusive evidence is not a contradiction.
springbranch,1425 Adkins Rd # A,acq_1425-adkins-rd-a,Single Lot,Split Lot,Split Lot,high,replat child; units=1 (distinct address unit letters); master_size=None (none); depth_ft=120.0001; geometry=HCAD unique exact-address polygon; parcel=0854700040001; parcel_history=none,"Unresolved: classifier measures a deep fragment/replat parcel, but that does not prove two homes or invalidate a reviewed Single label. Obtain the plat; retain stored label."
springbranch,1425 Caywood Ln,acq_1425-caywood-ln,Single Lot,Unknown,Split Lot,unknown,replat child; units=1 (one address); master_size=None (none); depth_ft=152.7312; geometry=HCAD unique exact-address polygon; parcel=0751740210002; parcel_history=none,Retain stored label: classifier abstains; missing or inconclusive evidence is not a contradiction.
springbranch,1457 Confederate Rd,acq_1457-confederate-rd,Single Lot,Unknown,Split Lot,unknown,replat child; units=1 (one address); master_size=None (none); depth_ft=149.9042; geometry=HCAD unique exact-address polygon; parcel=0790510010011; parcel_history=none,Retain stored label: classifier abstains; missing or inconclusive evidence is not a contradiction.
springbranch,1521 Bracher St,acq_1521-bracher-st,Single Lot,Split Lot,Split Lot,high,replat child; units=1 (one address); master_size=None (none); depth_ft=137.8535; geometry=HCAD unique exact-address polygon; parcel=0780590110004; parcel_history=none,"Unresolved: classifier measures a deep fragment/replat parcel, but that does not prove two homes or invalidate a reviewed Single label. Obtain the plat; retain stored label."
springbranch,1521 Longacre Dr,acq_1521-longacre-dr,Single Lot,Split Lot,Split Lot,high,replat child; units=1 (one address); master_size=None (none); depth_ft=111.3221; geometry=HCAD unique exact-address polygon; parcel=0780590090011; parcel_history=none,"Unresolved: classifier measures a deep fragment/replat parcel, but that does not prove two homes or invalidate a reviewed Single label. Obtain the plat; retain stored label."
springbranch,1524 Jacquelyn Dr,acq_1524-jacquelyn-dr,Single Lot,Unknown,Split Lot,unknown,replat child; units=1 (one address); master_size=None (none); depth_ft=114.7638; geometry=HCAD unique exact-address polygon; parcel=0770390100063; parcel_history=none,Retain stored label: classifier abstains; missing or inconclusive evidence is not a contradiction.
springbranch,1526 Lynnview Dr,acq_1526-lynnview-dr,Single Lot,Unknown,Split Lot,unknown,replat child; units=1 (one address); master_size=None (none); depth_ft=135.1669; geometry=HCAD unique exact-address polygon; parcel=0891860000026; parcel_history=none,Retain stored label: classifier abstains; missing or inconclusive evidence is not a contradiction.
springbranch,1530 Ojeman Rd,acq_1530-ojeman-rd,Single Lot,Unknown,Split Lot,unknown,replat child; units=1 (one address); master_size=None (none); depth_ft=168.538; geometry=HCAD unique exact-address polygon; parcel=0440340040235; parcel_history=none,Retain stored label: classifier abstains; missing or inconclusive evidence is not a contradiction.
springbranch,1534 Caywood Ln,acq_1534-caywood-ln,Single Lot,Unknown,Split Lot,unknown,replat child; units=1 (one address); master_size=None (none); depth_ft=157.4049; geometry=HCAD unique exact-address polygon; parcel=0771220150001; parcel_history=none,Retain stored label: classifier abstains; missing or inconclusive evidence is not a contradiction.
springbranch,1606 Afton St,acq_1606-afton-st,Single Lot,Unknown,Split Lot,unknown,replat child; units=1 (one address); master_size=None (none); depth_ft=134.1744; geometry=HCAD unique exact-address polygon; parcel=0771220030015; parcel_history=none,Retain stored label: classifier abstains; missing or inconclusive evidence is not a contradiction.
springbranch,1606 Antoine Dr,acq_1606-antoine-dr,Single Lot,Unknown,Split Lot,unknown,replat child; units=1 (one address); master_size=None (none); depth_ft=133.3865; geometry=HCAD unique exact-address polygon; parcel=0771220160017; parcel_history=none,Retain stored label: classifier abstains; missing or inconclusive evidence is not a contradiction.
springbranch,1606 Monarch Oaks St,acq_1606-monarch-oaks-st,Single Lot,Unknown,Split Lot,unknown,replat child; units=1 (one address); master_size=None (none); depth_ft=152.6985; geometry=HCAD unique exact-address polygon; parcel=0761070020013; parcel_history=none,Retain stored label: classifier abstains; missing or inconclusive evidence is not a contradiction.
springbranch,1610 Hillendahl Blvd,acq_1610-hillendahl-blvd,Single Lot,Unknown,Split Lot,unknown,replat child; units=1 (one address); master_size=None (none); depth_ft=138.601; geometry=HCAD unique exact-address polygon; parcel=0891880000013; parcel_history=none,Retain stored label: classifier abstains; missing or inconclusive evidence is not a contradiction.
springbranch,1618 Ronson Rd,acq_1618-ronson-rd,Single Lot,Split Lot,Split Lot,high,replat child; units=1 (one address); master_size=None (none); depth_ft=135.019; geometry=HCAD unique exact-address polygon; parcel=0791290050081; parcel_history=none,"Unresolved: classifier measures a deep fragment/replat parcel, but that does not prove two homes or invalidate a reviewed Single label. Obtain the plat; retain stored label."
springbranch,1625 Longacre Dr,acq_1625-longacre-dr,Single Lot,Split Lot,Split Lot,high,replat child; units=1 (one address); master_size=None (none); depth_ft=205.6728; geometry=HCAD unique exact-address polygon; parcel=0780590070009; parcel_history=none,"Unresolved: classifier measures a deep fragment/replat parcel, but that does not prove two homes or invalidate a reviewed Single label. Obtain the plat; retain stored label."
springbranch,1704 Ronson Rd,acq_1704-ronson-rd,Single Lot,Split Lot,Split Lot,high,replat child; units=1 (one address); master_size=None (none); depth_ft=134.7773; geometry=HCAD unique exact-address polygon; parcel=0791290030051; parcel_history=none,"Unresolved: classifier measures a deep fragment/replat parcel, but that does not prove two homes or invalidate a reviewed Single label. Obtain the plat; retain stored label."
springbranch,1707 Bayram Dr,acq_1707-bayram-dr,Single Lot,Split Lot,Split Lot,high,replat child; units=1 (one address); master_size=None (none); depth_ft=134.1646; geometry=HCAD unique exact-address polygon; parcel=0791290030062; parcel_history=none,"Unresolved: classifier measures a deep fragment/replat parcel, but that does not prove two homes or invalidate a reviewed Single label. Obtain the plat; retain stored label."
springbranch,1726 Monarch Oaks St,acq_1726-monarch-oaks-st,Single Lot,Unknown,Split Lot,unknown,replat child; units=1 (one address); master_size=None (none); depth_ft=153.3073; geometry=HCAD unique exact-address polygon; parcel=0761070020017; parcel_history=none,Retain stored label: classifier abstains; missing or inconclusive evidence is not a contradiction.
springbranch,1836 Lynnview Dr,acq_1836-lynnview-dr,Single Lot,Unknown,Split Lot,unknown,replat child; units=1 (one address); master_size=None (none); depth_ft=103.6717; geometry=HCAD unique exact-address polygon; parcel=0790370030046; parcel_history=none,Retain stored label: classifier abstains; missing or inconclusive evidence is not a contradiction.
springbranch,1909 Norcrest Dr,acq_1909-norcrest-dr,Single Lot,Unknown,Split Lot,unknown,replat child; units=1 (one address); master_size=None (none); depth_ft=124.0032; geometry=HCAD unique exact-address polygon; parcel=0762250040188; parcel_history=none,Retain stored label: classifier abstains; missing or inconclusive evidence is not a contradiction.
springbranch,1909 Restridge Dr,acq_1909-restridge-dr,Single Lot,Unknown,Split Lot,unknown,replat child; units=1 (one address); master_size=None (none); depth_ft=123.7496; geometry=HCAD unique exact-address polygon; parcel=0762240050066; parcel_history=none,Retain stored label: classifier abstains; missing or inconclusive evidence is not a contradiction.
springbranch,1929 Norcrest Dr,acq_1929-norcrest-dr,Single Lot,Unknown,Split Lot,unknown,replat child; units=1 (one address); master_size=None (none); depth_ft=125.4706; geometry=HCAD unique exact-address polygon; parcel=0762250040193; parcel_history=none,Retain stored label: classifier abstains; missing or inconclusive evidence is not a contradiction.
springbranch,1933 Lynnview Dr,acq_1933-lynnview-dr,Single Lot,Unknown,Split Lot,unknown,replat child; units=1 (one address); master_size=None (none); depth_ft=103.9307; geometry=HCAD unique exact-address polygon; parcel=0790370010022; parcel_history=none,Retain stored label: classifier abstains; missing or inconclusive evidence is not a contradiction.
springbranch,1933 Restridge Dr,acq_1933-restridge-dr,Single Lot,Unknown,Split Lot,unknown,replat child; units=1 (one address); master_size=None (none); depth_ft=123.6326; geometry=HCAD unique exact-address polygon; parcel=0762240050072; parcel_history=none,Retain stored label: classifier abstains; missing or inconclusive evidence is not a contradiction.
springbranch,1939 Woodvine Dr,acq_1939-woodvine-dr,Single Lot,Unknown,Split Lot,unknown,replat child; units=1 (one address); master_size=None (none); depth_ft=112.0006; geometry=HCAD unique exact-address polygon; parcel=0841180000023; parcel_history=none,Retain stored label: classifier abstains; missing or inconclusive evidence is not a contradiction.
springbranch,1941 Coulcrest Dr,acq_1941-coulcrest-dr,Single Lot,Unknown,Split Lot,unknown,replat child; units=1 (one address); master_size=None (none); depth_ft=126.905; geometry=HCAD unique exact-address polygon; parcel=0762250060124; parcel_history=none,Retain stored label: classifier abstains; missing or inconclusive evidence is not a contradiction.
springbranch,1946 Pech Rd,acq_1946-pech-rd,Single Lot,Unknown,Split Lot,unknown,replat child; units=1 (one address); master_size=None (none); depth_ft=124.1214; geometry=HCAD unique exact-address polygon; parcel=0762240040114; parcel_history=none,Retain stored label: classifier abstains; missing or inconclusive evidence is not a contradiction.
springbranch,1949 Huge Oaks St,acq_1949-huge-oaks-st,Single Lot,Unknown,Split Lot,unknown,replat child; units=1 (one address); master_size=None (none); depth_ft=104.5323; geometry=HCAD unique exact-address polygon; parcel=0820520000062; parcel_history=none,Retain stored label: classifier abstains; missing or inconclusive evidence is not a contradiction.
springbranch,1958 Norcrest Dr,acq_1958-norcrest-dr,Single Lot,Unknown,Split Lot,unknown,replat child; units=1 (one address); master_size=None (none); depth_ft=125.5998; geometry=HCAD unique exact-address polygon; parcel=0762250010022; parcel_history=none,Retain stored label: classifier abstains; missing or inconclusive evidence is not a contradiction.
springbranch,2003 Thonig Rd,acq_2003-thonig-rd,Single Lot,Unknown,Split Lot,unknown,replat child; units=1 (one address); master_size=None (none); depth_ft=117.738; geometry=HCAD unique exact-address polygon; parcel=0421300010236; parcel_history=none,Retain stored label: classifier abstains; missing or inconclusive evidence is not a contradiction.
springbranch,2030 Marnel Rd,acq_2030-marnel-rd,Single Lot,Unknown,Split Lot,unknown,replat child; units=1 (one address); master_size=None (none); depth_ft=133.4177; geometry=HCAD unique exact-address polygon; parcel=0805320000031; parcel_history=none,Retain stored label: classifier abstains; missing or inconclusive evidence is not a contradiction.
springbranch,4 Inverness Park Cir,acq_4-inverness-park-cir,Single Lot,Unknown,Split Lot,unknown,replat child; units=1 (one address); master_size=None (none); depth_ft=138.3722; geometry=HCAD unique exact-address polygon; parcel=1168270000002; parcel_history=none,Retain stored label: classifier abstains; missing or inconclusive evidence is not a contradiction.
springbranch,6413 Remlap St,acq_6413-remlap-st,Single Lot,Unknown,Split Lot,unknown,replat child; units=1 (one address); master_size=None (none); depth_ft=134.3452; geometry=HCAD unique exact-address polygon; parcel=0752200220012; parcel_history=none,Retain stored label: classifier abstains; missing or inconclusive evidence is not a contradiction.
springbranch,6502 Schiller St,acq_6502-schiller-st,Single Lot,Unknown,Split Lot,unknown,replat child; units=1 (one address); master_size=None (none); depth_ft=131.0415; geometry=HCAD unique exact-address polygon; parcel=0752200220025; parcel_history=none,Retain stored label: classifier abstains; missing or inconclusive evidence is not a contradiction.
springbranch,6513 Teluco St,acq_6513-teluco-st,Single Lot,Unknown,Split Lot,unknown,replat child; units=1 (one address); master_size=None (none); depth_ft=135.328; geometry=HCAD unique exact-address polygon; parcel=0752200230029; parcel_history=none,Retain stored label: classifier abstains; missing or inconclusive evidence is not a contradiction.
springbranch,6514 Westview Dr,acq_6514-westview-dr,Single Lot,Unknown,Split Lot,unknown,replat child; units=1 (one address); master_size=None (none); depth_ft=101.0878; geometry=HCAD unique exact-address polygon; parcel=0752190120021; parcel_history=none,Retain stored label: classifier abstains; missing or inconclusive evidence is not a contradiction.
springbranch,6606 Sivley St,acq_6606-sivley-st,Single Lot,Unknown,Split Lot,unknown,replat child; units=1 (one address); master_size=None (none); depth_ft=126.3325; geometry=HCAD unique exact-address polygon; parcel=0752190090028; parcel_history=none,Retain stored label: classifier abstains; missing or inconclusive evidence is not a contradiction.
springbranch,6626 Sivley St,acq_6626-sivley-st,Single Lot,Unknown,Split Lot,unknown,replat child; units=1 (one address); master_size=None (none); depth_ft=126.3331; geometry=HCAD unique exact-address polygon; parcel=0752190090033; parcel_history=none,Retain stored label: classifier abstains; missing or inconclusive evidence is not a contradiction.
springbranch,6630 Maybank Dr,acq_6630-maybank-dr,Single Lot,Unknown,Split Lot,unknown,replat child; units=1 (one address); master_size=None (none); depth_ft=145.1755; geometry=HCAD unique exact-address polygon; parcel=0791110010002; parcel_history=none,Retain stored label: classifier abstains; missing or inconclusive evidence is not a contradiction.
springbranch,6630 Saxet St,acq_6630-saxet-st,Single Lot,Unknown,Split Lot,unknown,replat child; units=1 (one address); master_size=None (none); depth_ft=130.3168; geometry=HCAD unique exact-address polygon; parcel=0752190080001; parcel_history=none,Retain stored label: classifier abstains; missing or inconclusive evidence is not a contradiction.
springbranch,6902 Schiller St,acq_6902-schiller-st,Single Lot,Unknown,Split Lot,unknown,replat child; units=1 (one address); master_size=None (none); depth_ft=149.952; geometry=HCAD unique exact-address polygon; parcel=0771220130029; parcel_history=none,Retain stored label: classifier abstains; missing or inconclusive evidence is not a contradiction.
springbranch,6915 Jalna St,acq_6915-jalna-st,Single Lot,Unknown,Split Lot,unknown,replat child; units=1 (one address); master_size=None (none); depth_ft=121.2015; geometry=HCAD unique exact-address polygon; parcel=0771210020008; parcel_history=none,Retain stored label: classifier abstains; missing or inconclusive evidence is not a contradiction.
springbranch,7002 Jalna St,acq_7002-jalna-st,Single Lot,Unknown,Split Lot,unknown,replat child; units=1 (one address); master_size=None (none); depth_ft=121.901; geometry=HCAD unique exact-address polygon; parcel=0771210010018; parcel_history=none,Retain stored label: classifier abstains; missing or inconclusive evidence is not a contradiction.
springbranch,7003 Blandford Ln,acq_7003-blandford-ln,Single Lot,Unknown,Split Lot,unknown,replat child; units=1 (one address); master_size=None (none); depth_ft=122.131; geometry=HCAD unique exact-address polygon; parcel=0843750000007; parcel_history=none,Retain stored label: classifier abstains; missing or inconclusive evidence is not a contradiction.
springbranch,7003 Raton St,acq_7003-raton-st,Single Lot,Unknown,Split Lot,unknown,replat child; units=1 (one address); master_size=None (none); depth_ft=119.9984; geometry=HCAD unique exact-address polygon; parcel=0771210030005; parcel_history=none,Retain stored label: classifier abstains; missing or inconclusive evidence is not a contradiction.
springbranch,7027 Lawler Rdg,acq_7027-lawler-rdg,Single Lot,Split Lot,Split Lot,high,replat child; units=1 (one address); master_size=None (none); depth_ft=111.6499; geometry=HCAD unique exact-address polygon; parcel=1179500020003; parcel_history=none,"Unresolved: classifier measures a deep fragment/replat parcel, but that does not prove two homes or invalidate a reviewed Single label. Obtain the plat; retain stored label."
springbranch,7103 Long Point Rd # 1,acq_7103-long-point-rd-1,Single Lot,Unknown,Unknown,unknown,no legal; units=1 (one address); master_size=None (none); depth_ft=None; geometry=unavailable; parcel=unavailable; parcel_history=none,Retain stored label: classifier abstains; missing or inconclusive evidence is not a contradiction.
springbranch,7106 Raton St,acq_7106-raton-st,Single Lot,Unknown,Split Lot,unknown,replat child; units=1 (one address); master_size=None (none); depth_ft=120.0; geometry=HCAD unique exact-address polygon; parcel=0771210050019; parcel_history=none,Retain stored label: classifier abstains; missing or inconclusive evidence is not a contradiction.
springbranch,7119 Housman St,acq_7119-housman-st,Single Lot,Unknown,Split Lot,unknown,replat child; units=1 (one address); master_size=None (none); depth_ft=120.5333; geometry=HCAD unique exact-address polygon; parcel=0771220110005; parcel_history=none,Retain stored label: classifier abstains; missing or inconclusive evidence is not a contradiction.
springbranch,7119 Shavelson St,acq_7119-shavelson-st,Single Lot,Unknown,Split Lot,unknown,replat child; units=1 (one address); master_size=None (none); depth_ft=124.457; geometry=HCAD unique exact-address polygon; parcel=0832370000011; parcel_history=none,Retain stored label: classifier abstains; missing or inconclusive evidence is not a contradiction.
springbranch,7127 Northampton Way,acq_7127-northampton-way,Single Lot,Unknown,Split Lot,unknown,replat child; units=1 (one address); master_size=None (none); depth_ft=128.2574; geometry=HCAD unique exact-address polygon; parcel=0832390000009; parcel_history=none,Retain stored label: classifier abstains; missing or inconclusive evidence is not a contradiction.
springbranch,7214 Blandford Ln,acq_7214-blandford-ln,Single Lot,Unknown,Split Lot,unknown,replat child; units=1 (one address); master_size=None (none); depth_ft=127.2205; geometry=HCAD unique exact-address polygon; parcel=0843760000011; parcel_history=none,Retain stored label: classifier abstains; missing or inconclusive evidence is not a contradiction.
springbranch,7218 Schiller St,acq_7218-schiller-st,Single Lot,Unknown,Split Lot,unknown,replat child; units=1 (one address); master_size=None (none); depth_ft=163.1781; geometry=HCAD unique exact-address polygon; parcel=0771220160010; parcel_history=none,Retain stored label: classifier abstains; missing or inconclusive evidence is not a contradiction.
springbranch,7302 Raton St,acq_7302-raton-st,Single Lot,Unknown,Split Lot,unknown,replat child; units=1 (one address); master_size=None (none); depth_ft=119.9998; geometry=HCAD unique exact-address polygon; parcel=0771210050028; parcel_history=none,Retain stored label: classifier abstains; missing or inconclusive evidence is not a contradiction.
springbranch,7402 Dearborn St,acq_7402-dearborn-st,Single Lot,Unknown,Split Lot,unknown,replat child; units=1 (one address); master_size=None (none); depth_ft=117.7602; geometry=HCAD unique exact-address polygon; parcel=0821870000001; parcel_history=none,Retain stored label: classifier abstains; missing or inconclusive evidence is not a contradiction.
springbranch,7402 Raton St,acq_7402-raton-st,Single Lot,Unknown,Split Lot,unknown,replat child; units=1 (one address); master_size=None (none); depth_ft=121.7651; geometry=HCAD unique exact-address polygon; parcel=0771210080007; parcel_history=none,Retain stored label: classifier abstains; missing or inconclusive evidence is not a contradiction.
springbranch,7403 Dearborn St,acq_7403-dearborn-st,Single Lot,Unknown,Split Lot,unknown,replat child; units=1 (one address); master_size=None (none); depth_ft=115.0513; geometry=HCAD unique exact-address polygon; parcel=0821860000014; parcel_history=none,Retain stored label: classifier abstains; missing or inconclusive evidence is not a contradiction.
springbranch,7410 Raton St,acq_7410-raton-st,Single Lot,Unknown,Split Lot,unknown,replat child; units=1 (one address); master_size=None (none); depth_ft=121.9611; geometry=HCAD unique exact-address polygon; parcel=0771210080009; parcel_history=none,Retain stored label: classifier abstains; missing or inconclusive evidence is not a contradiction.
springbranch,7422 Schiller St,acq_7422-schiller-st,Single Lot,Unknown,Split Lot,unknown,replat child; units=1 (one address); master_size=None (none); depth_ft=115.2916; geometry=HCAD unique exact-address polygon; parcel=0821850000019; parcel_history=none,Retain stored label: classifier abstains; missing or inconclusive evidence is not a contradiction.
springbranch,7507 Janak Dr,acq_7507-janak-dr,Single Lot,Unknown,Split Lot,unknown,replat child; units=1 (one address); master_size=None (none); depth_ft=115.4291; geometry=HCAD unique exact-address polygon; parcel=0821850000005; parcel_history=none,Retain stored label: classifier abstains; missing or inconclusive evidence is not a contradiction.
springbranch,7514 Dearborn St,acq_7514-dearborn-st,Single Lot,Unknown,Split Lot,unknown,replat child; units=1 (one address); master_size=None (none); depth_ft=119.4156; geometry=HCAD unique exact-address polygon; parcel=0821870000012; parcel_history=none,Retain stored label: classifier abstains; missing or inconclusive evidence is not a contradiction.
springbranch,7602 Bryonwood Dr,acq_7602-bryonwood-dr,Single Lot,Unknown,Split Lot,unknown,replat child; units=1 (one address); master_size=None (none); depth_ft=126.5597; geometry=HCAD unique exact-address polygon; parcel=0752320020046; parcel_history=none,Retain stored label: classifier abstains; missing or inconclusive evidence is not a contradiction.
springbranch,7702 Brykerwoods Dr,acq_7702-brykerwoods-dr,Single Lot,Unknown,Split Lot,unknown,replat child; units=1 (one address); master_size=None (none); depth_ft=129.5944; geometry=HCAD unique exact-address polygon; parcel=0752310010012; parcel_history=none,Retain stored label: classifier abstains; missing or inconclusive evidence is not a contradiction.
springbranch,7706 Cedel Dr,acq_7706-cedel-dr,Single Lot,Split Lot,Split Lot,high,replat child; units=1 (one address); master_size=None (none); depth_ft=116.2393; geometry=HCAD unique exact-address polygon; parcel=0891830020003; parcel_history=none,"Unresolved: classifier measures a deep fragment/replat parcel, but that does not prove two homes or invalidate a reviewed Single label. Obtain the plat; retain stored label."
springbranch,7710 Janak Dr,acq_7710-janak-dr,Single Lot,Unknown,Split Lot,unknown,replat child; units=1 (one address); master_size=None (none); depth_ft=143.1968; geometry=HCAD unique exact-address polygon; parcel=0760970050005; parcel_history=none,Retain stored label: classifier abstains; missing or inconclusive evidence is not a contradiction.
springbranch,7712 Bobbitt Ln,acq_7712-bobbitt-ln,Single Lot,Unknown,Split Lot,unknown,replat child; units=1 (one address); master_size=None (none); depth_ft=284.2193; geometry=HCAD unique exact-address polygon; parcel=0641830000028; parcel_history=none,Retain stored label: classifier abstains; missing or inconclusive evidence is not a contradiction.
springbranch,7715 Betty Jane Ln,acq_7715-betty-jane-ln,Single Lot,Unknown,Split Lot,unknown,replat child; units=1 (one address); master_size=None (none); depth_ft=153.856; geometry=HCAD unique exact-address polygon; parcel=0810540000006; parcel_history=none,Retain stored label: classifier abstains; missing or inconclusive evidence is not a contradiction.
springbranch,7715 Bryonwood Dr,acq_7715-bryonwood-dr,Single Lot,Unknown,Split Lot,unknown,replat child; units=1 (one address); master_size=None (none); depth_ft=126.5599; geometry=HCAD unique exact-address polygon; parcel=0752320030056; parcel_history=none,Retain stored label: classifier abstains; missing or inconclusive evidence is not a contradiction.
springbranch,7719 Bryonwood Dr,acq_7719-bryonwood-dr,Single Lot,Unknown,Split Lot,unknown,replat child; units=1 (one address); master_size=None (none); depth_ft=126.5603; geometry=HCAD unique exact-address polygon; parcel=0752320030057; parcel_history=none,Retain stored label: classifier abstains; missing or inconclusive evidence is not a contradiction.
springbranch,7726 Betty Jane Ln,acq_7726-betty-jane-ln,Single Lot,Unknown,Split Lot,unknown,replat child; units=1 (one address); master_size=None (none); depth_ft=150.6677; geometry=HCAD unique exact-address polygon; parcel=0810550000020; parcel_history=none,Retain stored label: classifier abstains; missing or inconclusive evidence is not a contradiction.
springbranch,7919 S Wellington Ct,acq_7919-s-wellington-ct,Single Lot,Unknown,Split Lot,unknown,replat child; units=1 (one address); master_size=None (none); depth_ft=127.5457; geometry=HCAD unique exact-address polygon; parcel=1177350010008; parcel_history=none,Retain stored label: classifier abstains; missing or inconclusive evidence is not a contradiction.
springbranch,7921 Westwood Dr,acq_7921-westwood-dr,Single Lot,Unknown,Split Lot,unknown,replat child; units=1 (one address); master_size=None (none); depth_ft=161.3636; geometry=HCAD unique exact-address polygon; parcel=0761990020012; parcel_history=none,Retain stored label: classifier abstains; missing or inconclusive evidence is not a contradiction.
springbranch,7923 N Wellington Ct,acq_7923-n-wellington-ct,Single Lot,Unknown,Split Lot,unknown,replat child; units=1 (one address); master_size=None (none); depth_ft=125.6933; geometry=HCAD unique exact-address polygon; parcel=1177350010026; parcel_history=none,Retain stored label: classifier abstains; missing or inconclusive evidence is not a contradiction.
springbranch,7942 Hammerly Blvd,acq_7942-hammerly-blvd,Single Lot,Unknown,Split Lot,unknown,replat child; units=1 (one address); master_size=None (none); depth_ft=108.2126; geometry=HCAD unique exact-address polygon; parcel=0812680000017; parcel_history=none,Retain stored label: classifier abstains; missing or inconclusive evidence is not a contradiction.
springbranch,8029 Ridgeview Dr,acq_8029-ridgeview-dr,Single Lot,Unknown,Split Lot,unknown,replat child; units=1 (one address); master_size=None (none); depth_ft=109.8023; geometry=HCAD unique exact-address polygon; parcel=0812320000008; parcel_history=none,Retain stored label: classifier abstains; missing or inconclusive evidence is not a contradiction.
springbranch,8033 Ridgeview Dr,acq_8033-ridgeview-dr,Single Lot,Unknown,Split Lot,unknown,replat child; units=1 (one address); master_size=None (none); depth_ft=109.6789; geometry=HCAD unique exact-address polygon; parcel=0812320000007; parcel_history=none,Retain stored label: classifier abstains; missing or inconclusive evidence is not a contradiction.
springbranch,8038 Hammerly Blvd,acq_8038-hammerly-blvd,Single Lot,Unknown,Split Lot,unknown,replat child; units=1 (one address); master_size=None (none); depth_ft=113.2737; geometry=HCAD unique exact-address polygon; parcel=0812700000061; parcel_history=none,Retain stored label: classifier abstains; missing or inconclusive evidence is not a contradiction.
springbranch,8046 Turquoise Ln,acq_8046-turquoise-ln,Single Lot,Unknown,Split Lot,unknown,replat child; units=1 (one address); master_size=None (none); depth_ft=110.3041; geometry=HCAD unique exact-address polygon; parcel=0812710000087; parcel_history=none,Retain stored label: classifier abstains; missing or inconclusive evidence is not a contradiction.
springbranch,8313 Cedarbrake Dr,acq_8313-cedarbrake-dr,Single Lot,Unknown,Split Lot,unknown,replat child; units=1 (one address); master_size=None (none); depth_ft=131.7692; geometry=HCAD unique exact-address polygon; parcel=0805590000356; parcel_history=none,Retain stored label: classifier abstains; missing or inconclusive evidence is not a contradiction.
springbranch,8314 Montridge Dr,acq_8314-montridge-dr,Single Lot,Unknown,Split Lot,unknown,replat child; units=1 (one address); master_size=None (none); depth_ft=129.1869; geometry=HCAD unique exact-address polygon; parcel=0762240070153; parcel_history=none,Retain stored label: classifier abstains; missing or inconclusive evidence is not a contradiction.
springbranch,8320 Cedarspur Dr,acq_8320-cedarspur-dr,Single Lot,Unknown,Split Lot,unknown,replat child; units=1 (one address); master_size=None (none); depth_ft=142.1951; geometry=HCAD unique exact-address polygon; parcel=1100310000005; parcel_history=none,Retain stored label: classifier abstains; missing or inconclusive evidence is not a contradiction.
springbranch,8402 Highcrest Dr,acq_8402-highcrest-dr,Single Lot,Unknown,Split Lot,unknown,replat child; units=1 (one address); master_size=None (none); depth_ft=119.7944; geometry=HCAD unique exact-address polygon; parcel=0762240020011; parcel_history=none,Retain stored label: classifier abstains; missing or inconclusive evidence is not a contradiction.
springbranch,8502 Western Dr,acq_8502-western-dr,Single Lot,Unknown,Split Lot,unknown,replat child; units=1 (one address); master_size=None (none); depth_ft=121.2428; geometry=HCAD unique exact-address polygon; parcel=0762250040185; parcel_history=none,Retain stored label: classifier abstains; missing or inconclusive evidence is not a contradiction.
springbranch,8514 Montridge Dr,acq_8514-montridge-dr,Single Lot,Unknown,Split Lot,unknown,replat child; units=1 (one address); master_size=None (none); depth_ft=142.0154; geometry=HCAD unique exact-address polygon; parcel=0762250100032; parcel_history=none,Retain stored label: classifier abstains; missing or inconclusive evidence is not a contradiction.
springbranch,8518 Montridge Dr,acq_8518-montridge-dr,Single Lot,Unknown,Split Lot,unknown,replat child; units=1 (one address); master_size=None (none); depth_ft=141.0837; geometry=HCAD unique exact-address polygon; parcel=0762250100033; parcel_history=none,Retain stored label: classifier abstains; missing or inconclusive evidence is not a contradiction.
springbranch,8531 Vogue Ln,acq_8531-vogue-ln,Single Lot,Unknown,Split Lot,unknown,replat child; units=1 (one address); master_size=None (none); depth_ft=113.3796; geometry=HCAD unique exact-address polygon; parcel=0850230000004; parcel_history=none,Retain stored label: classifier abstains; missing or inconclusive evidence is not a contradiction.
springbranch,8546 Western Dr,acq_8546-western-dr,Single Lot,Unknown,Split Lot,unknown,replat child; units=1 (one address); master_size=None (none); depth_ft=119.7409; geometry=HCAD unique exact-address polygon; parcel=0762250060112; parcel_history=none,Retain stored label: classifier abstains; missing or inconclusive evidence is not a contradiction.
springbranch,8549 Western Dr,acq_8549-western-dr,Single Lot,Unknown,Split Lot,unknown,replat child; units=1 (one address); master_size=None (none); depth_ft=117.3886; geometry=HCAD unique exact-address polygon; parcel=0762250030202; parcel_history=none,Retain stored label: classifier abstains; missing or inconclusive evidence is not a contradiction.
springbranch,8550 Montridge Dr,acq_8550-montridge-dr,Single Lot,Unknown,Split Lot,unknown,replat child; units=1 (one address); master_size=None (none); depth_ft=126.3475; geometry=HCAD unique exact-address polygon; parcel=0762250090040; parcel_history=none,Retain stored label: classifier abstains; missing or inconclusive evidence is not a contradiction.
springbranch,8553 Montridge Dr,acq_8553-montridge-dr,Single Lot,Unknown,Split Lot,unknown,replat child; units=1 (one address); master_size=None (none); depth_ft=120.694; geometry=HCAD unique exact-address polygon; parcel=0762250060093; parcel_history=none,Retain stored label: classifier abstains; missing or inconclusive evidence is not a contradiction.
springbranch,8553 Western Dr,acq_8553-western-dr,Single Lot,Unknown,Split Lot,unknown,replat child; units=1 (one address); master_size=None (none); depth_ft=117.1184; geometry=HCAD unique exact-address polygon; parcel=0762250030201; parcel_history=none,Retain stored label: classifier abstains; missing or inconclusive evidence is not a contradiction.
springbranch,8561 Forum Dr,acq_8561-forum-dr,Single Lot,Unknown,Split Lot,unknown,replat child; units=1 (one address); master_size=None (none); depth_ft=108.4199; geometry=HCAD unique exact-address polygon; parcel=0762250140008; parcel_history=none,Retain stored label: classifier abstains; missing or inconclusive evidence is not a contradiction.
springbranch,8605 Westview Dr,acq_8605-westview-dr,Single Lot,Unknown,Split Lot,unknown,replat child; units=1 (one address); master_size=None (none); depth_ft=149.6171; geometry=HCAD unique exact-address polygon; parcel=0800550000011; parcel_history=none,Retain stored label: classifier abstains; missing or inconclusive evidence is not a contradiction.
springbranch,8623 Cedarbrake Dr,acq_8623-cedarbrake-dr,Single Lot,Unknown,Split Lot,unknown,replat child; units=1 (one address); master_size=None (none); depth_ft=147.1118; geometry=HCAD unique exact-address polygon; parcel=0975250000019; parcel_history=none,Retain stored label: classifier abstains; missing or inconclusive evidence is not a contradiction.
springbranch,8639 Cedarbrake Dr,acq_8639-cedarbrake-dr,Single Lot,Unknown,Split Lot,unknown,replat child; units=1 (one address); master_size=None (none); depth_ft=162.4011; geometry=HCAD unique exact-address polygon; parcel=0975250000015; parcel_history=none,Retain stored label: classifier abstains; missing or inconclusive evidence is not a contradiction.
springbranch,8725 Burkhart Rd,acq_8725-burkhart-rd,Single Lot,Unknown,Split Lot,unknown,replat child; units=1 (one address); master_size=None (none); depth_ft=132.8335; geometry=HCAD unique exact-address polygon; parcel=0912340000002; parcel_history=none,Retain stored label: classifier abstains; missing or inconclusive evidence is not a contradiction.
springbranch,8802 Cedarbrake Dr,acq_8802-cedarbrake-dr,Single Lot,Unknown,Split Lot,unknown,replat child; units=1 (one address); master_size=None (none); depth_ft=121.3207; geometry=HCAD unique exact-address polygon; parcel=0800630000047; parcel_history=none,Retain stored label: classifier abstains; missing or inconclusive evidence is not a contradiction.
springbranch,8814 Croes Dr,acq_8814-croes-dr,Single Lot,Unknown,Split Lot,unknown,replat child; units=1 (one address); master_size=None (none); depth_ft=154.64; geometry=HCAD unique exact-address polygon; parcel=0872220000007; parcel_history=none,Retain stored label: classifier abstains; missing or inconclusive evidence is not a contradiction.
springbranch,8825 Cedarbrake Dr,acq_8825-cedarbrake-dr,Single Lot,Unknown,Split Lot,unknown,replat child; units=1 (one address); master_size=None (none); depth_ft=113.1718; geometry=HCAD unique exact-address polygon; parcel=0822730000087; parcel_history=none,Retain stored label: classifier abstains; missing or inconclusive evidence is not a contradiction.
springbranch,8826 Winningham Ln,acq_8826-winningham-ln,Single Lot,Unknown,Split Lot,unknown,replat child; units=1 (one address); master_size=None (none); depth_ft=136.108; geometry=HCAD unique exact-address polygon; parcel=0925950000002; parcel_history=none,Retain stored label: classifier abstains; missing or inconclusive evidence is not a contradiction.
springbranch,9052 Elizabeth Rd,acq_9052-elizabeth-rd,Single Lot,Unknown,Split Lot,unknown,replat child; units=1 (one address); master_size=None (none); depth_ft=160.5559; geometry=HCAD unique exact-address polygon; parcel=0761470010002; parcel_history=none,Retain stored label: classifier abstains; missing or inconclusive evidence is not a contradiction.
springbranch,9318 Pecos St,acq_9318-pecos-st,Single Lot,Unknown,Split Lot,unknown,replat child; units=1 (one address); master_size=None (none); depth_ft=130.1492; geometry=HCAD unique exact-address polygon; parcel=0813440040024; parcel_history=none,Retain stored label: classifier abstains; missing or inconclusive evidence is not a contradiction.
springbranch,9610 Westview Dr,acq_9610-westview-dr,Single Lot,Unknown,Split Lot,unknown,replat child; units=1 (one address); master_size=None (none); depth_ft=132.6801; geometry=HCAD unique exact-address polygon; parcel=0790510050013; parcel_history=none,Retain stored label: classifier abstains; missing or inconclusive evidence is not a contradiction.
springbranch,9630 Cedardale Dr,acq_9630-cedardale-dr,Single Lot,Unknown,Split Lot,unknown,replat child; units=1 (one address); master_size=None (none); depth_ft=131.2345; geometry=HCAD unique exact-address polygon; parcel=0803920000019; parcel_history=none,Retain stored label: classifier abstains; missing or inconclusive evidence is not a contradiction.
springbranch,9710 Cedardale Dr,acq_9710-cedardale-dr,Single Lot,Unknown,Split Lot,unknown,replat child; units=1 (one address); master_size=None (none); depth_ft=132.3106; geometry=HCAD unique exact-address polygon; parcel=0804010000017; parcel_history=none,Retain stored label: classifier abstains; missing or inconclusive evidence is not a contradiction.
springbranch,9772 Cedardale Dr,acq_9772-cedardale-dr,Single Lot,Unknown,Common Driveway,unknown,replat child; units=1 (one address); master_size=None (none); depth_ft=96.8046; geometry=HCAD unique exact-address polygon; parcel=0861720000026; parcel_history=none,Retain stored label: classifier abstains; missing or inconclusive evidence is not a contradiction.
springbranch,10042 Lazy Oaks St,acq_10042-lazy-oaks-st,Single Lot,Unknown,Split Lot,unknown,replat child; units=1 (one address); master_size=None (none); depth_ft=127.8205; geometry=HCAD unique exact-address polygon; parcel=0801550000007; parcel_history=none,Retain stored label: classifier abstains; missing or inconclusive evidence is not a contradiction.
springbranch,10111 Kerrwood Ln,acq_10111-kerrwood-ln,Single Lot,Unknown,Split Lot,unknown,replat child; units=1 (one address); master_size=None (none); depth_ft=125.0177; geometry=HCAD unique exact-address polygon; parcel=0941720000011; parcel_history=none,Retain stored label: classifier abstains; missing or inconclusive evidence is not a contradiction.
springbranch,1546 Crestdale Dr,acq_1546-crestdale-dr,Single Lot,Unknown,Split Lot,unknown,replat child; units=1 (one address); master_size=None (none); depth_ft=204.7328; geometry=HCAD unique exact-address polygon; parcel=0670450020013; parcel_history=none,Retain stored label: classifier abstains; missing or inconclusive evidence is not a contradiction.
springbranch,1648 Gessner Rd,acq_1648-gessner-rd,Single Lot,Unknown,Unknown,unknown,no legal; units=1 (one address); master_size=None (none); depth_ft=None; geometry=unavailable; parcel=unavailable; parcel_history=none,Retain stored label: classifier abstains; missing or inconclusive evidence is not a contradiction.
springbranch,1723 Campbell Rd,acq_1723-campbell-rd,Single Lot,Unknown,Split Lot,unknown,replat child; units=1 (one address); master_size=None (none); depth_ft=177.7952; geometry=HCAD unique exact-address polygon; parcel=0772810010002; parcel_history=none,Retain stored label: classifier abstains; missing or inconclusive evidence is not a contradiction.
springbranch,1813 Campbell Rd,acq_1813-campbell-rd,Single Lot,Unknown,Split Lot,unknown,replat child; units=1 (one address); master_size=None (none); depth_ft=173.7961; geometry=HCAD unique exact-address polygon; parcel=0772810080076; parcel_history=none,Retain stored label: classifier abstains; missing or inconclusive evidence is not a contradiction.
springbranch,1817 Benbow Way,acq_1817-benbow-way,Single Lot,Unknown,Split Lot,unknown,replat child; units=1 (one address); master_size=None (none); depth_ft=123.391; geometry=HCAD unique exact-address polygon; parcel=0772820100210; parcel_history=none,Retain stored label: classifier abstains; missing or inconclusive evidence is not a contradiction.
springbranch,1903 Sedgie Dr,acq_1903-sedgie-dr,Single Lot,Unknown,Split Lot,unknown,replat child; units=1 (one address); master_size=None (none); depth_ft=107.9221; geometry=HCAD unique exact-address polygon; parcel=0832020000014; parcel_history=none,Retain stored label: classifier abstains; missing or inconclusive evidence is not a contradiction.
springbranch,1912 Sedgie Dr,acq_1912-sedgie-dr,Single Lot,Unknown,Split Lot,unknown,replat child; units=1 (one address); master_size=None (none); depth_ft=107.8716; geometry=HCAD unique exact-address polygon; parcel=0832030000011; parcel_history=none,Retain stored label: classifier abstains; missing or inconclusive evidence is not a contradiction.
springbranch,1918 Ojeman Rd,acq_1918-ojeman-rd,Single Lot,Unknown,Split Lot,unknown,replat child; units=1 (one address); master_size=None (none); depth_ft=211.7285; geometry=HCAD unique exact-address polygon; parcel=0450700010009; parcel_history=none,Retain stored label: classifier abstains; missing or inconclusive evidence is not a contradiction.
springbranch,1926 Ojeman Rd,acq_1926-ojeman-rd,Single Lot,Unknown,Split Lot,unknown,replat child; units=1 (one address); master_size=None (none); depth_ft=211.6528; geometry=HCAD unique exact-address polygon; parcel=0450700010010; parcel_history=none,Retain stored label: classifier abstains; missing or inconclusive evidence is not a contradiction.
springbranch,1928 Campbell Rd,acq_1928-campbell-rd,Single Lot,Unknown,Split Lot,unknown,replat child; units=1 (one address); master_size=None (none); depth_ft=258.9296; geometry=HCAD unique exact-address polygon; parcel=0751250000027; parcel_history=none,Retain stored label: classifier abstains; missing or inconclusive evidence is not a contradiction.
springbranch,1950 Laverne St,acq_1950-laverne-st,Single Lot,Unknown,Split Lot,unknown,replat child; units=1 (one address); master_size=None (none); depth_ft=125.9303; geometry=HCAD unique exact-address polygon; parcel=0651040000035; parcel_history=none,Retain stored label: classifier abstains; missing or inconclusive evidence is not a contradiction.
springbranch,1954 Laverne St,acq_1954-laverne-st,Single Lot,Unknown,Split Lot,unknown,replat child; units=1 (one address); master_size=None (none); depth_ft=101.0464; geometry=HCAD unique exact-address polygon; parcel=0651040000117; parcel_history=none,Retain stored label: classifier abstains; missing or inconclusive evidence is not a contradiction.
springbranch,2009 Sedgie Dr,acq_2009-sedgie-dr,Single Lot,Unknown,Split Lot,unknown,replat child; units=1 (one address); master_size=None (none); depth_ft=105.3703; geometry=HCAD unique exact-address polygon; parcel=0832020000022; parcel_history=none,Retain stored label: classifier abstains; missing or inconclusive evidence is not a contradiction.
springbranch,2014 Elmgate Dr,acq_2014-elmgate-dr,Single Lot,Split Lot,Split Lot,high,replat child; units=1 (one address); master_size=None (none); depth_ft=105.6328; geometry=HCAD unique exact-address polygon; parcel=1011290000025; parcel_history=none,"Unresolved: classifier measures a deep fragment/replat parcel, but that does not prove two homes or invalidate a reviewed Single label. Obtain the plat; retain stored label."
springbranch,2015 Bauer Dr,acq_2015-bauer-dr,Single Lot,Unknown,Split Lot,unknown,replat child; units=1 (one address); master_size=None (none); depth_ft=215.7301; geometry=HCAD unique exact-address polygon; parcel=0420730010007; parcel_history=none,Retain stored label: classifier abstains; missing or inconclusive evidence is not a contradiction.
springbranch,2027 Elmview Dr,acq_2027-elmview-dr,Single Lot,Unknown,Split Lot,unknown,replat child; units=1 (one address); master_size=None (none); depth_ft=120.4456; geometry=HCAD unique exact-address polygon; parcel=0832010000001; parcel_history=none,Retain stored label: classifier abstains; missing or inconclusive evidence is not a contradiction.
springbranch,2030 Peppermill Rd,acq_2030-peppermill-rd,Single Lot,Unknown,Split Lot,unknown,replat child; units=1 (one address); master_size=None (none); depth_ft=208.8962; geometry=HCAD unique exact-address polygon; parcel=0681440130012; parcel_history=none,Retain stored label: classifier abstains; missing or inconclusive evidence is not a contradiction.
springbranch,2031 Peppermill Rd,acq_2031-peppermill-rd,Single Lot,Split Lot,Split Lot,high,replat child; units=1 (one address); master_size=None (none); depth_ft=201.8609; geometry=HCAD unique exact-address polygon; parcel=0681440250001; parcel_history=none,"Unresolved: classifier measures a deep fragment/replat parcel, but that does not prove two homes or invalidate a reviewed Single label. Obtain the plat; retain stored label."
springbranch,2106 Teague Rd,acq_2106-teague-rd,Single Lot,Unknown,Split Lot,unknown,replat child; units=1 (one address); master_size=None (none); depth_ft=126.1999; geometry=HCAD unique exact-address polygon; parcel=0941730000004; parcel_history=none,Retain stored label: classifier abstains; missing or inconclusive evidence is not a contradiction.
springbranch,2135 Bauer Dr,acq_2135-bauer-dr,Single Lot,Unknown,Split Lot,unknown,replat child; units=1 (one address); master_size=None (none); depth_ft=236.6943; geometry=HCAD unique exact-address polygon; parcel=0751250000145; parcel_history=none,Retain stored label: classifier abstains; missing or inconclusive evidence is not a contradiction.
springbranch,2214 Hoskins Dr,acq_2214-hoskins-dr,Single Lot,Unknown,Split Lot,unknown,replat child; units=1 (one address); master_size=None (none); depth_ft=386.3821; geometry=HCAD unique exact-address polygon; parcel=0751250000130; parcel_history=none,Retain stored label: classifier abstains; missing or inconclusive evidence is not a contradiction.
springbranch,2218 Parana Dr,acq_2218-parana-dr,Single Lot,Unknown,Split Lot,unknown,replat child; units=1 (one address); master_size=None (none); depth_ft=109.911; geometry=HCAD unique exact-address polygon; parcel=1024520000010; parcel_history=none,Retain stored label: classifier abstains; missing or inconclusive evidence is not a contradiction.
springbranch,2236 Campbell Rd,acq_2236-campbell-rd,Single Lot,Unknown,Split Lot,unknown,replat child; units=1 (one address); master_size=None (none); depth_ft=238.1273; geometry=HCAD unique exact-address polygon; parcel=0751250000007; parcel_history=none,Retain stored label: classifier abstains; missing or inconclusive evidence is not a contradiction.
springbranch,2302 Parana Dr,acq_2302-parana-dr,Single Lot,Unknown,Split Lot,unknown,replat child; units=1 (one address); master_size=None (none); depth_ft=109.4825; geometry=HCAD unique exact-address polygon; parcel=1024520000011; parcel_history=none,Retain stored label: classifier abstains; missing or inconclusive evidence is not a contradiction.
springbranch,2311 Pomeran Dr,acq_2311-pomeran-dr,Single Lot,Unknown,Split Lot,unknown,replat child; units=1 (one address); master_size=None (none); depth_ft=115.8273; geometry=HCAD unique exact-address polygon; parcel=0981390000003; parcel_history=none,Retain stored label: classifier abstains; missing or inconclusive evidence is not a contradiction.
springbranch,2502 Talina Way,acq_2502-talina-way,Single Lot,Unknown,Split Lot,unknown,replat child; units=1 (one address); master_size=None (none); depth_ft=142.7291; geometry=HCAD unique exact-address polygon; parcel=0975020000010; parcel_history=none,Retain stored label: classifier abstains; missing or inconclusive evidence is not a contradiction.
springbranch,2503 Moss Hill Dr,acq_2503-moss-hill-dr,Single Lot,Unknown,Split Lot,unknown,replat child; units=1 (one address); master_size=None (none); depth_ft=143.155; geometry=HCAD unique exact-address polygon; parcel=0982180000054; parcel_history=none,Retain stored label: classifier abstains; missing or inconclusive evidence is not a contradiction.
springbranch,2503 Valleyfield Dr,acq_2503-valleyfield-dr,Single Lot,Unknown,Split Lot,unknown,replat child; units=1 (one address); master_size=None (none); depth_ft=142.7675; geometry=HCAD unique exact-address polygon; parcel=0972420000012; parcel_history=none,Retain stored label: classifier abstains; missing or inconclusive evidence is not a contradiction.
springbranch,2515 Valleyfield Dr,acq_2515-valleyfield-dr,Single Lot,Unknown,Split Lot,unknown,replat child; units=1 (one address); master_size=None (none); depth_ft=168.5739; geometry=HCAD unique exact-address polygon; parcel=0972420000009; parcel_history=none,Retain stored label: classifier abstains; missing or inconclusive evidence is not a contradiction.
springbranch,2519 Hollow Hook Rd,acq_2519-hollow-hook-rd,Single Lot,Unknown,Split Lot,unknown,replat child; units=1 (one address); master_size=None (none); depth_ft=116.385; geometry=HCAD unique exact-address polygon; parcel=0975020000041; parcel_history=none,Retain stored label: classifier abstains; missing or inconclusive evidence is not a contradiction.
springbranch,2610 Moss Hill Dr,acq_2610-moss-hill-dr,Single Lot,Unknown,Split Lot,unknown,replat child; units=1 (one address); master_size=None (none); depth_ft=122.3988; geometry=HCAD unique exact-address polygon; parcel=0982190000061; parcel_history=none,Retain stored label: classifier abstains; missing or inconclusive evidence is not a contradiction.
springbranch,2610 Rosefield Dr,acq_2610-rosefield-dr,Single Lot,Unknown,Split Lot,unknown,replat child; units=1 (one address); master_size=None (none); depth_ft=114.5538; geometry=HCAD unique exact-address polygon; parcel=0982210000007; parcel_history=none,Retain stored label: classifier abstains; missing or inconclusive evidence is not a contradiction.
springbranch,2614 Pomeran Dr,acq_2614-pomeran-dr,Single Lot,Unknown,Split Lot,unknown,replat child; units=1 (one address); master_size=None (none); depth_ft=120.8059; geometry=HCAD unique exact-address polygon; parcel=0982190000078; parcel_history=none,Retain stored label: classifier abstains; missing or inconclusive evidence is not a contradiction.
springbranch,2635 Talina Way,acq_2635-talina-way,Single Lot,Unknown,Split Lot,unknown,replat child; units=1 (one address); master_size=None (none); depth_ft=140.4338; geometry=HCAD unique exact-address polygon; parcel=0975030000009; parcel_history=none,Retain stored label: classifier abstains; missing or inconclusive evidence is not a contradiction.
springbranch,3003 Ryson St,acq_3003-ryson-st,Single Lot,Unknown,Split Lot,unknown,replat child; units=1 (one address); master_size=None (none); depth_ft=118.8544; geometry=HCAD unique exact-address polygon; parcel=0841380000178; parcel_history=none,Retain stored label: classifier abstains; missing or inconclusive evidence is not a contradiction.
springbranch,3103 Maysel St,acq_3103-maysel-st,Single Lot,Unknown,Split Lot,unknown,replat child; units=1 (one address); master_size=None (none); depth_ft=111.5312; geometry=HCAD unique exact-address polygon; parcel=0841380000158; parcel_history=none,Retain stored label: classifier abstains; missing or inconclusive evidence is not a contradiction.
springbranch,3602 Mona Lee Ln,acq_3602-mona-lee-ln,Single Lot,Unknown,Split Lot,unknown,replat child; units=1 (one address); master_size=None (none); depth_ft=120.6191; geometry=HCAD unique exact-address polygon; parcel=0891330000402; parcel_history=none,Retain stored label: classifier abstains; missing or inconclusive evidence is not a contradiction.
springbranch,4207 Birchton St,acq_4207-birchton-st,Single Lot,Unknown,Split Lot,unknown,replat child; units=1 (one address); master_size=None (none); depth_ft=110.4211; geometry=HCAD unique exact-address polygon; parcel=0962220000605; parcel_history=none,Retain stored label: classifier abstains; missing or inconclusive evidence is not a contradiction.
springbranch,4214 Galway Ln,acq_4214-galway-ln,Single Lot,Unknown,Split Lot,unknown,replat child; units=1 (one address); master_size=None (none); depth_ft=342.7241; geometry=HCAD unique exact-address polygon; parcel=0762070030103; parcel_history=none,Retain stored label: classifier abstains; missing or inconclusive evidence is not a contradiction.
springbranch,8423 Blankenship Dr,acq_8423-blankenship-dr,Single Lot,Unknown,Split Lot,unknown,replat child; units=1 (one address); master_size=None (none); depth_ft=110.4091; geometry=HCAD unique exact-address polygon; parcel=0841390000203; parcel_history=none,Retain stored label: classifier abstains; missing or inconclusive evidence is not a contradiction.
springbranch,8521 Friendship Rd,acq_8521-friendship-rd,Single Lot,Unknown,Split Lot,unknown,replat child; units=1 (one address); master_size=None (none); depth_ft=112.7124; geometry=HCAD unique exact-address polygon; parcel=0841550000592; parcel_history=none,Retain stored label: classifier abstains; missing or inconclusive evidence is not a contradiction.
springbranch,8607 Alcott Dr,acq_8607-alcott-dr,Single Lot,Unknown,Split Lot,unknown,replat child; units=1 (one address); master_size=None (none); depth_ft=109.4853; geometry=HCAD unique exact-address polygon; parcel=0841590000667; parcel_history=none,Retain stored label: classifier abstains; missing or inconclusive evidence is not a contradiction.
springbranch,8607 Norton Dr,acq_8607-norton-dr,Single Lot,Unknown,Split Lot,unknown,replat child; units=1 (one address); master_size=None (none); depth_ft=109.3295; geometry=HCAD unique exact-address polygon; parcel=0841570000631; parcel_history=none,Retain stored label: classifier abstains; missing or inconclusive evidence is not a contradiction.
springbranch,8635 Greiner Dr,acq_8635-greiner-dr,Single Lot,Unknown,Split Lot,unknown,replat child; units=1 (one address); master_size=None (none); depth_ft=105.7092; geometry=HCAD unique exact-address polygon; parcel=0841440000329; parcel_history=none,Retain stored label: classifier abstains; missing or inconclusive evidence is not a contradiction.
springbranch,8646 Kempridge St,acq_8646-kempridge-st,Single Lot,Unknown,Split Lot,unknown,replat child; units=1 (one address); master_size=None (none); depth_ft=110.2671; geometry=HCAD unique exact-address polygon; parcel=0841590000680; parcel_history=none,Retain stored label: classifier abstains; missing or inconclusive evidence is not a contradiction.
springbranch,8651 Blankenship Dr,acq_8651-blankenship-dr,Single Lot,Unknown,Split Lot,unknown,replat child; units=1 (one address); master_size=None (none); depth_ft=110.5645; geometry=HCAD unique exact-address polygon; parcel=0841470000357; parcel_history=none,Retain stored label: classifier abstains; missing or inconclusive evidence is not a contradiction.
springbranch,8922 Carousel Ln,acq_8922-carousel-ln,Single Lot,Unknown,Unknown,unknown,no legal; units=1 (one address); master_size=None (none); depth_ft=None; geometry=ambiguous exact-address accounts; parcel=unavailable; parcel_history=none,Retain stored label: classifier abstains; missing or inconclusive evidence is not a contradiction.
springbranch,8922 Carousel Ln,acq_8922-carousel-ln-2,Single Lot,Unknown,Unknown,unknown,no legal; units=1 (one address); master_size=None (none); depth_ft=None; geometry=ambiguous exact-address accounts; parcel=unavailable; parcel_history=none,Retain stored label: classifier abstains; missing or inconclusive evidence is not a contradiction.
springbranch,8927 Alcott Dr,acq_8927-alcott-dr,Single Lot,Unknown,Split Lot,unknown,replat child; units=1 (one address); master_size=None (none); depth_ft=106.5698; geometry=HCAD unique exact-address polygon; parcel=0972400000002; parcel_history=none,Retain stored label: classifier abstains; missing or inconclusive evidence is not a contradiction.
springbranch,9006 Greiner Dr,acq_9006-greiner-dr,Single Lot,Unknown,Split Lot,unknown,replat child; units=1 (one address); master_size=None (none); depth_ft=119.9287; geometry=HCAD unique exact-address polygon; parcel=0853020000243; parcel_history=none,Retain stored label: classifier abstains; missing or inconclusive evidence is not a contradiction.
springbranch,9010 Carousel Ln,acq_9010-carousel-ln,Single Lot,Unknown,Split Lot,unknown,replat child; units=1 (one address); master_size=None (none); depth_ft=164.4122; geometry=HCAD unique exact-address polygon; parcel=0681440040011; parcel_history=none,Retain stored label: classifier abstains; missing or inconclusive evidence is not a contradiction.
springbranch,9017 Kerrwood Ln,acq_9017-kerrwood-ln,Single Lot,Unknown,Split Lot,unknown,replat child; units=1 (one address); master_size=None (none); depth_ft=220.0048; geometry=HCAD unique exact-address polygon; parcel=0681440120006; parcel_history=none,Retain stored label: classifier abstains; missing or inconclusive evidence is not a contradiction.
springbranch,9022 Kerrwood Ln,acq_9022-kerrwood-ln,Single Lot,Unknown,Split Lot,unknown,replat child; units=1 (one address); master_size=None (none); depth_ft=124.2221; geometry=HCAD unique exact-address polygon; parcel=0681440090013; parcel_history=none,Retain stored label: classifier abstains; missing or inconclusive evidence is not a contradiction.
springbranch,9026 Kerrwood Ln,acq_9026-kerrwood-ln,Single Lot,Unknown,Split Lot,unknown,replat child; units=1 (one address); master_size=None (none); depth_ft=216.8555; geometry=HCAD unique exact-address polygon; parcel=0681440090044; parcel_history=none,Retain stored label: classifier abstains; missing or inconclusive evidence is not a contradiction.
springbranch,9119 Alcott Dr,acq_9119-alcott-dr,Single Lot,Unknown,Split Lot,unknown,replat child; units=1 (one address); master_size=None (none); depth_ft=105.3164; geometry=HCAD unique exact-address polygon; parcel=0972420000024; parcel_history=none,Retain stored label: classifier abstains; missing or inconclusive evidence is not a contradiction.
springbranch,9223 N Allegro St,acq_9223-n-allegro-st,Single Lot,Unknown,Split Lot,unknown,replat child; units=1 (one address); master_size=None (none); depth_ft=189.7005; geometry=HCAD unique exact-address polygon; parcel=0681440170002; parcel_history=none,Retain stored label: classifier abstains; missing or inconclusive evidence is not a contradiction.
springbranch,9238 Friendship Rd,acq_9238-friendship-rd,Single Lot,Unknown,Split Lot,unknown,replat child; units=1 (one address); master_size=None (none); depth_ft=115.7467; geometry=HCAD unique exact-address polygon; parcel=0982360000028; parcel_history=none,Retain stored label: classifier abstains; missing or inconclusive evidence is not a contradiction.
springbranch,9242 Autauga St,acq_9242-autauga-st,Single Lot,Unknown,Split Lot,unknown,replat child; units=1 (one address); master_size=None (none); depth_ft=135.7178; geometry=HCAD unique exact-address polygon; parcel=0825980000067; parcel_history=none,Retain stored label: classifier abstains; missing or inconclusive evidence is not a contradiction.
springbranch,9263 Mcdade St,acq_9263-mcdade-st,Single Lot,Unknown,Split Lot,unknown,replat child; units=1 (one address); master_size=None (none); depth_ft=107.5361; geometry=HCAD unique exact-address polygon; parcel=0982360000004; parcel_history=none,Retain stored label: classifier abstains; missing or inconclusive evidence is not a contradiction.
springbranch,9302 Hammerly Blvd # 1,acq_9302-hammerly-blvd-1,Single Lot,Unknown,Unknown,unknown,no legal; units=1 (one address); master_size=None (none); depth_ft=None; geometry=unavailable; parcel=unavailable; parcel_history=none,Retain stored label: classifier abstains; missing or inconclusive evidence is not a contradiction.
springbranch,9302 Walterville Rd,acq_9302-walterville-rd,Single Lot,Unknown,Split Lot,unknown,replat child; units=1 (one address); master_size=None (none); depth_ft=116.2631; geometry=HCAD unique exact-address polygon; parcel=0772810040022; parcel_history=none,Retain stored label: classifier abstains; missing or inconclusive evidence is not a contradiction.
springbranch,9306 Livernois Rd,acq_9306-livernois-rd,Single Lot,Unknown,Split Lot,unknown,replat child; units=1 (one address); master_size=None (none); depth_ft=140.674; geometry=HCAD unique exact-address polygon; parcel=0772810080071; parcel_history=none,Retain stored label: classifier abstains; missing or inconclusive evidence is not a contradiction.
springbranch,9313 Emnora Ln,acq_9313-emnora-ln,Single Lot,Unknown,Split Lot,unknown,replat child; units=1 (one address); master_size=None (none); depth_ft=166.0439; geometry=HCAD unique exact-address polygon; parcel=0681440050004; parcel_history=none,Retain stored label: classifier abstains; missing or inconclusive evidence is not a contradiction.
springbranch,9337 Walterville Rd,acq_9337-walterville-rd,Single Lot,Unknown,Split Lot,unknown,replat child; units=1 (one address); master_size=None (none); depth_ft=129.8613; geometry=HCAD unique exact-address polygon; parcel=0772820030129; parcel_history=none,Retain stored label: classifier abstains; missing or inconclusive evidence is not a contradiction.
springbranch,9349 Greensward Rd,acq_9349-greensward-rd,Single Lot,Unknown,Split Lot,unknown,replat child; units=1 (one address); master_size=None (none); depth_ft=129.6567; geometry=HCAD unique exact-address polygon; parcel=0772820050156; parcel_history=none,Retain stored label: classifier abstains; missing or inconclusive evidence is not a contradiction.
springbranch,9349 Leto Rd,acq_9349-leto-rd,Single Lot,Unknown,Split Lot,unknown,replat child; units=1 (one address); master_size=None (none); depth_ft=169.1742; geometry=HCAD unique exact-address polygon; parcel=0772820070166; parcel_history=none,Retain stored label: classifier abstains; missing or inconclusive evidence is not a contradiction.
springbranch,9524 Truscon Dr,acq_9524-truscon-dr,Single Lot,Unknown,Split Lot,unknown,replat child; units=1 (one address); master_size=None (none); depth_ft=106.5525; geometry=HCAD unique exact-address polygon; parcel=0832050000031; parcel_history=none,Retain stored label: classifier abstains; missing or inconclusive evidence is not a contradiction.
springbranch,9526 Vogue Ln,acq_9526-vogue-ln,Single Lot,Unknown,Split Lot,unknown,replat child; units=1 (one address); master_size=None (none); depth_ft=107.0137; geometry=HCAD unique exact-address polygon; parcel=0845220000005; parcel_history=none,Retain stored label: classifier abstains; missing or inconclusive evidence is not a contradiction.
springbranch,9541 Kerrwood Ln,acq_9541-kerrwood-ln,Single Lot,Unknown,Split Lot,unknown,replat child; units=1 (one address); master_size=None (none); depth_ft=107.5601; geometry=HCAD unique exact-address polygon; parcel=0832050000036; parcel_history=none,Retain stored label: classifier abstains; missing or inconclusive evidence is not a contradiction.
springbranch,9603 Philmont Dr,acq_9603-philmont-dr,Single Lot,Unknown,Split Lot,unknown,replat child; units=1 (one address); master_size=None (none); depth_ft=142.8729; geometry=HCAD unique exact-address polygon; parcel=1025640000012; parcel_history=none,Retain stored label: classifier abstains; missing or inconclusive evidence is not a contradiction.
springbranch,9626 Carousel Ln,acq_9626-carousel-ln,Single Lot,Unknown,Split Lot,unknown,replat child; units=1 (one address); master_size=None (none); depth_ft=113.9027; geometry=HCAD unique exact-address polygon; parcel=0882720000016; parcel_history=none,Retain stored label: classifier abstains; missing or inconclusive evidence is not a contradiction.
springbranch,9626 Vilven Ln,acq_9626-vilven-ln,Single Lot,Unknown,Split Lot,unknown,replat child; units=1 (one address); master_size=None (none); depth_ft=111.1765; geometry=HCAD unique exact-address polygon; parcel=0882690000016; parcel_history=none,Retain stored label: classifier abstains; missing or inconclusive evidence is not a contradiction.
springbranch,9627 Vilven Ln,acq_9627-vilven-ln,Single Lot,Unknown,Split Lot,unknown,replat child; units=1 (one address); master_size=None (none); depth_ft=108.1181; geometry=HCAD unique exact-address polygon; parcel=0882680000009; parcel_history=none,Retain stored label: classifier abstains; missing or inconclusive evidence is not a contradiction.
springbranch,9630 Bundy Ln,acq_9630-bundy-ln,Single Lot,Unknown,Split Lot,unknown,replat child; units=1 (one address); master_size=None (none); depth_ft=111.0646; geometry=HCAD unique exact-address polygon; parcel=0882710000015; parcel_history=none,Retain stored label: classifier abstains; missing or inconclusive evidence is not a contradiction.
springbranch,9631 Vogue Ln,acq_9631-vogue-ln,Single Lot,Unknown,Split Lot,unknown,replat child; units=1 (one address); master_size=None (none); depth_ft=110.3877; geometry=HCAD unique exact-address polygon; parcel=0882690000010; parcel_history=none,Retain stored label: classifier abstains; missing or inconclusive evidence is not a contradiction.
springbranch,9634 Rockhurst Dr,acq_9634-rockhurst-dr,Single Lot,Unknown,Split Lot,unknown,replat child; units=1 (one address); master_size=None (none); depth_ft=204.8729; geometry=HCAD unique exact-address polygon; parcel=0972830000009; parcel_history=none,Retain stored label: classifier abstains; missing or inconclusive evidence is not a contradiction.
springbranch,9639 Springview Ln,acq_9639-springview-ln,Single Lot,Unknown,Split Lot,unknown,replat child; units=1 (one address); master_size=None (none); depth_ft=106.2874; geometry=HCAD unique exact-address polygon; parcel=0985490000007; parcel_history=none,Retain stored label: classifier abstains; missing or inconclusive evidence is not a contradiction.
springbranch,9646 Springview Ln,acq_9646-springview-ln,Single Lot,Unknown,Split Lot,unknown,replat child; units=1 (one address); master_size=None (none); depth_ft=104.1399; geometry=HCAD unique exact-address polygon; parcel=0985480000023; parcel_history=none,Retain stored label: classifier abstains; missing or inconclusive evidence is not a contradiction.
springbranch,9723 Moorberry Ln,acq_9723-moorberry-ln,Single Lot,Unknown,Split Lot,unknown,replat child; units=1 (one address); master_size=None (none); depth_ft=113.3273; geometry=HCAD unique exact-address polygon; parcel=1001990000004; parcel_history=none,Retain stored label: classifier abstains; missing or inconclusive evidence is not a contradiction.
springbranch,9734 Clanton St,acq_9734-clanton-st,Single Lot,Unknown,Common Driveway,unknown,replat child; units=1 (one address); master_size=None (none); depth_ft=99.2201; geometry=HCAD unique exact-address polygon; parcel=0985460000009; parcel_history=none,Retain stored label: classifier abstains; missing or inconclusive evidence is not a contradiction.
springbranch,9741 Warwana Rd,acq_9741-warwana-rd,Single Lot,Unknown,Split Lot,unknown,replat child; units=1 (one address); master_size=None (none); depth_ft=134.6918; geometry=HCAD unique exact-address polygon; parcel=0790670050043; parcel_history=none,Retain stored label: classifier abstains; missing or inconclusive evidence is not a contradiction.
springbranch,9803 Canoga Ln,acq_9803-canoga-ln,Single Lot,Split Lot,Split Lot,high,replat child; units=1 (one address); master_size=None (none); depth_ft=154.1999; geometry=HCAD unique exact-address polygon; parcel=1011290000021; parcel_history=none,"Unresolved: classifier measures a deep fragment/replat parcel, but that does not prove two homes or invalidate a reviewed Single label. Obtain the plat; retain stored label."
springbranch,9805 Shadow Wood Dr,acq_9805-shadow-wood-dr,Single Lot,Unknown,Split Lot,unknown,replat child; units=1 (one address); master_size=None (none); depth_ft=336.7658; geometry=HCAD unique exact-address polygon; parcel=0741590040007; parcel_history=none,Retain stored label: classifier abstains; missing or inconclusive evidence is not a contradiction.
springbranch,9814 Foxrun Ct,acq_9814-foxrun-ct,Single Lot,Unknown,Split Lot,unknown,replat child; units=1 (one address); master_size=None (none); depth_ft=136.0497; geometry=HCAD unique exact-address polygon; parcel=1001960000015; parcel_history=none,Retain stored label: classifier abstains; missing or inconclusive evidence is not a contradiction.
springbranch,9847 Briarwild Ln,acq_9847-briarwild-ln,Single Lot,Unknown,Split Lot,unknown,replat child; units=1 (one address); master_size=None (none); depth_ft=200.4012; geometry=HCAD unique exact-address polygon; parcel=0781050020021; parcel_history=none,Retain stored label: classifier abstains; missing or inconclusive evidence is not a contradiction.
springvalley,1432 Bingle Road,act_1432-bingle,Single Lot,Unknown,Split Lot,unknown,replat child; units=1 (one address); master_size=None (none); depth_ft=226.4864; geometry=HCAD unique exact-address polygon; parcel=0440340020160; parcel_history=none,Retain stored label: classifier abstains; missing or inconclusive evidence is not a contradiction.
springvalley,8919 Echo Valley Drive,act_8919-echo-valley,Single Lot,Unknown,Split Lot,unknown,replat child; units=1 (one address); master_size=None (none); depth_ft=123.4877; geometry=HCAD unique exact-address polygon; parcel=0991580000010; parcel_history=none,Retain stored label: classifier abstains; missing or inconclusive evidence is not a contradiction.
springvalley,1328 Mickey Way,act_1328-mickey,Single Lot,Unknown,Split Lot,unknown,replat child; units=1 (one address); master_size=None (none); depth_ft=104.9995; geometry=HCAD unique exact-address polygon; parcel=0833240000003; parcel_history=none,Retain stored label: classifier abstains; missing or inconclusive evidence is not a contradiction.
springvalley,8722 Lupton Lane,act_8722-lupton,Single Lot,Unknown,Split Lot,unknown,replat child; units=1 (one address); master_size=None (none); depth_ft=131.8361; geometry=HCAD unique exact-address polygon; parcel=0800550000024; parcel_history=none,Retain stored label: classifier abstains; missing or inconclusive evidence is not a contradiction.
springvalley,8412 Lofland Drive,act_8412-lofland,Single Lot,Unknown,Split Lot,unknown,replat child; units=1 (one address); master_size=None (none); depth_ft=253.441; geometry=HCAD unique exact-address polygon; parcel=0791300080152; parcel_history=none,Retain stored label: classifier abstains; missing or inconclusive evidence is not a contradiction.
springvalley,9050 Elizabeth Road,sv_9050-elizabeth,Single Lot,Unknown,Split Lot,unknown,replat child; units=1 (one address); master_size=None (none); depth_ft=207.0585; geometry=HCAD unique exact-address polygon; parcel=0761470010003; parcel_history=none,Retain stored label: classifier abstains; missing or inconclusive evidence is not a contradiction.
timbergrove,6322 Wynnwood Lane,tg_6322-wynnwood,Single Lot,Unknown,Split Lot,unknown,replat child; units=1 (one address); master_size=None (none); depth_ft=132.4149; geometry=HCAD unique exact-address polygon; parcel=0812440000004; parcel_history=none,Retain stored label: classifier abstains; missing or inconclusive evidence is not a contradiction.
timbergrove,1110 Grovewood Lane,tg_1110-grovewood,Single Lot,Unknown,Split Lot,unknown,replat child; units=1 (one address); master_size=None (none); depth_ft=120.3658; geometry=HCAD unique exact-address polygon; parcel=0771810040004; parcel_history=none,Retain stored label: classifier abstains; missing or inconclusive evidence is not a contradiction.
timbergrove,"922 Prince St, Houston, Tx 77008",tg_mig_2131538328,Single Lot,Unknown,Split Lot,unknown,replat child; units=1 (one address); master_size=None (none); depth_ft=121.2455; geometry=HCAD unique exact-address polygon; parcel=0771820140009; parcel_history=none,Retain stored label: classifier abstains; missing or inconclusive evidence is not a contradiction.
timbergrove,"1023 Nashua St, Houston, Tx 77008",tg_mig_2131538429,Single Lot,Unknown,Split Lot,unknown,replat child; units=1 (one address); master_size=None (none); depth_ft=127.7202; geometry=HCAD unique exact-address polygon; parcel=0771820140028; parcel_history=none,Retain stored label: classifier abstains; missing or inconclusive evidence is not a contradiction.
timbergrove,"1510 Glen Oaks St, Houston, Tx 77008",tg_mig_2131538725,Single Lot,Unknown,Split Lot,unknown,replat child; units=1 (one address); master_size=None (none); depth_ft=119.3305; geometry=HCAD unique exact-address polygon; parcel=0771820170003; parcel_history=none,Retain stored label: classifier abstains; missing or inconclusive evidence is not a contradiction.
timbergrove,"1522 Glen Oaks St, Houston, Tx 77008",tg_mig_2131538738,Single Lot,Unknown,Split Lot,unknown,replat child; units=1 (one address); master_size=None (none); depth_ft=237.4591; geometry=HCAD unique exact-address polygon; parcel=0771820170006; parcel_history=none,Retain stored label: classifier abstains; missing or inconclusive evidence is not a contradiction.
timbergrove,"1602 Turnpike Rd, Houston, TX 77008",tg_mig_pmt_1602-turnpike-rd-77008,Single Lot,Unknown,Split Lot,unknown,replat child; units=1 (one address); master_size=None (none); depth_ft=303.5196; geometry=HCAD unique exact-address polygon; parcel=0771820170019; parcel_history=none,Retain stored label: classifier abstains; missing or inconclusive evidence is not a contradiction.
timbergrove,"822 Nashua St, Houston, TX 77008",tg_mig_pmt_822-nashua-st-77008,Single Lot,Unknown,Split Lot,unknown,replat child; units=1 (one address); master_size=None (none); depth_ft=134.81; geometry=HCAD unique exact-address polygon; parcel=0771820130025; parcel_history=none,Retain stored label: classifier abstains; missing or inconclusive evidence is not a contradiction.
timbergrove,"1219 Bay Oaks Rd, Houston, Tx 77008",tg_mig_2131537524,Single Lot,Unknown,Split Lot,unknown,replat child; units=1 (one address); master_size=None (none); depth_ft=301.942; geometry=HCAD unique exact-address polygon; parcel=0771810060016; parcel_history=none,Retain stored label: classifier abstains; missing or inconclusive evidence is not a contradiction.
timbergrove,"911 Bay Oaks Rd, Houston, Tx 77008",tg_mig_2131538680,Single Lot,Unknown,Split Lot,unknown,replat child; units=1 (one address); master_size=None (none); depth_ft=129.9757; geometry=HCAD unique exact-address polygon; parcel=0771820160009; parcel_history=none,Retain stored label: classifier abstains; missing or inconclusive evidence is not a contradiction.
timbergrove,"905 Bay Oaks Rd, Houston, Tx 77008",tg_mig_2131538718,Single Lot,Unknown,Split Lot,unknown,replat child; units=1 (one address); master_size=None (none); depth_ft=129.9474; geometry=HCAD unique exact-address polygon; parcel=0771820160010; parcel_history=none,Retain stored label: classifier abstains; missing or inconclusive evidence is not a contradiction.
timbergrove,"1118 Worthshire St, Houston, TX 77008",tg_mig_pmt_1118-worthshire-st-77008,Single Lot,Unknown,Split Lot,unknown,replat child; units=1 (one address); master_size=None (none); depth_ft=122.0542; geometry=HCAD unique exact-address polygon; parcel=0771810090009; parcel_history=none,Retain stored label: classifier abstains; missing or inconclusive evidence is not a contradiction.
timbergrove,6118 Abington Way 77008,tgp_6118-abington,Single Lot,Unknown,Split Lot,unknown,replat child; units=1 (one address); master_size=None (none); depth_ft=185.9623; geometry=HCAD unique exact-address polygon; parcel=0771820290015; parcel_history=none,Retain stored label: classifier abstains; missing or inconclusive evidence is not a contradiction.
timbergrove,2006 Cranston Ct 77008,tgp_2006-cranston,Single Lot,Unknown,Split Lot,unknown,replat child; units=1 (one address); master_size=None (none); depth_ft=304.7981; geometry=HCAD unique exact-address polygon; parcel=0771820210002; parcel_history=none,Retain stored label: classifier abstains; missing or inconclusive evidence is not a contradiction.
timbergrove,1018 Grovewood Ln 77008,tgp_1018-grovewood,Single Lot,Unknown,Split Lot,unknown,replat child; units=1 (one address); master_size=None (none); depth_ft=120.6621; geometry=HCAD unique exact-address polygon; parcel=0771810040008; parcel_history=none,Retain stored label: classifier abstains; missing or inconclusive evidence is not a contradiction.
timbergrove,6111 Hurst St 77008,tgp_6111-hurst,Single Lot,Unknown,Split Lot,unknown,replat child; units=1 (one address); master_size=None (none); depth_ft=158.5072; geometry=HCAD unique exact-address polygon; parcel=0771820260020; parcel_history=none,Retain stored label: classifier abstains; missing or inconclusive evidence is not a contradiction.
timbergrove,2611 Lazybrook Dr 77008,tgp_2611-lazybrook,Single Lot,Unknown,Split Lot,unknown,replat child; units=1 (one address); master_size=None (none); depth_ft=111.6348; geometry=HCAD unique exact-address polygon; parcel=0923110000013; parcel_history=none,Retain stored label: classifier abstains; missing or inconclusive evidence is not a contradiction.
timbergrove,1202 Timbergrove Ln 77008,tgp_1202-timbergrove,Single Lot,Unknown,Split Lot,unknown,replat child; units=1 (one address); master_size=None (none); depth_ft=197.5125; geometry=HCAD unique exact-address polygon; parcel=0771810060032; parcel_history=none,Retain stored label: classifier abstains; missing or inconclusive evidence is not a contradiction.
timbergrove,2606 Droxford Dr 77008,tgp_2606-droxford,Single Lot,Unknown,Split Lot,unknown,replat child; units=1 (one address); master_size=None (none); depth_ft=171.2953; geometry=HCAD unique exact-address polygon; parcel=0872320000111; parcel_history=none,Retain stored label: classifier abstains; missing or inconclusive evidence is not a contradiction.
timbergrove,6515 Lindyann Ln 77008,tgp_6515-lindyann,Single Lot,Unknown,Split Lot,unknown,replat child; units=1 (one address); master_size=None (none); depth_ft=129.4906; geometry=HCAD unique exact-address polygon; parcel=0852590000015; parcel_history=none,Retain stored label: classifier abstains; missing or inconclusive evidence is not a contradiction.
timbergrove,1834 Crystal Ct 77008,tgp_1834-crystal,Single Lot,Unknown,Split Lot,unknown,replat child; units=1 (one address); master_size=None (none); depth_ft=111.4624; geometry=HCAD unique exact-address polygon; parcel=0833720000032; parcel_history=none,Retain stored label: classifier abstains; missing or inconclusive evidence is not a contradiction.
timbergrove,2418 Brookmere Dr 77008,tgp_2418-brookmere,Single Lot,Unknown,Split Lot,unknown,replat child; units=1 (one address); master_size=None (none); depth_ft=122.311; geometry=HCAD unique exact-address polygon; parcel=0994050000022; parcel_history=none,Retain stored label: classifier abstains; missing or inconclusive evidence is not a contradiction.
timbergrove,1307 Foxwood Rd 77008,tgp_1307-foxwood,Single Lot,Unknown,Split Lot,unknown,replat child; units=1 (one address); master_size=None (none); depth_ft=122.8572; geometry=HCAD unique exact-address polygon; parcel=0920880000050; parcel_history=none,Retain stored label: classifier abstains; missing or inconclusive evidence is not a contradiction.
timbergrove,6430 Lindyann Ln 77008,tgp_6430-lindyann,Single Lot,Unknown,Split Lot,unknown,replat child; units=1 (one address); master_size=None (none); depth_ft=137.1535; geometry=HCAD unique exact-address polygon; parcel=0852550000003; parcel_history=none,Retain stored label: classifier abstains; missing or inconclusive evidence is not a contradiction.
timbergrove,6227 Lindyann Ln 77008,tgp_6227-lindyann,Single Lot,Unknown,Split Lot,unknown,replat child; units=1 (one address); master_size=None (none); depth_ft=128.6199; geometry=HCAD unique exact-address polygon; parcel=0852530000015; parcel_history=none,Retain stored label: classifier abstains; missing or inconclusive evidence is not a contradiction.
timbergrove,6607 Cindy Ln 77008,tgp_6607-cindy,Single Lot,Unknown,Split Lot,unknown,replat child; units=1 (one address); master_size=None (none); depth_ft=135.6726; geometry=HCAD unique exact-address polygon; parcel=0891360000002; parcel_history=none,Retain stored label: classifier abstains; missing or inconclusive evidence is not a contradiction.
timbergrove,6107 Waltway Dr 77008,tgp_6107-waltway,Single Lot,Unknown,Split Lot,unknown,replat child; units=1 (one address); master_size=None (none); depth_ft=185.7269; geometry=HCAD unique exact-address polygon; parcel=0812410000012; parcel_history=none,Retain stored label: classifier abstains; missing or inconclusive evidence is not a contradiction.
timbergrove,1126 Timbergrove Ln 77008,tgp_1126-timbergrove,Single Lot,Unknown,Split Lot,unknown,replat child; units=1 (one address); master_size=None (none); depth_ft=187.4181; geometry=HCAD unique exact-address polygon; parcel=0771810060033; parcel_history=none,Retain stored label: classifier abstains; missing or inconclusive evidence is not a contradiction.
timbergrove,1723 Tannehill Dr 77008,tgp_1723-tannehill,Single Lot,Unknown,Split Lot,unknown,replat child; units=1 (one address); master_size=None (none); depth_ft=110.117; geometry=HCAD unique exact-address polygon; parcel=0855810000048; parcel_history=none,Retain stored label: classifier abstains; missing or inconclusive evidence is not a contradiction.
timbergrove,1226 Timbergrove Ln 77008,tgp_1226-timbergrove,Single Lot,Unknown,Split Lot,unknown,replat child; units=1 (one address); master_size=None (none); depth_ft=209.3058; geometry=HCAD unique exact-address polygon; parcel=0771810060026; parcel_history=none,Retain stored label: classifier abstains; missing or inconclusive evidence is not a contradiction.
timbergrove,1011 Grovewood Ln 77008,tgp_1011-grovewood,Single Lot,Unknown,Split Lot,unknown,replat child; units=1 (one address); master_size=None (none); depth_ft=125.333; geometry=HCAD unique exact-address polygon; parcel=0771810030020; parcel_history=none,Retain stored label: classifier abstains; missing or inconclusive evidence is not a contradiction.
timbergrove,3507 Harvest Dance Dr 77008,tgp_3507-harvest-dance,Common Driveway,Unknown,Common Driveway,unknown,replat child; units=1 (one address); master_size=None (none); depth_ft=59.997; geometry=HCAD unique exact-address polygon; parcel=1399450010004; parcel_history=none,Retain stored label: classifier abstains; missing or inconclusive evidence is not a contradiction.
timbergrove,3525 Harvest Dance Dr 77008,tgp_3525-harvest-dance,Common Driveway,Unknown,Common Driveway,unknown,replat child; units=1 (one address); master_size=None (none); depth_ft=60.0041; geometry=HCAD unique exact-address polygon; parcel=1444190010003; parcel_history=none,Retain stored label: classifier abstains; missing or inconclusive evidence is not a contradiction.
timbergrove,3523 Harvest Dance Dr 77008,tgp_3523-harvest-dance,Common Driveway,Unknown,Common Driveway,unknown,replat child; units=1 (one address); master_size=None (none); depth_ft=60.0044; geometry=HCAD unique exact-address polygon; parcel=1444190010002; parcel_history=none,Retain stored label: classifier abstains; missing or inconclusive evidence is not a contradiction.
timbergrove,3521 Harvest Dance Dr 77008,tgp_3521-harvest-dance,Common Driveway,Unknown,Common Driveway,unknown,replat child; units=1 (one address); master_size=None (none); depth_ft=60.0006; geometry=HCAD unique exact-address polygon; parcel=1444190010001; parcel_history=none,Retain stored label: classifier abstains; missing or inconclusive evidence is not a contradiction.
timbergrove,3502 Huntsford Dr 77008,tgp_3502-huntsford,Common Driveway,Unknown,Common Driveway,unknown,replat child; units=1 (one address); master_size=None (none); depth_ft=65.1603; geometry=HCAD unique exact-address polygon; parcel=1399450010015; parcel_history=none,Retain stored label: classifier abstains; missing or inconclusive evidence is not a contradiction.
timbergrove,3516 Harvest Dance Dr 77008,tgp_3516-harvest-dance,Common Driveway,Unknown,Unknown,unknown,no legal; units=1 (one address); master_size=None (none); depth_ft=None; geometry=unavailable; parcel=unavailable; parcel_history=none,Retain stored label: classifier abstains; missing or inconclusive evidence is not a contradiction.
timbergrove,3511 Harvest Dance Dr 77008,tgp_3511-harvest-dance,Common Driveway,Unknown,Common Driveway,unknown,replat child; units=1 (one address); master_size=None (none); depth_ft=59.9909; geometry=HCAD unique exact-address polygon; parcel=1399450010002; parcel_history=none,Retain stored label: classifier abstains; missing or inconclusive evidence is not a contradiction.
westu,"2205 North Boulevard, Houston, TX 77005",ACT02,Single Lot,Unknown,Unknown,unknown,no legal; units=1 (one address); master_size=None (none); depth_ft=None; geometry=unavailable; parcel=unavailable; parcel_history=none,Retain stored label: classifier abstains; missing or inconclusive evidence is not a contradiction.
westu,"4819 Mandell Street, Houston, TX 77005",ACT04,Single Lot,Unknown,Split Lot,unknown,replat child; units=1 (one address); master_size=None (none); depth_ft=116.4232; geometry=HCAD unique exact-address polygon; parcel=0441830000090; parcel_history=none,Retain stored label: classifier abstains; missing or inconclusive evidence is not a contradiction.
westu,"2216 Tangley Street, Houston, TX 77005",ACT05,Single Lot,Unknown,Split Lot,unknown,replat child; units=1 (one address); master_size=None (none); depth_ft=108.1364; geometry=HCAD unique exact-address polygon; parcel=0540850000006; parcel_history=none,Retain stored label: classifier abstains; missing or inconclusive evidence is not a contradiction.
westu,"2325 Wroxton Road, Houston, TX 77005",ACT06,Single Lot,Unknown,Split Lot,unknown,replat child; units=1 (one address); master_size=None (none); depth_ft=120.0951; geometry=HCAD unique exact-address polygon; parcel=0591300080020; parcel_history=none,Retain stored label: classifier abstains; missing or inconclusive evidence is not a contradiction.
westu,"2316 North Boulevard, Houston, TX 77005",ACT07,Single Lot,Unknown,Unknown,unknown,no legal; units=1 (one address); master_size=None (none); depth_ft=None; geometry=unavailable; parcel=unavailable; parcel_history=none,Retain stored label: classifier abstains; missing or inconclusive evidence is not a contradiction.
westu,"4002 Marquette Street, Houston, TX 77005",ACT08,Single Lot,Unknown,Split Lot,unknown,replat child; units=1 (one address); master_size=None (none); depth_ft=102.7575; geometry=HCAD unique exact-address polygon; parcel=0561910000011; parcel_history=none,Retain stored label: classifier abstains; missing or inconclusive evidence is not a contradiction.
westu,"3717 Carlon Street, Houston, TX 77005",ACT09,Single Lot,Unknown,Split Lot,unknown,replat child; units=1 (one address); master_size=None (none); depth_ft=150.0064; geometry=HCAD unique exact-address polygon; parcel=0560570000025; parcel_history=none,Retain stored label: classifier abstains; missing or inconclusive evidence is not a contradiction.
westu,"2627 Tangley Road, Houston, TX 77005",ACT10,Single Lot,Unknown,Common Driveway,unknown,replat child; units=1 (one address); master_size=None (none); depth_ft=99.9628; geometry=HCAD unique exact-address polygon; parcel=0691120020003; parcel_history=none,Retain stored label: classifier abstains; missing or inconclusive evidence is not a contradiction.
westu,"3701 Arnold Street, Houston, TX 77005",ACT11,Single Lot,Unknown,Split Lot,unknown,replat child; units=1 (one address); master_size=None (none); depth_ft=124.3499; geometry=HCAD unique exact-address polygon; parcel=0681250150020; parcel_history=none,Retain stored label: classifier abstains; missing or inconclusive evidence is not a contradiction.
westu,"3779 SYRACUSE ST 77005, Houston, TX 77005",pmt_3779-syracuse-st,Single Lot,Unknown,Split Lot,unknown,replat child; units=1 (one address); master_size=None (none); depth_ft=140.6129; geometry=HCAD unique exact-address polygon; parcel=0681250220004; parcel_history=none,Retain stored label: classifier abstains; missing or inconclusive evidence is not a contradiction.
westu,"1803 BOLSOVER ST 77005, Houston, TX 77005",pmt_1803-bolsover-st,Single Lot,Split Lot,Split Lot,high,replat child; units=1 (one address); master_size=None (none); depth_ft=119.9974; geometry=HCAD unique exact-address polygon; parcel=0541070040003; parcel_history=none,"Unresolved: classifier measures a deep fragment/replat parcel, but that does not prove two homes or invalidate a reviewed Single label. Obtain the plat; retain stored label."
westu,"1807 BOLSOVER ST 77005, Houston, TX 77005",pmt_1807-bolsover-st,Single Lot,Split Lot,Split Lot,high,replat child; units=1 (one address); master_size=None (none); depth_ft=119.9979; geometry=HCAD unique exact-address polygon; parcel=0541070040002; parcel_history=none,"Unresolved: classifier measures a deep fragment/replat parcel, but that does not prove two homes or invalidate a reviewed Single label. Obtain the plat; retain stored label."
westu,"1811 BOLSOVER ST 77005, Houston, TX 77005",pmt_1811-bolsover-st,Single Lot,Split Lot,Split Lot,high,replat child; units=1 (one address); master_size=None (none); depth_ft=119.9988; geometry=HCAD unique exact-address polygon; parcel=0541070040001; parcel_history=none,"Unresolved: classifier measures a deep fragment/replat parcel, but that does not prove two homes or invalidate a reviewed Single label. Obtain the plat; retain stored label."
westu,"5329 DORA ST 77005, Houston, TX 77005",pmt_5329-dora-st,Single Lot,Unknown,Common Driveway,unknown,replat child; units=1 (one address); master_size=None (none); depth_ft=46.6327; geometry=HCAD unique exact-address polygon; parcel=1214330010004; parcel_history=none,Retain stored label: classifier abstains; missing or inconclusive evidence is not a contradiction.
westu,"2428 NOTTINGHAM ST 77005, Houston, TX 77005",pmt_2428-nottingham-st,Single Lot,Unknown,Split Lot,unknown,replat child; units=1 (one address); master_size=None (none); depth_ft=105.0358; geometry=HCAD unique exact-address polygon; parcel=0622160070017; parcel_history=none,Retain stored label: classifier abstains; missing or inconclusive evidence is not a contradiction.
westu,"5303 CHEROKEE ST 77005, Houston, TX 77005",pmt_5303-cherokee-st,Single Lot,Split Lot,Split Lot,high,replat child; units=1 (one address); master_size=None (none); depth_ft=153.5933; geometry=HCAD unique exact-address polygon; parcel=0541400000001; parcel_history=none,"Unresolved: classifier measures a deep fragment/replat parcel, but that does not prove two homes or invalidate a reviewed Single label. Obtain the plat; retain stored label."
westu,"2357 BOLSOVER ST 77005, Houston, TX 77005",pmt_2357-bolsover-st,Single Lot,Unknown,Split Lot,unknown,replat child; units=1 (one address); master_size=None (none); depth_ft=125.2833; geometry=HCAD unique exact-address polygon; parcel=0591290010010; parcel_history=none,Retain stored label: classifier abstains; missing or inconclusive evidence is not a contradiction.
westu,"3746 CHILDRESS ST 77005, Houston, TX 77005",pmt_3746-childress-st,Single Lot,Unknown,Split Lot,unknown,replat child; units=1 (one address); master_size=None (none); depth_ft=121.3117; geometry=HCAD unique exact-address polygon; parcel=0681250290011; parcel_history=none,Retain stored label: classifier abstains; missing or inconclusive evidence is not a contradiction.
westu,"3782 WESTERMAN ST 77005, Houston, TX 77005",pmt_3782-westerman-st,Single Lot,Split Lot,Split Lot,high,replat child; units=1 (one address); master_size=None (none); depth_ft=135.0005; geometry=HCAD unique exact-address polygon; parcel=0681250300001; parcel_history=none,"Unresolved: classifier measures a deep fragment/replat parcel, but that does not prove two homes or invalidate a reviewed Single label. Obtain the plat; retain stored label."
westu,"5312 CHEROKEE ST 77005, Houston, TX 77005",pmt_5312-cherokee-st,Single Lot,Split Lot,Split Lot,high,replat child; units=1 (one address); master_size=None (none); depth_ft=148.6022; geometry=HCAD unique exact-address polygon; parcel=0541390000003; parcel_history=none,"Unresolved: classifier measures a deep fragment/replat parcel, but that does not prove two homes or invalidate a reviewed Single label. Obtain the plat; retain stored label."
westu,"2334 DUNSTAN RD 77005, Houston, TX 77005",pmt_2334-dunstan-rd,Single Lot,Unknown,Split Lot,unknown,replat child; units=1 (one address); master_size=None (none); depth_ft=123.4362; geometry=HCAD unique exact-address polygon; parcel=0591290030003; parcel_history=none,Retain stored label: classifier abstains; missing or inconclusive evidence is not a contradiction.
westu,"3753 DRAKE ST 77005, Houston, TX 77005",pmt_3753-drake-st,Single Lot,Unknown,Split Lot,unknown,replat child; units=1 (one address); master_size=None (none); depth_ft=195.2459; geometry=HCAD unique exact-address polygon; parcel=0681250220011; parcel_history=none,Retain stored label: classifier abstains; missing or inconclusive evidence is not a contradiction.
westu,"2337 WROXTON RD 77005, Houston, TX 77005",pmt_2337-wroxton-rd,Single Lot,Unknown,Split Lot,unknown,replat child; units=1 (one address); master_size=None (none); depth_ft=120.0953; geometry=HCAD unique exact-address polygon; parcel=0591300080017; parcel_history=none,Retain stored label: classifier abstains; missing or inconclusive evidence is not a contradiction.
westu,"2405 NOTTINGHAM ST 77005, Houston, TX 77005",pmt_2405-nottingham-st,Single Lot,Unknown,Split Lot,unknown,replat child; units=1 (one address); master_size=None (none); depth_ft=119.9998; geometry=HCAD unique exact-address polygon; parcel=0370100000009; parcel_history=none,Retain stored label: classifier abstains; missing or inconclusive evidence is not a contradiction.
westu,"2328 QUENBY ST 77005, Houston, TX 77005",pmt_2328-quenby-st,Single Lot,Unknown,Split Lot,unknown,replat child; units=1 (one address); master_size=None (none); depth_ft=131.8852; geometry=HCAD unique exact-address polygon; parcel=0591300060007; parcel_history=none,Retain stored label: classifier abstains; missing or inconclusive evidence is not a contradiction.
westu,"2341 WROXTON RD 77005, Houston, TX 77005",pmt_2341-wroxton-rd,Single Lot,Unknown,Split Lot,unknown,replat child; units=1 (one address); master_size=None (none); depth_ft=120.0971; geometry=HCAD unique exact-address polygon; parcel=0591300080016; parcel_history=none,Retain stored label: classifier abstains; missing or inconclusive evidence is not a contradiction.
westu,"5335 MANDELL ST 77005, Houston, TX 77005",pmt_5335-mandell-st,Single Lot,Split Lot,Split Lot,high,replat child; units=1 (one address); master_size=None (none); depth_ft=144.1596; geometry=HCAD unique exact-address polygon; parcel=0541410000005; parcel_history=none,"Unresolved: classifier measures a deep fragment/replat parcel, but that does not prove two homes or invalidate a reviewed Single label. Obtain the plat; retain stored label."
westu,"3771 PURDUE ST 77005, Houston, TX 77005",pmt_3771-purdue-st,Single Lot,Unknown,Split Lot,unknown,replat child; units=1 (one address); master_size=None (none); depth_ft=135.1049; geometry=HCAD unique exact-address polygon; parcel=0681250250041; parcel_history=none,Retain stored label: classifier abstains; missing or inconclusive evidence is not a contradiction.
westu,"3743 WESTERMAN ST 77005, Houston, TX 77005",pmt_3743-westerman-st,Single Lot,Unknown,Split Lot,unknown,replat child; units=1 (one address); master_size=None (none); depth_ft=132.0028; geometry=HCAD unique exact-address polygon; parcel=0681250270035; parcel_history=none,Retain stored label: classifier abstains; missing or inconclusive evidence is not a contradiction.
westu,11 Shadow Lawn St,acq_11-shadow-lawn-st,Single Lot,Unknown,Split Lot,unknown,replat child; units=1 (one address); master_size=None (none); depth_ft=235.5511; geometry=HCAD unique exact-address polygon; parcel=0523230000011; parcel_history=none,Retain stored label: classifier abstains; missing or inconclusive evidence is not a contradiction.
westu,1716 Bissonnet St,acq_1716-bissonnet-st,Single Lot,Unknown,Split Lot,unknown,replat child; units=1 (one address); master_size=None (none); depth_ft=139.6911; geometry=HCAD unique exact-address polygon; parcel=0562550000008; parcel_history=none,Retain stored label: classifier abstains; missing or inconclusive evidence is not a contradiction.
westu,1720 Bissonnet St # 1,acq_1720-bissonnet-st-1,Single Lot,Unknown,Unknown,unknown,no legal; units=1 (one address); master_size=None (none); depth_ft=None; geometry=unavailable; parcel=unavailable; parcel_history=none,Retain stored label: classifier abstains; missing or inconclusive evidence is not a contradiction.
westu,1811 Sunset Blvd,acq_1811-sunset-blvd,Single Lot,Unknown,Split Lot,unknown,replat child; units=1 (one address); master_size=None (none); depth_ft=132.9125; geometry=HCAD unique exact-address polygon; parcel=0540790000011; parcel_history=none,Retain stored label: classifier abstains; missing or inconclusive evidence is not a contradiction.
westu,2023 Quenby St,acq_2023-quenby-st,Single Lot,Unknown,Split Lot,unknown,replat child; units=1 (one address); master_size=None (none); depth_ft=136.3424; geometry=HCAD unique exact-address polygon; parcel=0540810000014; parcel_history=none,Retain stored label: classifier abstains; missing or inconclusive evidence is not a contradiction.
westu,2025 Albans Rd,acq_2025-albans-rd,Single Lot,Unknown,Split Lot,unknown,replat child; units=1 (one address); master_size=None (none); depth_ft=120.0; geometry=HCAD unique exact-address polygon; parcel=0540930000013; parcel_history=none,Retain stored label: classifier abstains; missing or inconclusive evidence is not a contradiction.
westu,2042 Bissonnet St,acq_2042-bissonnet-st,Single Lot,Unknown,Split Lot,unknown,replat child; units=1 (one address); master_size=None (none); depth_ft=120.1055; geometry=HCAD unique exact-address polygon; parcel=0600650020008; parcel_history=none,Retain stored label: classifier abstains; missing or inconclusive evidence is not a contradiction.
westu,2119 Tangley St,acq_2119-tangley-st,Single Lot,Unknown,Split Lot,unknown,replat child; units=1 (one address); master_size=None (none); depth_ft=111.5794; geometry=HCAD unique exact-address polygon; parcel=0540820000012; parcel_history=none,Retain stored label: classifier abstains; missing or inconclusive evidence is not a contradiction.
westu,2120 Wroxton Rd,acq_2120-wroxton-rd,Single Lot,Unknown,Split Lot,unknown,replat child; units=1 (one address); master_size=None (none); depth_ft=120.2208; geometry=HCAD unique exact-address polygon; parcel=0541040000005; parcel_history=none,Retain stored label: classifier abstains; missing or inconclusive evidence is not a contradiction.
westu,2328 Quenby St,acq_2328-quenby-st,Single Lot,Unknown,Split Lot,unknown,replat child; units=1 (one address); master_size=None (none); depth_ft=131.8852; geometry=HCAD unique exact-address polygon; parcel=0591300060007; parcel_history=none,Retain stored label: classifier abstains; missing or inconclusive evidence is not a contradiction.
westu,2375 Bolsover St,acq_2375-bolsover-st,Single Lot,Unknown,Split Lot,unknown,replat child; units=1 (one address); master_size=None (none); depth_ft=125.3267; geometry=HCAD unique exact-address polygon; parcel=0591290010007; parcel_history=none,Retain stored label: classifier abstains; missing or inconclusive evidence is not a contradiction.
westu,2405 Nottingham St,acq_2405-nottingham-st,Single Lot,Unknown,Split Lot,unknown,replat child; units=1 (one address); master_size=None (none); depth_ft=119.9998; geometry=HCAD unique exact-address polygon; parcel=0370100000009; parcel_history=none,Retain stored label: classifier abstains; missing or inconclusive evidence is not a contradiction.
westu,2419 Sunset Blvd,acq_2419-sunset-blvd,Single Lot,Unknown,Split Lot,unknown,replat child; units=1 (one address); master_size=None (none); depth_ft=111.1098; geometry=HCAD unique exact-address polygon; parcel=0622160070006; parcel_history=none,Retain stored label: classifier abstains; missing or inconclusive evidence is not a contradiction.
westu,2420 Nottingham St,acq_2420-nottingham-st,Single Lot,Unknown,Split Lot,unknown,replat child; units=1 (one address); master_size=None (none); depth_ft=103.6447; geometry=HCAD unique exact-address polygon; parcel=0622160070015; parcel_history=none,Retain stored label: classifier abstains; missing or inconclusive evidence is not a contradiction.
westu,2434 Wroxton Rd # 6,acq_2434-wroxton-rd-6,Single Lot,Unknown,Unknown,unknown,no legal; units=1 (one address); master_size=None (none); depth_ft=None; geometry=unavailable; parcel=unavailable; parcel_history=none,Retain stored label: classifier abstains; missing or inconclusive evidence is not a contradiction.
westu,2602 Arbuckle St,acq_2602-arbuckle-st,Single Lot,Unknown,Split Lot,unknown,replat child; units=1 (one address); master_size=None (none); depth_ft=122.4237; geometry=HCAD unique exact-address polygon; parcel=0511190090001; parcel_history=none,Retain stored label: classifier abstains; missing or inconclusive evidence is not a contradiction.
westu,2632 Fenwood Rd,acq_2632-fenwood-rd,Single Lot,Unknown,Split Lot,unknown,replat child; units=1 (one address); master_size=None (none); depth_ft=116.3451; geometry=HCAD unique exact-address polygon; parcel=0601190040003; parcel_history=none,Retain stored label: classifier abstains; missing or inconclusive evidence is not a contradiction.
westu,2720 University Blvd,acq_2720-university-blvd,Single Lot,Unknown,Split Lot,unknown,replat child; units=1 (one address); master_size=None (none); depth_ft=125.001; geometry=HCAD unique exact-address polygon; parcel=0571810000012; parcel_history=none,Retain stored label: classifier abstains; missing or inconclusive evidence is not a contradiction.
westu,2721 Fenwood Rd,acq_2721-fenwood-rd,Single Lot,Unknown,Split Lot,unknown,replat child; units=1 (one address); master_size=None (none); depth_ft=119.9647; geometry=HCAD unique exact-address polygon; parcel=0601190050005; parcel_history=none,Retain stored label: classifier abstains; missing or inconclusive evidence is not a contradiction.
westu,2722 Pemberton Dr,acq_2722-pemberton-dr,Single Lot,Unknown,Split Lot,unknown,replat child; units=1 (one address); master_size=None (none); depth_ft=141.3936; geometry=HCAD unique exact-address polygon; parcel=0601190050015; parcel_history=none,Retain stored label: classifier abstains; missing or inconclusive evidence is not a contradiction.
westu,2801 Albans Rd,acq_2801-albans-rd,Single Lot,Unknown,Split Lot,unknown,replat child; units=1 (one address); master_size=None (none); depth_ft=104.4748; geometry=HCAD unique exact-address polygon; parcel=0590400000015; parcel_history=none,Retain stored label: classifier abstains; missing or inconclusive evidence is not a contradiction.
westu,2816 Sunset Blvd,acq_2816-sunset-blvd,Single Lot,Unknown,Split Lot,unknown,replat child; units=1 (one address); master_size=None (none); depth_ft=114.213; geometry=HCAD unique exact-address polygon; parcel=0590400000028; parcel_history=none,Retain stored label: classifier abstains; missing or inconclusive evidence is not a contradiction.
westu,2912 Bellaire Blvd,acq_2912-bellaire-blvd,Common Driveway,Unknown,Unknown,unknown,no legal; units=1 (one address); master_size=None (none); depth_ft=None; geometry=unavailable; parcel=unavailable; parcel_history=none,Retain stored label: classifier abstains; missing or inconclusive evidence is not a contradiction.
westu,3012 Jarrard St,acq_3012-jarrard-st,Single Lot,Unknown,Split Lot,unknown,replat child; units=1 (one address); master_size=None (none); depth_ft=109.5362; geometry=HCAD unique exact-address polygon; parcel=0600280000030; parcel_history=none,Retain stored label: classifier abstains; missing or inconclusive evidence is not a contradiction.
westu,3016 Lafayette St,acq_3016-lafayette-st,Single Lot,Unknown,Common Driveway,unknown,replat child; units=1 (one address); master_size=None (none); depth_ft=99.3619; geometry=HCAD unique exact-address polygon; parcel=0600210000031; parcel_history=none,Retain stored label: classifier abstains; missing or inconclusive evidence is not a contradiction.
westu,3126 Nottingham St,acq_3126-nottingham-st,Single Lot,Unknown,Split Lot,unknown,replat child; units=1 (one address); master_size=None (none); depth_ft=103.7014; geometry=HCAD unique exact-address polygon; parcel=0590410070013; parcel_history=none,Retain stored label: classifier abstains; missing or inconclusive evidence is not a contradiction.
westu,3515 Nottingham St,acq_3515-nottingham-st,Single Lot,Unknown,Split Lot,unknown,replat child; units=1 (one address); master_size=None (none); depth_ft=150.4914; geometry=HCAD unique exact-address polygon; parcel=0551120750002; parcel_history=none,Retain stored label: classifier abstains; missing or inconclusive evidence is not a contradiction.
westu,3607 Amherst St,acq_3607-amherst-st,Single Lot,Unknown,Split Lot,unknown,replat child; units=1 (one address); master_size=None (none); depth_ft=149.9998; geometry=HCAD unique exact-address polygon; parcel=0550990440006; parcel_history=none,Retain stored label: classifier abstains; missing or inconclusive evidence is not a contradiction.
westu,3710 Tangley Rd,acq_3710-tangley-rd,Single Lot,Unknown,Unknown,unknown,no legal; units=1 (one address); master_size=None (none); depth_ft=None; geometry=unavailable; parcel=unavailable; parcel_history=none,Retain stored label: classifier abstains; missing or inconclusive evidence is not a contradiction.
westu,3715 Rice Blvd,acq_3715-rice-blvd,Single Lot,Unknown,Split Lot,unknown,replat child; units=1 (one address); master_size=None (none); depth_ft=124.0133; geometry=HCAD unique exact-address polygon; parcel=0681010010015; parcel_history=none,Retain stored label: classifier abstains; missing or inconclusive evidence is not a contradiction.
westu,3722 Sunset Blvd,acq_3722-sunset-blvd,Single Lot,Unknown,Split Lot,unknown,replat child; units=1 (one address); master_size=None (none); depth_ft=124.3762; geometry=HCAD unique exact-address polygon; parcel=0681250020014; parcel_history=none,Retain stored label: classifier abstains; missing or inconclusive evidence is not a contradiction.
westu,3743 Westerman St,acq_3743-westerman-st,Single Lot,Unknown,Split Lot,unknown,replat child; units=1 (one address); master_size=None (none); depth_ft=132.0028; geometry=HCAD unique exact-address polygon; parcel=0681250270035; parcel_history=none,Retain stored label: classifier abstains; missing or inconclusive evidence is not a contradiction.
westu,3747 Childress St,acq_3747-childress-st,Single Lot,Unknown,Split Lot,unknown,replat child; units=1 (one address); master_size=None (none); depth_ft=109.2327; geometry=HCAD unique exact-address polygon; parcel=0681250280015; parcel_history=none,Retain stored label: classifier abstains; missing or inconclusive evidence is not a contradiction.
westu,3766 Nottingham St,acq_3766-nottingham-st,Single Lot,Unknown,Split Lot,unknown,replat child; units=1 (one address); master_size=None (none); depth_ft=124.0518; geometry=HCAD unique exact-address polygon; parcel=0681250040005; parcel_history=none,Retain stored label: classifier abstains; missing or inconclusive evidence is not a contradiction.
westu,3771 Purdue St,acq_3771-purdue-st,Single Lot,Unknown,Split Lot,unknown,replat child; units=1 (one address); master_size=None (none); depth_ft=135.1049; geometry=HCAD unique exact-address polygon; parcel=0681250250041; parcel_history=none,Retain stored label: classifier abstains; missing or inconclusive evidence is not a contradiction.
westu,3778 Nottingham St,acq_3778-nottingham-st,Single Lot,Unknown,Split Lot,unknown,replat child; units=1 (one address); master_size=None (none); depth_ft=125.1919; geometry=HCAD unique exact-address polygon; parcel=0681250040002; parcel_history=none,Retain stored label: classifier abstains; missing or inconclusive evidence is not a contradiction.
westu,3784 Arnold St,acq_3784-arnold-st,Single Lot,Unknown,Split Lot,unknown,replat child; units=1 (one address); master_size=None (none); depth_ft=124.8416; geometry=HCAD unique exact-address polygon; parcel=0681250160001; parcel_history=none,Retain stored label: classifier abstains; missing or inconclusive evidence is not a contradiction.
westu,3805 Byron St,acq_3805-byron-st,Single Lot,Unknown,Common Driveway,unknown,replat child; units=1 (one address); master_size=None (none); depth_ft=99.5056; geometry=HCAD unique exact-address polygon; parcel=0551500000008; parcel_history=none,Retain stored label: classifier abstains; missing or inconclusive evidence is not a contradiction.
westu,3809 Byron St,acq_3809-byron-st,Single Lot,Unknown,Common Driveway,unknown,replat child; units=1 (one address); master_size=None (none); depth_ft=99.498; geometry=HCAD unique exact-address polygon; parcel=0551500000007; parcel_history=none,Retain stored label: classifier abstains; missing or inconclusive evidence is not a contradiction.
westu,3809 Sunset Blvd,acq_3809-sunset-blvd,Single Lot,Unknown,Split Lot,unknown,replat child; units=1 (one address); master_size=None (none); depth_ft=120.8579; geometry=HCAD unique exact-address polygon; parcel=0560240000004; parcel_history=none,Retain stored label: classifier abstains; missing or inconclusive evidence is not a contradiction.
westu,3923 Purdue St,acq_3923-purdue-st,Single Lot,Unknown,Split Lot,unknown,replat child; units=1 (one address); master_size=None (none); depth_ft=136.6205; geometry=HCAD unique exact-address polygon; parcel=0740710070003; parcel_history=none,Retain stored label: classifier abstains; missing or inconclusive evidence is not a contradiction.
westu,3930 Drake St,acq_3930-drake-st,Single Lot,Unknown,Split Lot,unknown,replat child; units=1 (one address); master_size=None (none); depth_ft=128.8349; geometry=HCAD unique exact-address polygon; parcel=0740710070034; parcel_history=none,Retain stored label: classifier abstains; missing or inconclusive evidence is not a contradiction.
westu,3934 Rice Blvd,acq_3934-rice-blvd,Single Lot,Unknown,Split Lot,unknown,replat child; units=1 (one address); master_size=None (none); depth_ft=100.1847; geometry=HCAD unique exact-address polygon; parcel=0560350000018; parcel_history=none,Retain stored label: classifier abstains; missing or inconclusive evidence is not a contradiction.
westu,4002 Marquette St,acq_4002-marquette-st,Single Lot,Unknown,Split Lot,unknown,replat child; units=1 (one address); master_size=None (none); depth_ft=102.7575; geometry=HCAD unique exact-address polygon; parcel=0561910000011; parcel_history=none,Retain stored label: classifier abstains; missing or inconclusive evidence is not a contradiction.
westu,4005 University Blvd,acq_4005-university-blvd,Single Lot,Unknown,Split Lot,unknown,replat child; units=1 (one address); master_size=None (none); depth_ft=113.9994; geometry=HCAD unique exact-address polygon; parcel=0591670340009; parcel_history=none,Retain stored label: classifier abstains; missing or inconclusive evidence is not a contradiction.
westu,4014 Marquette St,acq_4014-marquette-st,Single Lot,Unknown,Split Lot,unknown,replat child; units=1 (one address); master_size=None (none); depth_ft=100.3543; geometry=HCAD unique exact-address polygon; parcel=0561910000014; parcel_history=none,Retain stored label: classifier abstains; missing or inconclusive evidence is not a contradiction.
westu,4015 Case St,acq_4015-case-st,Single Lot,Unknown,Split Lot,unknown,replat child; units=1 (one address); master_size=None (none); depth_ft=101.0504; geometry=HCAD unique exact-address polygon; parcel=0591670320007; parcel_history=none,Retain stored label: classifier abstains; missing or inconclusive evidence is not a contradiction.
westu,4025 Milton St,acq_4025-milton-st,Single Lot,Unknown,Split Lot,unknown,replat child; units=1 (one address); master_size=None (none); depth_ft=100.9733; geometry=HCAD unique exact-address polygon; parcel=0700450020003; parcel_history=none,Retain stored label: classifier abstains; missing or inconclusive evidence is not a contradiction.
westu,4124 Bissonnet St,acq_4124-bissonnet-st,Single Lot,Unknown,Common Driveway,unknown,replat child; units=1 (one address); master_size=None (none); depth_ft=99.6914; geometry=HCAD unique exact-address polygon; parcel=0552780000018; parcel_history=none,Retain stored label: classifier abstains; missing or inconclusive evidence is not a contradiction.
westu,4128 Judson Ave,acq_4128-judson-ave,Single Lot,Unknown,Split Lot,unknown,replat child; units=1 (one address); master_size=None (none); depth_ft=100.8504; geometry=HCAD unique exact-address polygon; parcel=0552970000015; parcel_history=none,Retain stored label: classifier abstains; missing or inconclusive evidence is not a contradiction.
westu,4220 Dartmouth Ave,acq_4220-dartmouth-ave,Single Lot,Unknown,Split Lot,unknown,replat child; units=1 (one address); master_size=None (none); depth_ft=101.1626; geometry=HCAD unique exact-address polygon; parcel=0552840000020; parcel_history=none,Retain stored label: classifier abstains; missing or inconclusive evidence is not a contradiction.
westu,4220 Lehigh Ave,acq_4220-lehigh-ave,Single Lot,Unknown,Split Lot,unknown,replat child; units=1 (one address); master_size=None (none); depth_ft=100.1373; geometry=HCAD unique exact-address polygon; parcel=0552820000020; parcel_history=none,Retain stored label: classifier abstains; missing or inconclusive evidence is not a contradiction.
westu,4511 Kelvin Dr,acq_4511-kelvin-dr,Single Lot,Unknown,Unknown,unknown,no legal; units=1 (one address); master_size=None (none); depth_ft=None; geometry=unavailable; parcel=unavailable; parcel_history=none,Retain stored label: classifier abstains; missing or inconclusive evidence is not a contradiction.
westu,5600 Community Dr,acq_5600-community-dr,Single Lot,Unknown,Split Lot,unknown,replat child; units=1 (one address); master_size=None (none); depth_ft=116.5856; geometry=HCAD unique exact-address polygon; parcel=0552750000024; parcel_history=none,Retain stored label: classifier abstains; missing or inconclusive evidence is not a contradiction.
westu,5810 Buffalo Speedway,acq_5810-buffalo-speedway,Single Lot,Unknown,Split Lot,unknown,replat child; units=1 (one address); master_size=None (none); depth_ft=148.768; geometry=HCAD unique exact-address polygon; parcel=0551080680009; parcel_history=none,Retain stored label: classifier abstains; missing or inconclusive evidence is not a contradiction.
westu,5811 Lake St,acq_5811-lake-st,Single Lot,Unknown,Common Driveway,unknown,replat child; units=1 (one address); master_size=None (none); depth_ft=90.0001; geometry=HCAD unique exact-address polygon; parcel=0580230000002; parcel_history=none,Retain stored label: classifier abstains; missing or inconclusive evidence is not a contradiction.
westu,6010 Lake St,acq_6010-lake-st,Single Lot,Unknown,Common Driveway,unknown,replat child; units=1 (one address); master_size=None (none); depth_ft=99.7134; geometry=HCAD unique exact-address polygon; parcel=0571740000006; parcel_history=none,Retain stored label: classifier abstains; missing or inconclusive evidence is not a contradiction.
westu,6107 Lake St,acq_6107-lake-st,Single Lot,Unknown,Common Driveway,unknown,replat child; units=1 (one address); master_size=None (none); depth_ft=99.4945; geometry=HCAD unique exact-address polygon; parcel=0571800000003; parcel_history=none,Retain stored label: classifier abstains; missing or inconclusive evidence is not a contradiction.
westu,6424 Buffalo Speedway,acq_6424-buffalo-speedway,Single Lot,Unknown,Split Lot,unknown,replat child; units=1 (one address); master_size=None (none); depth_ft=158.2117; geometry=HCAD unique exact-address polygon; parcel=0393210000015; parcel_history=none,Retain stored label: classifier abstains; missing or inconclusive evidence is not a contradiction.
westu,6523 Westchester Ave,acq_6523-westchester-ave,Single Lot,Unknown,Split Lot,unknown,replat child; units=1 (one address); master_size=None (none); depth_ft=147.7681; geometry=HCAD unique exact-address polygon; parcel=0393230000010; parcel_history=none,Retain stored label: classifier abstains; missing or inconclusive evidence is not a contradiction.
westu,6524 Vanderbilt St,acq_6524-vanderbilt-st,Single Lot,Unknown,Split Lot,unknown,replat child; units=1 (one address); master_size=None (none); depth_ft=200.5528; geometry=HCAD unique exact-address polygon; parcel=0393020110003; parcel_history=none,Retain stored label: classifier abstains; missing or inconclusive evidence is not a contradiction.
westu,6615 Belmont St,acq_6615-belmont-st,Single Lot,Unknown,Split Lot,unknown,replat child; units=1 (one address); master_size=None (none); depth_ft=199.9547; geometry=HCAD unique exact-address polygon; parcel=0392980000013; parcel_history=none,Retain stored label: classifier abstains; missing or inconclusive evidence is not a contradiction.
westu,6623 Edloe St,acq_6623-edloe-st,Single Lot,Unknown,Split Lot,unknown,replat child; units=1 (one address); master_size=None (none); depth_ft=155.0779; geometry=HCAD unique exact-address polygon; parcel=0560550000014; parcel_history=none,Retain stored label: classifier abstains; missing or inconclusive evidence is not a contradiction.
gardenoaksoakforest,959 Althea Drive,act_959-althea-drive,Single Lot,Unknown,Split Lot,unknown,replat child; units=1 (one address); master_size=None (none); depth_ft=150.3145; geometry=HCAD unique exact-address polygon; parcel=0660460420019; parcel_history=none,Retain stored label: classifier abstains; missing or inconclusive evidence is not a contradiction.
gardenoaksoakforest,1014 Gardenia Drive,act_1014-gardenia-drive,Single Lot,Unknown,Split Lot,unknown,replat child; units=1 (one address); master_size=None (none); depth_ft=142.5106; geometry=HCAD unique exact-address polygon; parcel=0660460530004; parcel_history=none,Retain stored label: classifier abstains; missing or inconclusive evidence is not a contradiction.
gardenoaksoakforest,431 W 30th Street,act_431-w-30th-street,Single Lot,Unknown,Split Lot,unknown,replat child; units=1 (one address); master_size=None (none); depth_ft=147.0982; geometry=HCAD unique exact-address polygon; parcel=0660450110008; parcel_history=none,Retain stored label: classifier abstains; missing or inconclusive evidence is not a contradiction.
gardenoaksoakforest,955 W 42nd Street,act_955-w-42nd-street,Single Lot,Unknown,Split Lot,unknown,replat child; units=1 (one address); master_size=None (none); depth_ft=132.9089; geometry=HCAD unique exact-address polygon; parcel=0660460430031; parcel_history=none,Retain stored label: classifier abstains; missing or inconclusive evidence is not a contradiction.
gardenoaksoakforest,519 W 30th Street,act_519-w-30th-street,Single Lot,Unknown,Split Lot,unknown,replat child; units=1 (one address); master_size=None (none); depth_ft=166.006; geometry=HCAD unique exact-address polygon; parcel=0660450110014; parcel_history=none,Retain stored label: classifier abstains; missing or inconclusive evidence is not a contradiction.
gardenoaksoakforest,934 W 43rd Street,act_934-w-43rd-street,Single Lot,Unknown,Split Lot,unknown,replat child; units=1 (one address); master_size=None (none); depth_ft=193.9761; geometry=HCAD unique exact-address polygon; parcel=0660460470009; parcel_history=none,Retain stored label: classifier abstains; missing or inconclusive evidence is not a contradiction.
gardenoaksoakforest,211 W 34th Street,act_211-w-34th-street,Single Lot,Unknown,Split Lot,unknown,replat child; units=1 (one address); master_size=None (none); depth_ft=176.3551; geometry=HCAD unique exact-address polygon; parcel=0660450050034; parcel_history=none,Retain stored label: classifier abstains; missing or inconclusive evidence is not a contradiction.
gardenoaksoakforest,515 W 33rd Street,act_515-w-33rd-street,Single Lot,Unknown,Split Lot,unknown,replat child; units=1 (one address); master_size=None (none); depth_ft=174.4989; geometry=HCAD unique exact-address polygon; parcel=0660450080027; parcel_history=none,Retain stored label: classifier abstains; missing or inconclusive evidence is not a contradiction.
gardenoaksoakforest,822 W 31st Street,act_822-w-31st-street,Single Lot,Unknown,Split Lot,unknown,replat child; units=1 (one address); master_size=None (none); depth_ft=172.8089; geometry=HCAD unique exact-address polygon; parcel=0660450170009; parcel_history=none,Retain stored label: classifier abstains; missing or inconclusive evidence is not a contradiction.
gardenoaksoakforest,316 W 30th Street,act_316-w-30th-street,Single Lot,Unknown,Split Lot,unknown,replat child; units=1 (one address); master_size=None (none); depth_ft=165.9028; geometry=HCAD unique exact-address polygon; parcel=0660450020013; parcel_history=none,Retain stored label: classifier abstains; missing or inconclusive evidence is not a contradiction.
gardenoaksoakforest,891 W 41st Street,act_891-w-41st-street,Single Lot,Unknown,Split Lot,unknown,replat child; units=1 (one address); master_size=None (none); depth_ft=197.2403; geometry=HCAD unique exact-address polygon; parcel=0660460340023; parcel_history=none,Retain stored label: classifier abstains; missing or inconclusive evidence is not a contradiction.
gardenoaksoakforest,315 W 32nd Street,act_315-w-32nd-street,Single Lot,Unknown,Split Lot,unknown,replat child; units=1 (one address); master_size=None (none); depth_ft=186.7105; geometry=HCAD unique exact-address polygon; parcel=0660450030024; parcel_history=none,Retain stored label: classifier abstains; missing or inconclusive evidence is not a contradiction.
gardenoaksoakforest,713 W 42nd Street,act_713-w-42nd-street,Single Lot,Unknown,Split Lot,unknown,replat child; units=1 (one address); master_size=None (none); depth_ft=180.8124; geometry=HCAD unique exact-address polygon; parcel=0660460280029; parcel_history=none,Retain stored label: classifier abstains; missing or inconclusive evidence is not a contradiction.
gardenoaksoakforest,867 W 42nd Street,act_867-w-42nd-street,Single Lot,Unknown,Split Lot,unknown,replat child; units=1 (one address); master_size=None (none); depth_ft=160.8283; geometry=HCAD unique exact-address polygon; parcel=0660460350028; parcel_history=none,Retain stored label: classifier abstains; missing or inconclusive evidence is not a contradiction.
gardenoaksoakforest,810 W 41st Street,act_810-w-41st-street,Single Lot,Unknown,Split Lot,unknown,replat child; units=1 (one address); master_size=None (none); depth_ft=171.8279; geometry=HCAD unique exact-address polygon; parcel=0660460350003; parcel_history=none,Retain stored label: classifier abstains; missing or inconclusive evidence is not a contradiction.
gardenoaksoakforest,320 W 32nd Street,act_320-w-32nd-street,Single Lot,Unknown,Split Lot,unknown,replat child; units=1 (one address); master_size=None (none); depth_ft=166.4371; geometry=HCAD unique exact-address polygon; parcel=0660450040014; parcel_history=none,Retain stored label: classifier abstains; missing or inconclusive evidence is not a contradiction.
gardenoaksoakforest,752 W 43rd Street,act_752-w-43rd-street,Single Lot,Unknown,Unknown,unknown,no legal; units=1 (one address); master_size=None (none); depth_ft=None; geometry=ambiguous exact-address accounts; parcel=unavailable; parcel_history=none,Retain stored label: classifier abstains; missing or inconclusive evidence is not a contradiction.
gardenoaksoakforest,"408 W 30TH ST, Houston, TX 77018",pmt_408-w-30th-st,Single Lot,Unknown,Split Lot,unknown,replat child; units=1 (one address); master_size=None (none); depth_ft=189.2606; geometry=HCAD unique exact-address polygon; parcel=0660450100002; parcel_history=none,Retain stored label: classifier abstains; missing or inconclusive evidence is not a contradiction.
gardenoaksoakforest,"802 W 32ND ST, Houston, TX 77018",pmt_802-w-32nd-st,Single Lot,Unknown,Split Lot,unknown,replat child; units=1 (one address); master_size=None (none); depth_ft=174.4516; geometry=HCAD unique exact-address polygon; parcel=0660450180004; parcel_history=none,Retain stored label: classifier abstains; missing or inconclusive evidence is not a contradiction.
gardenoaksoakforest,"203 W 34TH ST, Houston, TX 77018",pmt_203-w-34th-st,Single Lot,Unknown,Split Lot,unknown,replat child; units=1 (one address); master_size=None (none); depth_ft=178.4406; geometry=HCAD unique exact-address polygon; parcel=0660450050036; parcel_history=none,Retain stored label: classifier abstains; missing or inconclusive evidence is not a contradiction.
gardenoaksoakforest,"710 W 41ST ST, Houston, TX 77018",pmt_710-w-41st-st,Single Lot,Unknown,Split Lot,unknown,replat child; units=1 (one address); master_size=None (none); depth_ft=188.2269; geometry=HCAD unique exact-address polygon; parcel=0660460280005; parcel_history=none,Retain stored label: classifier abstains; missing or inconclusive evidence is not a contradiction.
gardenoaksoakforest,"1063 GARDENIA DR, Houston, TX 77018",pmt_1063-gardenia-dr,Single Lot,Unknown,Split Lot,unknown,replat child; units=1 (one address); master_size=None (none); depth_ft=154.0688; geometry=HCAD unique exact-address polygon; parcel=0660460520026; parcel_history=none,Retain stored label: classifier abstains; missing or inconclusive evidence is not a contradiction.
gardenoaksoakforest,"919 GARDENIA DR, Houston, TX 77018",pmt_919-gardenia-dr,Single Lot,Unknown,Split Lot,unknown,replat child; units=1 (one address); master_size=None (none); depth_ft=117.8517; geometry=HCAD unique exact-address polygon; parcel=0660460440034; parcel_history=none,Retain stored label: classifier abstains; missing or inconclusive evidence is not a contradiction.
gardenoaksoakforest,"539 W 34TH ST, Houston, TX 77018",pmt_539-w-34th-st,Single Lot,Unknown,Split Lot,unknown,replat child; units=1 (one address); master_size=None (none); depth_ft=182.0044; geometry=HCAD unique exact-address polygon; parcel=0660450070021; parcel_history=none,Retain stored label: classifier abstains; missing or inconclusive evidence is not a contradiction.
gardenoaksoakforest,"431 W 32ND ST, Houston, TX 77018",pmt_431-w-32nd-st,Single Lot,Unknown,Split Lot,unknown,replat child; units=1 (one address); master_size=None (none); depth_ft=165.7232; geometry=HCAD unique exact-address polygon; parcel=0660450090030; parcel_history=none,Retain stored label: classifier abstains; missing or inconclusive evidence is not a contradiction.
gardenoaksoakforest,"1003 LAMONTE LN, Houston, TX 77018",pmt_1003-lamonte-ln,Single Lot,Unknown,Split Lot,unknown,replat child; units=1 (one address); master_size=None (none); depth_ft=139.9025; geometry=HCAD unique exact-address polygon; parcel=0660460530044; parcel_history=none,Retain stored label: classifier abstains; missing or inconclusive evidence is not a contradiction.
gardenoaksoakforest,"1587 SUE BARNETT DR, Houston, TX 77018",pmt_1587-sue-barnett-dr,Single Lot,Unknown,Split Lot,unknown,replat child; units=1 (one address); master_size=None (none); depth_ft=179.8368; geometry=HCAD unique exact-address polygon; parcel=0660460550027; parcel_history=none,Retain stored label: classifier abstains; missing or inconclusive evidence is not a contradiction.
gardenoaksoakforest,"750 SUE BARNETT DR, Houston, TX 77018",pmt_750-sue-barnett-dr,Single Lot,Unknown,Split Lot,unknown,replat child; units=1 (one address); master_size=None (none); depth_ft=193.2588; geometry=HCAD unique exact-address polygon; parcel=0660460240015; parcel_history=none,Retain stored label: classifier abstains; missing or inconclusive evidence is not a contradiction.
gardenoaksoakforest,"963 W 41ST ST, Houston, TX 77018",pmt_963-w-41st-st,Single Lot,Unknown,Split Lot,unknown,replat child; units=1 (one address); master_size=None (none); depth_ft=165.4638; geometry=HCAD unique exact-address polygon; parcel=0660460410016; parcel_history=none,Retain stored label: classifier abstains; missing or inconclusive evidence is not a contradiction.
gardenoaksoakforest,"830 AZALEA ST, Houston, TX 77018",pmt_830-azalea-st,Single Lot,Unknown,Split Lot,unknown,replat child; units=1 (one address); master_size=None (none); depth_ft=156.3304; geometry=HCAD unique exact-address polygon; parcel=0660460390008; parcel_history=none,Retain stored label: classifier abstains; missing or inconclusive evidence is not a contradiction.
gardenoaksoakforest,"974 W 43RD ST, Houston, TX 77018",pmt_974-w-43rd-st,Single Lot,Unknown,Split Lot,unknown,replat child; units=1 (one address); master_size=None (none); depth_ft=150.5958; geometry=HCAD unique exact-address polygon; parcel=0660460470019; parcel_history=none,Retain stored label: classifier abstains; missing or inconclusive evidence is not a contradiction.
gardenoaksoakforest,"951 W 41ST ST, Houston, TX 77018",pmt_951-w-41st-st,Single Lot,Unknown,Split Lot,unknown,replat child; units=1 (one address); master_size=None (none); depth_ft=187.7318; geometry=HCAD unique exact-address polygon; parcel=0660460410013; parcel_history=none,Retain stored label: classifier abstains; missing or inconclusive evidence is not a contradiction.
gardenoaksoakforest,926 W 42nd St,acq_926-w-42nd-st,Single Lot,Unknown,Split Lot,unknown,replat child; units=1 (one address); master_size=None (none); depth_ft=115.3929; geometry=HCAD unique exact-address polygon; parcel=0660460440003; parcel_history=none,Retain stored label: classifier abstains; missing or inconclusive evidence is not a contradiction.
gardenoaksoakforest,955 Althea Dr,acq_955-althea-dr,Single Lot,Unknown,Split Lot,unknown,replat child; units=1 (one address); master_size=None (none); depth_ft=133.7868; geometry=HCAD unique exact-address polygon; parcel=0660460420020; parcel_history=none,Retain stored label: classifier abstains; missing or inconclusive evidence is not a contradiction.
gardenoaksoakforest,1507 Sue Barnett Dr,acq_1507-sue-barnett-dr,Single Lot,Unknown,Split Lot,unknown,replat child; units=1 (one address); master_size=None (none); depth_ft=137.5931; geometry=HCAD unique exact-address polygon; parcel=0660460550048; parcel_history=none,Retain stored label: classifier abstains; missing or inconclusive evidence is not a contradiction.
gardenoaksoakforest,1020 W 42nd St,acq_1020-w-42nd-st,Single Lot,Unknown,Split Lot,unknown,replat child; units=1 (one address); master_size=None (none); depth_ft=149.6941; geometry=HCAD unique exact-address polygon; parcel=0660460520005; parcel_history=none,Retain stored label: classifier abstains; missing or inconclusive evidence is not a contradiction.
gardenoaksoakforest,1038 Lamonte Ln,acq_1038-lamonte-ln,Single Lot,Unknown,Split Lot,unknown,replat child; units=1 (one address); master_size=None (none); depth_ft=122.2771; geometry=HCAD unique exact-address polygon; parcel=0660460540010; parcel_history=none,Retain stored label: classifier abstains; missing or inconclusive evidence is not a contradiction.
gardenoaksoakforest,235 W 31st St,acq_235-w-31st-st,Single Lot,Unknown,Split Lot,unknown,replat child; units=1 (one address); master_size=None (none); depth_ft=178.5815; geometry=HCAD unique exact-address polygon; parcel=0660450020027; parcel_history=none,Retain stored label: classifier abstains; missing or inconclusive evidence is not a contradiction.
gardenoaksoakforest,304 W 31st St,acq_304-w-31st-st,Single Lot,Unknown,Split Lot,unknown,replat child; units=1 (one address); master_size=None (none); depth_ft=169.3787; geometry=HCAD unique exact-address polygon; parcel=0660450030010; parcel_history=none,Retain stored label: classifier abstains; missing or inconclusive evidence is not a contradiction.
gardenoaksoakforest,5109 Lido Lane,act_5109-lido-lane,Single Lot,Unknown,Split Lot,unknown,replat child; units=1 (one address); master_size=None (none); depth_ft=116.3537; geometry=HCAD unique exact-address polygon; parcel=0804470000013; parcel_history=none,Retain stored label: classifier abstains; missing or inconclusive evidence is not a contradiction.
gardenoaksoakforest,1914 Viking Drive,act_1914-viking-drive,Single Lot,Unknown,Split Lot,unknown,replat child; units=1 (one address); master_size=None (none); depth_ft=121.8943; geometry=HCAD unique exact-address polygon; parcel=0731000740041; parcel_history=none,Retain stored label: classifier abstains; missing or inconclusive evidence is not a contradiction.
gardenoaksoakforest,2010 Hewitt Drive,act_2010-hewitt-drive,Single Lot,Unknown,Split Lot,unknown,replat child; units=1 (one address); master_size=None (none); depth_ft=123.3856; geometry=HCAD unique exact-address polygon; parcel=0731010060014; parcel_history=none,Retain stored label: classifier abstains; missing or inconclusive evidence is not a contradiction.
gardenoaksoakforest,2214 Chantilly Lane,act_2214-chantilly-lane,Single Lot,Unknown,Split Lot,unknown,replat child; units=1 (one address); master_size=None (none); depth_ft=121.9894; geometry=HCAD unique exact-address polygon; parcel=0731010090020; parcel_history=none,Retain stored label: classifier abstains; missing or inconclusive evidence is not a contradiction.
gardenoaksoakforest,1710 Gardenia Drive,act_1710-gardenia-drive,Single Lot,Unknown,Split Lot,unknown,replat child; units=1 (one address); master_size=None (none); depth_ft=120.0078; geometry=HCAD unique exact-address polygon; parcel=0731000350009; parcel_history=none,Retain stored label: classifier abstains; missing or inconclusive evidence is not a contradiction.
gardenoaksoakforest,2031 Saxon Drive,act_2031-saxon-drive,Single Lot,Unknown,Split Lot,unknown,replat child; units=1 (one address); master_size=None (none); depth_ft=121.0562; geometry=HCAD unique exact-address polygon; parcel=0731000890010; parcel_history=none,Retain stored label: classifier abstains; missing or inconclusive evidence is not a contradiction.
gardenoaksoakforest,1414 Du Barry Lane,act_1414-du-barry-lane,Single Lot,Unknown,Split Lot,unknown,replat child; units=1 (one address); master_size=None (none); depth_ft=121.6215; geometry=HCAD unique exact-address polygon; parcel=0731000010019; parcel_history=none,Retain stored label: classifier abstains; missing or inconclusive evidence is not a contradiction.
gardenoaksoakforest,1527 Thornton,act_1527-thornton,Single Lot,Unknown,Unknown,unknown,no legal; units=1 (one address); master_size=None (none); depth_ft=None; geometry=unavailable; parcel=unavailable; parcel_history=none,Retain stored label: classifier abstains; missing or inconclusive evidence is not a contradiction.
gardenoaksoakforest,1431 Curtin Street,act_1431-curtin-street,Single Lot,Unknown,Split Lot,unknown,replat child; units=1 (one address); master_size=None (none); depth_ft=127.6031; geometry=HCAD unique exact-address polygon; parcel=0731000440008; parcel_history=none,Retain stored label: classifier abstains; missing or inconclusive evidence is not a contradiction.
gardenoaksoakforest,1316 Althea Drive,act_1316-althea-drive,Single Lot,Unknown,Split Lot,unknown,replat child; units=1 (one address); master_size=None (none); depth_ft=121.5593; geometry=HCAD unique exact-address polygon; parcel=0730990030044; parcel_history=none,Retain stored label: classifier abstains; missing or inconclusive evidence is not a contradiction.
gardenoaksoakforest,1335 Gardenia Drive,act_1335-gardenia-drive,Single Lot,Unknown,Split Lot,unknown,replat child; units=1 (one address); master_size=None (none); depth_ft=119.6213; geometry=HCAD unique exact-address polygon; parcel=0730990030006; parcel_history=none,Retain stored label: classifier abstains; missing or inconclusive evidence is not a contradiction.
gardenoaksoakforest,1326 Curtin Street,act_1326-curtin-street,Single Lot,Unknown,Split Lot,unknown,replat child; units=1 (one address); master_size=None (none); depth_ft=115.4228; geometry=HCAD unique exact-address polygon; parcel=0731000110046; parcel_history=none,Retain stored label: classifier abstains; missing or inconclusive evidence is not a contradiction.
gardenoaksoakforest,1411 Thornton Road,act_1411-thornton-road,Single Lot,Unknown,Split Lot,unknown,replat child; units=1 (one address); master_size=None (none); depth_ft=125.1612; geometry=HCAD unique exact-address polygon; parcel=0731000580017; parcel_history=none,Retain stored label: classifier abstains; missing or inconclusive evidence is not a contradiction.
gardenoaksoakforest,1223 Richelieu Lane,act_1223-richelieu-lane,Single Lot,Unknown,Split Lot,unknown,replat child; units=1 (one address); master_size=None (none); depth_ft=120.1014; geometry=HCAD unique exact-address polygon; parcel=0731000160024; parcel_history=none,Retain stored label: classifier abstains; missing or inconclusive evidence is not a contradiction.
gardenoaksoakforest,1519 Candlelight Lane,act_1519-candlelight-lane,Single Lot,Unknown,Split Lot,unknown,replat child; units=1 (one address); master_size=None (none); depth_ft=155.8718; geometry=HCAD unique exact-address polygon; parcel=0731000520007; parcel_history=none,Retain stored label: classifier abstains; missing or inconclusive evidence is not a contradiction.
gardenoaksoakforest,1402 Du Barry Lane,act_1402-du-barry-lane,Single Lot,Unknown,Split Lot,unknown,replat child; units=1 (one address); master_size=None (none); depth_ft=120.5906; geometry=HCAD unique exact-address polygon; parcel=0731000010016; parcel_history=none,Retain stored label: classifier abstains; missing or inconclusive evidence is not a contradiction.
gardenoaksoakforest,1237 Althea Drive,act_1237-althea-drive,Single Lot,Split Lot,Split Lot,high,replat child; units=1 (one address); master_size=None (none); depth_ft=124.3328; geometry=HCAD unique exact-address polygon; parcel=0730990210001; parcel_history=none,"Unresolved: classifier measures a deep fragment/replat parcel, but that does not prove two homes or invalidate a reviewed Single label. Obtain the plat; retain stored label."
gardenoaksoakforest,1226 Du Barry Lane,act_1226-du-barry-lane,Single Lot,Unknown,Split Lot,unknown,replat child; units=1 (one address); master_size=None (none); depth_ft=144.4189; geometry=HCAD unique exact-address polygon; parcel=0730990070038; parcel_history=none,Retain stored label: classifier abstains; missing or inconclusive evidence is not a contradiction.
gardenoaksoakforest,1225 Wakefield Drive,act_1225-wakefield-drive,Single Lot,Unknown,Split Lot,unknown,replat child; units=1 (one address); master_size=None (none); depth_ft=123.9418; geometry=HCAD unique exact-address polygon; parcel=0730990060026; parcel_history=none,Retain stored label: classifier abstains; missing or inconclusive evidence is not a contradiction.
gardenoaksoakforest,1517 Wakefield Drive,act_1517-wakefield-drive,Single Lot,Unknown,Split Lot,unknown,replat child; units=1 (one address); master_size=None (none); depth_ft=115.7434; geometry=HCAD unique exact-address polygon; parcel=0731000040007; parcel_history=none,Retain stored label: classifier abstains; missing or inconclusive evidence is not a contradiction.
gardenoaksoakforest,1725 Ebony Lane,act_1725-ebony-lane,Single Lot,Unknown,Split Lot,unknown,replat child; units=1 (one address); master_size=None (none); depth_ft=120.4571; geometry=HCAD unique exact-address polygon; parcel=0731000290050; parcel_history=none,Retain stored label: classifier abstains; missing or inconclusive evidence is not a contradiction.
gardenoaksoakforest,1721 Chantilly Lane,act_1721-chantilly-lane,Single Lot,Unknown,Split Lot,unknown,replat child; units=1 (one address); master_size=None (none); depth_ft=123.5132; geometry=HCAD unique exact-address polygon; parcel=0731000370021; parcel_history=none,Retain stored label: classifier abstains; missing or inconclusive evidence is not a contradiction.
gardenoaksoakforest,1522 Thornton Road,act_1522-thornton-road,Single Lot,Unknown,Split Lot,unknown,replat child; units=1 (one address); master_size=None (none); depth_ft=124.6205; geometry=HCAD unique exact-address polygon; parcel=0731000570039; parcel_history=none,Retain stored label: classifier abstains; missing or inconclusive evidence is not a contradiction.
gardenoaksoakforest,1819 Cheshire Lane,act_1819-cheshire-lane,Single Lot,Unknown,Split Lot,unknown,replat child; units=1 (one address); master_size=None (none); depth_ft=123.9563; geometry=HCAD unique exact-address polygon; parcel=0731000710011; parcel_history=none,Retain stored label: classifier abstains; missing or inconclusive evidence is not a contradiction.
gardenoaksoakforest,2315 Althea Drive,act_2315-althea-drive,Single Lot,Unknown,Split Lot,unknown,replat child; units=1 (one address); master_size=None (none); depth_ft=123.3539; geometry=HCAD unique exact-address polygon; parcel=0731000830003; parcel_history=none,Retain stored label: classifier abstains; missing or inconclusive evidence is not a contradiction.
gardenoaksoakforest,2014 Ebony Lane,act_2014-ebony-lane,Single Lot,Unknown,Split Lot,unknown,replat child; units=1 (one address); master_size=None (none); depth_ft=140.1484; geometry=HCAD unique exact-address polygon; parcel=0731000800020; parcel_history=none,Retain stored label: classifier abstains; missing or inconclusive evidence is not a contradiction.
gardenoaksoakforest,2019 Chantilly Lane,act_2019-chantilly-lane,Single Lot,Unknown,Split Lot,unknown,replat child; units=1 (one address); master_size=None (none); depth_ft=115.6307; geometry=HCAD unique exact-address polygon; parcel=0731010120012; parcel_history=none,Retain stored label: classifier abstains; missing or inconclusive evidence is not a contradiction.
gardenoaksoakforest,5313 Verdome Lane,act_5313-verdome-lane,Single Lot,Unknown,Split Lot,unknown,replat child; units=1 (one address); master_size=None (none); depth_ft=116.0374; geometry=HCAD unique exact-address polygon; parcel=0804370000012; parcel_history=none,Retain stored label: classifier abstains; missing or inconclusive evidence is not a contradiction.
gardenoaksoakforest,"1450 GARDENIA DR, Houston, TX 77018",pmt_1450-gardenia-dr,Single Lot,Unknown,Split Lot,unknown,replat child; units=1 (one address); master_size=None (none); depth_ft=114.7932; geometry=HCAD unique exact-address polygon; parcel=0731000070043; parcel_history=none,Retain stored label: classifier abstains; missing or inconclusive evidence is not a contradiction.
gardenoaksoakforest,"1206 LAMONTE LN, Houston, TX 77018",pmt_1206-lamonte-ln,Single Lot,Unknown,Split Lot,unknown,replat child; units=1 (one address); master_size=None (none); depth_ft=121.4362; geometry=HCAD unique exact-address polygon; parcel=0730990010024; parcel_history=none,Retain stored label: classifier abstains; missing or inconclusive evidence is not a contradiction.
gardenoaksoakforest,"1814 LIBBEY DR, Houston, TX 77018",pmt_1814-libbey-dr,Single Lot,Unknown,Split Lot,unknown,replat child; units=1 (one address); master_size=None (none); depth_ft=119.0845; geometry=HCAD unique exact-address polygon; parcel=0731000680019; parcel_history=none,Retain stored label: classifier abstains; missing or inconclusive evidence is not a contradiction.
gardenoaksoakforest,"1701 DU BARRY LN, Houston, TX 77018",pmt_1701-du-barry-ln,Single Lot,Unknown,Split Lot,unknown,replat child; units=1 (one address); master_size=None (none); depth_ft=149.9456; geometry=HCAD unique exact-address polygon; parcel=0731000270014; parcel_history=none,Retain stored label: classifier abstains; missing or inconclusive evidence is not a contradiction.
gardenoaksoakforest,"1721 EBONY LN, Houston, TX 77018",pmt_1721-ebony-ln,Single Lot,Unknown,Split Lot,unknown,replat child; units=1 (one address); master_size=None (none); depth_ft=120.5171; geometry=HCAD unique exact-address polygon; parcel=0731000290049; parcel_history=none,Retain stored label: classifier abstains; missing or inconclusive evidence is not a contradiction.
gardenoaksoakforest,"1218 LAMONTE LN, Houston, TX 77018",pmt_1218-lamonte-ln,Single Lot,Unknown,Split Lot,unknown,replat child; units=1 (one address); master_size=None (none); depth_ft=122.7833; geometry=HCAD unique exact-address polygon; parcel=0730990010021; parcel_history=none,Retain stored label: classifier abstains; missing or inconclusive evidence is not a contradiction.
gardenoaksoakforest,"1718 CANDLELIGHT LN, Houston, TX 77018",pmt_1718-candlelight-ln,Single Lot,Unknown,Split Lot,unknown,replat child; units=1 (one address); master_size=None (none); depth_ft=119.4227; geometry=HCAD unique exact-address polygon; parcel=0731000510002; parcel_history=none,Retain stored label: classifier abstains; missing or inconclusive evidence is not a contradiction.
gardenoaksoakforest,"1721 DU BARRY LN, Houston, TX 77018",pmt_1721-du-barry-ln,Single Lot,Unknown,Split Lot,unknown,replat child; units=1 (one address); master_size=None (none); depth_ft=140.6017; geometry=HCAD unique exact-address polygon; parcel=0731000270009; parcel_history=none,Retain stored label: classifier abstains; missing or inconclusive evidence is not a contradiction.
gardenoaksoakforest,"1846 HEWITT DR, Houston, TX 77018",pmt_1846-hewitt-dr,Single Lot,Unknown,Split Lot,unknown,replat child; units=1 (one address); master_size=None (none); depth_ft=120.9136; geometry=HCAD unique exact-address polygon; parcel=0731000690027; parcel_history=none,Retain stored label: classifier abstains; missing or inconclusive evidence is not a contradiction.
gardenoaksoakforest,"3724 ELLA BLVD, Houston, TX 77018",pmt_3724-ella-blvd,Single Lot,Unknown,Split Lot,unknown,replat child; units=1 (one address); master_size=None (none); depth_ft=181.5303; geometry=HCAD unique exact-address polygon; parcel=0730990150018; parcel_history=none,Retain stored label: classifier abstains; missing or inconclusive evidence is not a contradiction.
gardenoaksoakforest,"2111 DU BARRY LN, Houston, TX 77018",pmt_2111-du-barry-ln,Single Lot,Unknown,Split Lot,unknown,replat child; units=1 (one address); master_size=None (none); depth_ft=114.4356; geometry=HCAD unique exact-address polygon; parcel=0731000780001; parcel_history=none,Retain stored label: classifier abstains; missing or inconclusive evidence is not a contradiction.
gardenoaksoakforest,"1523 RICHELIEU LN, Houston, TX 77018",pmt_1523-richelieu-ln,Single Lot,Unknown,Split Lot,unknown,replat child; units=1 (one address); master_size=None (none); depth_ft=133.9888; geometry=HCAD unique exact-address polygon; parcel=0731000530006; parcel_history=none,Retain stored label: classifier abstains; missing or inconclusive evidence is not a contradiction.
gardenoaksoakforest,"1538 ALTHEA DR, Houston, TX 77018",pmt_1538-althea-dr,Single Lot,Unknown,Split Lot,unknown,replat child; units=1 (one address); master_size=None (none); depth_ft=120.1953; geometry=HCAD unique exact-address polygon; parcel=0731000060050; parcel_history=none,Retain stored label: classifier abstains; missing or inconclusive evidence is not a contradiction.
gardenoaksoakforest,"1358 W 43RD ST, Houston, TX 77018",pmt_1358-w-43rd-st,Single Lot,Unknown,Unknown,unknown,no legal; units=1 (one address); master_size=None (none); depth_ft=None; geometry=unavailable; parcel=unavailable; parcel_history=none,Retain stored label: classifier abstains; missing or inconclusive evidence is not a contradiction.
gardenoaksoakforest,"1431 WOODCREST DR, Houston, TX 77018",pmt_1431-woodcrest-dr,Single Lot,Unknown,Split Lot,unknown,replat child; units=1 (one address); master_size=None (none); depth_ft=119.0331; geometry=HCAD unique exact-address polygon; parcel=0731000020011; parcel_history=none,Retain stored label: classifier abstains; missing or inconclusive evidence is not a contradiction.
gardenoaksoakforest,"1225 ALTHEA DR, Houston, TX 77018",pmt_1225-althea-dr,Single Lot,Unknown,Split Lot,unknown,replat child; units=1 (one address); master_size=None (none); depth_ft=167.4664; geometry=HCAD unique exact-address polygon; parcel=0730990050004; parcel_history=none,Retain stored label: classifier abstains; missing or inconclusive evidence is not a contradiction.
gardenoaksoakforest,"1218 DU BARRY LN, Houston, TX 77018",pmt_1218-du-barry-ln,Single Lot,Unknown,Split Lot,unknown,replat child; units=1 (one address); master_size=None (none); depth_ft=135.7; geometry=HCAD unique exact-address polygon; parcel=0730990070036; parcel_history=none,Retain stored label: classifier abstains; missing or inconclusive evidence is not a contradiction.
gardenoaksoakforest,"1717 CHANTILLY LN, Houston, TX 77018",pmt_1717-chantilly-ln,Single Lot,Unknown,Split Lot,unknown,replat child; units=1 (one address); master_size=None (none); depth_ft=122.7958; geometry=HCAD unique exact-address polygon; parcel=0731000370020; parcel_history=none,Retain stored label: classifier abstains; missing or inconclusive evidence is not a contradiction.
gardenoaksoakforest,"1009 WAKEFIELD DR, Houston, TX 77018",pmt_1009-wakefield-dr,Single Lot,Unknown,Split Lot,unknown,replat child; units=1 (one address); master_size=None (none); depth_ft=200.6718; geometry=HCAD unique exact-address polygon; parcel=0730990180022; parcel_history=none,Retain stored label: classifier abstains; missing or inconclusive evidence is not a contradiction.
gardenoaksoakforest,"1738 WOODCREST DR, Houston, TX 77018",pmt_1738-woodcrest-dr,Single Lot,Unknown,Split Lot,unknown,replat child; units=1 (one address); master_size=None (none); depth_ft=126.5242; geometry=HCAD unique exact-address polygon; parcel=0731000310004; parcel_history=none,Retain stored label: classifier abstains; missing or inconclusive evidence is not a contradiction.
gardenoaksoakforest,"1107 WAKEFIELD DR, Houston, TX 77018",pmt_1107-wakefield-dr,Single Lot,Unknown,Split Lot,unknown,replat child; units=1 (one address); master_size=None (none); depth_ft=170.199; geometry=HCAD unique exact-address polygon; parcel=0730990150007; parcel_history=none,Retain stored label: classifier abstains; missing or inconclusive evidence is not a contradiction.
gardenoaksoakforest,"1702 VIKING DR, Houston, TX 77018",pmt_1702-viking-dr,Single Lot,Unknown,Split Lot,unknown,replat child; units=1 (one address); master_size=None (none); depth_ft=152.3868; geometry=HCAD unique exact-address polygon; parcel=0731000480049; parcel_history=none,Retain stored label: classifier abstains; missing or inconclusive evidence is not a contradiction.
gardenoaksoakforest,"1326 CHAMBOARD LN, Houston, TX 77018",pmt_1326-chamboard-ln,Single Lot,Unknown,Split Lot,unknown,replat child; units=1 (one address); master_size=None (none); depth_ft=121.7036; geometry=HCAD unique exact-address polygon; parcel=0731000100045; parcel_history=none,Retain stored label: classifier abstains; missing or inconclusive evidence is not a contradiction.
gardenoaksoakforest,"1734 DE MILO DR, Houston, TX 77018",pmt_1734-de-milo-dr,Single Lot,Unknown,Split Lot,unknown,replat child; units=1 (one address); master_size=None (none); depth_ft=138.2615; geometry=HCAD unique exact-address polygon; parcel=0731000470033; parcel_history=none,Retain stored label: classifier abstains; missing or inconclusive evidence is not a contradiction.
gardenoaksoakforest,"1233 KINLEY LN, Houston, TX 77018",pmt_1233-kinley-ln,Single Lot,Unknown,Split Lot,unknown,replat child; units=1 (one address); master_size=None (none); depth_ft=134.8601; geometry=HCAD unique exact-address polygon; parcel=0730990040022; parcel_history=none,Retain stored label: classifier abstains; missing or inconclusive evidence is not a contradiction.
gardenoaksoakforest,"1542 GARDENIA DR, Houston, TX 77018",pmt_1542-gardenia-dr,Single Lot,Unknown,Split Lot,unknown,replat child; units=1 (one address); master_size=None (none); depth_ft=119.7058; geometry=HCAD unique exact-address polygon; parcel=0731000070056; parcel_history=none,Retain stored label: classifier abstains; missing or inconclusive evidence is not a contradiction.
gardenoaksoakforest,"2014 LIBBEY DR, Houston, TX 77018",pmt_2014-libbey-dr,Single Lot,Unknown,Split Lot,unknown,replat child; units=1 (one address); master_size=None (none); depth_ft=120.001; geometry=HCAD unique exact-address polygon; parcel=0731010040014; parcel_history=none,Retain stored label: classifier abstains; missing or inconclusive evidence is not a contradiction.
gardenoaksoakforest,"1530 ALTHEA DR, Houston, TX 77018",pmt_1530-althea-dr,Single Lot,Unknown,Split Lot,unknown,replat child; units=1 (one address); master_size=None (none); depth_ft=123.8831; geometry=HCAD unique exact-address polygon; parcel=0731000060048; parcel_history=none,Retain stored label: classifier abstains; missing or inconclusive evidence is not a contradiction.
gardenoaksoakforest,"1823 HEWITT DR, Houston, TX 77018",pmt_1823-hewitt-dr,Single Lot,Unknown,Split Lot,unknown,replat child; units=1 (one address); master_size=None (none); depth_ft=126.5319; geometry=HCAD unique exact-address polygon; parcel=0731000700010; parcel_history=none,Retain stored label: classifier abstains; missing or inconclusive evidence is not a contradiction.
gardenoaksoakforest,"1515 RICHELIEU LN, Houston, TX 77018",pmt_1515-richelieu-ln,Single Lot,Unknown,Split Lot,unknown,replat child; units=1 (one address); master_size=None (none); depth_ft=142.7592; geometry=HCAD unique exact-address polygon; parcel=0731000530008; parcel_history=none,Retain stored label: classifier abstains; missing or inconclusive evidence is not a contradiction.
gardenoaksoakforest,"1601 HEWITT DR, Houston, TX 77018",pmt_1601-hewitt-dr,Single Lot,Unknown,Split Lot,unknown,replat child; units=1 (one address); master_size=None (none); depth_ft=115.5161; geometry=HCAD unique exact-address polygon; parcel=0731000390015; parcel_history=none,Retain stored label: classifier abstains; missing or inconclusive evidence is not a contradiction.
gardenoaksoakforest,"1355 ALTHEA DR, Houston, TX 77018",pmt_1355-althea-dr,Single Lot,Unknown,Split Lot,unknown,replat child; units=1 (one address); master_size=None (none); depth_ft=123.1993; geometry=HCAD unique exact-address polygon; parcel=0730990040002; parcel_history=none,Retain stored label: classifier abstains; missing or inconclusive evidence is not a contradiction.
gardenoaksoakforest,"1570 CHESHIRE LN, Houston, TX 77018",pmt_1570-cheshire-ln,Single Lot,Unknown,Split Lot,unknown,replat child; units=1 (one address); master_size=None (none); depth_ft=130.4111; geometry=HCAD unique exact-address polygon; parcel=0731000400007; parcel_history=none,Retain stored label: classifier abstains; missing or inconclusive evidence is not a contradiction.
gardenoaksoakforest,"1522 LATEXO DR, Houston, TX 77018",pmt_1522-latexo-dr,Single Lot,Unknown,Split Lot,unknown,replat child; units=1 (one address); master_size=None (none); depth_ft=130.7363; geometry=HCAD unique exact-address polygon; parcel=0731000530040; parcel_history=none,Retain stored label: classifier abstains; missing or inconclusive evidence is not a contradiction.
gardenoaksoakforest,"2011 CHANTILLY LN, Houston, TX 77018",pmt_2011-chantilly-ln,Single Lot,Unknown,Split Lot,unknown,replat child; units=1 (one address); master_size=None (none); depth_ft=118.1675; geometry=HCAD unique exact-address polygon; parcel=0731010120014; parcel_history=none,Retain stored label: classifier abstains; missing or inconclusive evidence is not a contradiction.
gardenoaksoakforest,"3817 ELLA BLVD, Houston, TX 77018",pmt_3817-ella-blvd,Single Lot,Unknown,Split Lot,unknown,replat child; units=1 (one address); master_size=None (none); depth_ft=123.422; geometry=HCAD unique exact-address polygon; parcel=0730990040031; parcel_history=none,Retain stored label: classifier abstains; missing or inconclusive evidence is not a contradiction.
gardenoaksoakforest,"1248 CURTIN ST, Houston, TX 77018",pmt_1248-curtin-st,Single Lot,Unknown,Split Lot,unknown,replat child; units=1 (one address); master_size=None (none); depth_ft=116.6403; geometry=HCAD unique exact-address polygon; parcel=0731000110037; parcel_history=none,Retain stored label: classifier abstains; missing or inconclusive evidence is not a contradiction.
gardenoaksoakforest,"4721 WATONGA BLVD, Houston, TX 77092",pmt_4721-watonga-blvd,Single Lot,Unknown,Split Lot,unknown,replat child; units=1 (one address); master_size=None (none); depth_ft=445.6095; geometry=HCAD unique exact-address polygon; parcel=0432100000213; parcel_history=none,Retain stored label: classifier abstains; missing or inconclusive evidence is not a contradiction.
gardenoaksoakforest,"4822 DE MILO DR, Houston, TX 77092",pmt_4822-de-milo-dr,Single Lot,Unknown,Split Lot,unknown,replat child; units=1 (one address); master_size=None (none); depth_ft=125.6319; geometry=HCAD unique exact-address polygon; parcel=0804170000021; parcel_history=none,Retain stored label: classifier abstains; missing or inconclusive evidence is not a contradiction.
gardenoaksoakforest,"5214 LIDO LN, Houston, TX 77092",pmt_5214-lido-ln,Single Lot,Unknown,Split Lot,unknown,replat child; units=1 (one address); master_size=None (none); depth_ft=107.0124; geometry=HCAD unique exact-address polygon; parcel=0804440000025; parcel_history=none,Retain stored label: classifier abstains; missing or inconclusive evidence is not a contradiction.
gardenoaksoakforest,"4810 DE MILO DR, Houston, TX 77092",pmt_4810-de-milo-dr,Single Lot,Unknown,Split Lot,unknown,replat child; units=1 (one address); master_size=None (none); depth_ft=126.4354; geometry=HCAD unique exact-address polygon; parcel=0804170000018; parcel_history=none,Retain stored label: classifier abstains; missing or inconclusive evidence is not a contradiction.
gardenoaksoakforest,"5401 LIBBEY LN, Houston, TX 77092",pmt_5401-libbey-ln,Single Lot,Unknown,Split Lot,unknown,replat child; units=1 (one address); master_size=None (none); depth_ft=154.769; geometry=HCAD unique exact-address polygon; parcel=0804560000006; parcel_history=none,Retain stored label: classifier abstains; missing or inconclusive evidence is not a contradiction.
gardenoaksoakforest,"4606 DE LANGE LN, Houston, TX 77092",pmt_4606-de-lange-ln,Single Lot,Unknown,Split Lot,unknown,replat child; units=1 (one address); master_size=None (none); depth_ft=128.6909; geometry=HCAD unique exact-address polygon; parcel=0804110000014; parcel_history=none,Retain stored label: classifier abstains; missing or inconclusive evidence is not a contradiction.
gardenoaksoakforest,"4610 VIKING DR, Houston, TX 77092",pmt_4610-viking-dr,Single Lot,Unknown,Split Lot,unknown,replat child; units=1 (one address); master_size=None (none); depth_ft=131.4031; geometry=HCAD unique exact-address polygon; parcel=0804130000017; parcel_history=none,Retain stored label: classifier abstains; missing or inconclusive evidence is not a contradiction.
gardenoaksoakforest,"5310 DE MILO DR, Houston, TX 77092",pmt_5310-de-milo-dr,Single Lot,Unknown,Split Lot,unknown,replat child; units=1 (one address); master_size=None (none); depth_ft=114.6124; geometry=HCAD unique exact-address polygon; parcel=0804420000018; parcel_history=none,Retain stored label: classifier abstains; missing or inconclusive evidence is not a contradiction.
gardenoaksoakforest,"5048 LIDO LN, Houston, TX 77092",pmt_5048-lido-ln,Single Lot,Unknown,Split Lot,unknown,replat child; units=1 (one address); master_size=None (none); depth_ft=103.8739; geometry=HCAD unique exact-address polygon; parcel=0804450000024; parcel_history=none,Retain stored label: classifier abstains; missing or inconclusive evidence is not a contradiction.
gardenoaksoakforest,"4606 LIDO LN, Houston, TX 77092",pmt_4606-lido-ln,Single Lot,Unknown,Split Lot,unknown,replat child; units=1 (one address); master_size=None (none); depth_ft=119.0458; geometry=HCAD unique exact-address polygon; parcel=0804190000017; parcel_history=none,Retain stored label: classifier abstains; missing or inconclusive evidence is not a contradiction.
gardenoaksoakforest,"5213 LIDO LN, Houston, TX 77092",pmt_5213-lido-ln,Single Lot,Unknown,Split Lot,unknown,replat child; units=1 (one address); master_size=None (none); depth_ft=114.4643; geometry=HCAD unique exact-address polygon; parcel=0804470000005; parcel_history=none,Retain stored label: classifier abstains; missing or inconclusive evidence is not a contradiction.
gardenoaksoakforest,1317 Richelieu Ln,acq_1317-richelieu-ln,Single Lot,Unknown,Split Lot,unknown,replat child; units=1 (one address); master_size=None (none); depth_ft=120.1013; geometry=HCAD unique exact-address polygon; parcel=0731000160010; parcel_history=none,Retain stored label: classifier abstains; missing or inconclusive evidence is not a contradiction.
gardenoaksoakforest,1771 De Milo Dr,acq_1771-de-milo-dr,Single Lot,Unknown,Split Lot,unknown,replat child; units=1 (one address); master_size=None (none); depth_ft=141.7347; geometry=HCAD unique exact-address polygon; parcel=0731000460001; parcel_history=none,Retain stored label: classifier abstains; missing or inconclusive evidence is not a contradiction.
gardenoaksoakforest,1249 Du Barry Ln,acq_1249-du-barry-ln,Single Lot,Unknown,Split Lot,unknown,replat child; units=1 (one address); master_size=None (none); depth_ft=141.9924; geometry=HCAD unique exact-address polygon; parcel=0730990110005; parcel_history=none,Retain stored label: classifier abstains; missing or inconclusive evidence is not a contradiction.
gardenoaksoakforest,1442 Curtin St,acq_1442-curtin-st,Single Lot,Unknown,Split Lot,unknown,replat child; units=1 (one address); master_size=None (none); depth_ft=131.2122; geometry=HCAD unique exact-address polygon; parcel=0731000450006; parcel_history=none,Retain stored label: classifier abstains; missing or inconclusive evidence is not a contradiction.
gardenoaksoakforest,1422 Overhill St,acq_1422-overhill-st,Single Lot,Unknown,Split Lot,unknown,replat child; units=1 (one address); master_size=None (none); depth_ft=128.7534; geometry=HCAD unique exact-address polygon; parcel=0731000210006; parcel_history=none,Retain stored label: classifier abstains; missing or inconclusive evidence is not a contradiction.
gardenoaksoakforest,1725 Althea Dr,acq_1725-althea-dr,Single Lot,Unknown,Split Lot,unknown,replat child; units=1 (one address); master_size=None (none); depth_ft=119.1915; geometry=HCAD unique exact-address polygon; parcel=0731000330041; parcel_history=none,Retain stored label: classifier abstains; missing or inconclusive evidence is not a contradiction.
gardenoaksoakforest,1442 Chantilly Ln,acq_1442-chantilly-ln,Single Lot,Unknown,Split Lot,unknown,replat child; units=1 (one address); master_size=None (none); depth_ft=126.4746; geometry=HCAD unique exact-address polygon; parcel=0731000560040; parcel_history=none,Retain stored label: classifier abstains; missing or inconclusive evidence is not a contradiction.
gardenoaksoakforest,1534 Thornton Rd,acq_1534-thornton-rd,Single Lot,Unknown,Split Lot,unknown,replat child; units=1 (one address); master_size=None (none); depth_ft=128.9301; geometry=HCAD unique exact-address polygon; parcel=0731000570042; parcel_history=none,Retain stored label: classifier abstains; missing or inconclusive evidence is not a contradiction.
gardenoaksoakforest,4314 Donna Bell Ln,acq_4314-donna-bell-ln,Single Lot,Unknown,Split Lot,unknown,replat child; units=1 (one address); master_size=None (none); depth_ft=118.9522; geometry=HCAD unique exact-address polygon; parcel=0731000770002; parcel_history=none,Retain stored label: classifier abstains; missing or inconclusive evidence is not a contradiction.
gardenoaksoakforest,1714 Viking Dr,acq_1714-viking-dr,Single Lot,Unknown,Split Lot,unknown,replat child; units=1 (one address); master_size=None (none); depth_ft=120.0645; geometry=HCAD unique exact-address polygon; parcel=0731000480052; parcel_history=none,Retain stored label: classifier abstains; missing or inconclusive evidence is not a contradiction.
gardenoaksoakforest,4105 Ella Blvd,acq_4105-ella-blvd,Single Lot,Unknown,Split Lot,unknown,replat child; units=1 (one address); master_size=None (none); depth_ft=120.6218; geometry=HCAD unique exact-address polygon; parcel=0730990020026; parcel_history=none,Retain stored label: classifier abstains; missing or inconclusive evidence is not a contradiction.
gardenoaksoakforest,2023 Lamonte Ln,acq_2023-lamonte-ln,Single Lot,Unknown,Split Lot,unknown,replat child; units=1 (one address); master_size=None (none); depth_ft=121.4019; geometry=HCAD unique exact-address polygon; parcel=0731000860010; parcel_history=none,Retain stored label: classifier abstains; missing or inconclusive evidence is not a contradiction.
gardenoaksoakforest,1803 Woodcrest Dr,acq_1803-woodcrest-dr,Single Lot,Unknown,Split Lot,unknown,replat child; units=1 (one address); master_size=None (none); depth_ft=118.1056; geometry=HCAD unique exact-address polygon; parcel=0731000640013; parcel_history=none,Retain stored label: classifier abstains; missing or inconclusive evidence is not a contradiction.
gardenoaksoakforest,1415 Hewitt Dr,acq_1415-hewitt-dr,Single Lot,Unknown,Split Lot,unknown,replat child; units=1 (one address); master_size=None (none); depth_ft=117.9801; geometry=HCAD unique exact-address polygon; parcel=0731000520005; parcel_history=none,Retain stored label: classifier abstains; missing or inconclusive evidence is not a contradiction.
gardenoaksoakforest,1212 Chantilly Ln,acq_1212-chantilly-ln,Single Lot,Unknown,Split Lot,unknown,replat child; units=1 (one address); master_size=None (none); depth_ft=123.1093; geometry=HCAD unique exact-address polygon; parcel=0731000140029; parcel_history=none,Retain stored label: classifier abstains; missing or inconclusive evidence is not a contradiction.
gardenoaksoakforest,2007 Hewitt Dr,acq_2007-hewitt-dr,Single Lot,Unknown,Split Lot,unknown,replat child; units=1 (one address); master_size=None (none); depth_ft=118.2954; geometry=HCAD unique exact-address polygon; parcel=0731010080012; parcel_history=none,Retain stored label: classifier abstains; missing or inconclusive evidence is not a contradiction.
gardenoaksoakforest,1348 Althea Dr,acq_1348-althea-dr,Single Lot,Unknown,Split Lot,unknown,replat child; units=1 (one address); master_size=None (none); depth_ft=120.3378; geometry=HCAD unique exact-address polygon; parcel=0730990030052; parcel_history=none,Retain stored label: classifier abstains; missing or inconclusive evidence is not a contradiction.
gardenoaksoakforest,1108 Wakefield Dr,acq_1108-wakefield-dr,Single Lot,Unknown,Split Lot,unknown,replat child; units=1 (one address); master_size=None (none); depth_ft=121.0767; geometry=HCAD unique exact-address polygon; parcel=0730990140018; parcel_history=none,Retain stored label: classifier abstains; missing or inconclusive evidence is not a contradiction.
gardenoaksoakforest,1631 Chantilly Ln,acq_1631-chantilly-ln,Single Lot,Unknown,Split Lot,unknown,replat child; units=1 (one address); master_size=None (none); depth_ft=118.276; geometry=HCAD unique exact-address polygon; parcel=0731000370014; parcel_history=none,Retain stored label: classifier abstains; missing or inconclusive evidence is not a contradiction.
gardenoaksoakforest,1714 Lamonte Ln,acq_1714-lamonte-ln,Single Lot,Unknown,Split Lot,unknown,replat child; units=1 (one address); master_size=None (none); depth_ft=123.9993; geometry=HCAD unique exact-address polygon; parcel=0731000360007; parcel_history=none,Retain stored label: classifier abstains; missing or inconclusive evidence is not a contradiction.
gardenoaksoakforest,1807 Cheshire Ln,acq_1807-cheshire-ln,Single Lot,Unknown,Split Lot,unknown,replat child; units=1 (one address); master_size=None (none); depth_ft=123.9967; geometry=HCAD unique exact-address polygon; parcel=0731000710014; parcel_history=none,Retain stored label: classifier abstains; missing or inconclusive evidence is not a contradiction.
gardenoaksoakforest,1516 W 43rd St,acq_1516-w-43rd-st,Single Lot,Unknown,Split Lot,unknown,replat child; units=1 (one address); master_size=None (none); depth_ft=118.373; geometry=HCAD unique exact-address polygon; parcel=0731000240003; parcel_history=none,Retain stored label: classifier abstains; missing or inconclusive evidence is not a contradiction.
gardenoaksoakforest,1427 Cheshire Ln,acq_1427-cheshire-ln,Single Lot,Unknown,Split Lot,unknown,replat child; units=1 (one address); master_size=None (none); depth_ft=121.8783; geometry=HCAD unique exact-address polygon; parcel=0731000560023; parcel_history=none,Retain stored label: classifier abstains; missing or inconclusive evidence is not a contradiction.
gardenoaksoakforest,4314 Lido Ln,acq_4314-lido-ln,Single Lot,Unknown,Split Lot,unknown,replat child; units=1 (one address); master_size=None (none); depth_ft=118.6217; geometry=HCAD unique exact-address polygon; parcel=0804200000016; parcel_history=none,Retain stored label: classifier abstains; missing or inconclusive evidence is not a contradiction.
gardenoaksoakforest,5325 Verdome Ln,acq_5325-verdome-ln,Single Lot,Unknown,Split Lot,unknown,replat child; units=1 (one address); master_size=None (none); depth_ft=115.878; geometry=HCAD unique exact-address polygon; parcel=0804370000009; parcel_history=none,Retain stored label: classifier abstains; missing or inconclusive evidence is not a contradiction.
gardenoaksoakforest,5042 Viking Dr,acq_5042-viking-dr,Single Lot,Unknown,Split Lot,unknown,replat child; units=1 (one address); master_size=None (none); depth_ft=114.7837; geometry=HCAD unique exact-address polygon; parcel=0804390000021; parcel_history=none,Retain stored label: classifier abstains; missing or inconclusive evidence is not a contradiction.
gardenoaksoakforest,5623 Nina Lee Ln,acq_5623-nina-lee-ln,Single Lot,Unknown,Split Lot,unknown,replat child; units=1 (one address); master_size=None (none); depth_ft=120.8328; geometry=HCAD unique exact-address polygon; parcel=0852150000007; parcel_history=none,Retain stored label: classifier abstains; missing or inconclusive evidence is not a contradiction.
gardenoaksoakforest,5603 Nina Lee Ln,acq_5603-nina-lee-ln,Single Lot,Unknown,Split Lot,unknown,replat child; units=1 (one address); master_size=None (none); depth_ft=122.5735; geometry=HCAD unique exact-address polygon; parcel=0852150000012; parcel_history=none,Retain stored label: classifier abstains; missing or inconclusive evidence is not a contradiction.
gardenoaksoakforest,4119 Lou Anne Ln,acq_4119-lou-anne-ln,Single Lot,Split Lot,Split Lot,high,replat child; units=1 (one address); master_size=None (none); depth_ft=125.2424; geometry=HCAD unique exact-address polygon; parcel=0852230000007; parcel_history=none,"Unresolved: classifier measures a deep fragment/replat parcel, but that does not prove two homes or invalidate a reviewed Single label. Obtain the plat; retain stored label."
