market,id,address,product,confidence,reason_code,reason,candidate,parcel_account,depth_ft
index,2131437170,"118 E 24th St, Houston, Tx 77008",Unknown,unknown,HELD_TRIAGE,"{""address"": ""118 E 24th St, Houston, Tx 77008"", ""bucket"": ""RESOLVED-SINGLE"", ""reason"": ""legal LT n + 5,069 sf full lot""}; one whole lot; units=1 (one address); master_size=None (none); depth_ft=99.7411; geometry=HCAD unique exact-address polygon; parcel=0562750000012; parcel_history=none",Single Lot,0562750000012,99.7411
index,2131191409,"1123 Nadine St, Houston, Tx 77009",Unknown,unknown,HELD_TRIAGE,"{""address"": ""1123 Nadine St, Houston, Tx 77009"", ""bucket"": ""RESOLVED-SINGLE"", ""reason"": ""5,000 sf = 100% of plat median 5,000""}; one whole lot; units=1 (one address); master_size=None (none); depth_ft=100.0002; geometry=HCAD unique exact-address polygon; parcel=0350110040006; parcel_history=none",Single Lot,0350110040006,100.0002
index,2130814684,"519 Threlkeld St, Houston, Tx 77007",Unknown,unknown,HELD_TRIAGE,"{""address"": ""519 Threlkeld St, Houston, Tx 77007"", ""bucket"": ""GENUINELY-AMBIGUOUS"", ""reason"": ""4,758 sf in the 4-5k dead zone, no plat median""}; replat child; units=1 (one address); master_size=None (none); depth_ft=136.3517; geometry=HCAD unique exact-address polygon; parcel=1244690010005; parcel_history=none",Split Lot,1244690010005,136.3517
index,2131129729,"2119 Gostick St, Houston, Tx 77008",Unknown,unknown,HELD_TRIAGE,"{""address"": ""2119 Gostick St, Houston, Tx 77008"", ""bucket"": ""GENUINELY-AMBIGUOUS"", ""reason"": ""4,600 sf = 81% of plat median 5,700""}; fragment only; units=1 (one address); master_size=None (none); depth_ft=100.0852; geometry=HCAD unique exact-address polygon; parcel=0151570000010; parcel_history=none",Split Lot,0151570000010,100.0852
index,2131145222,"626 E 22nd St, Houston, Tx 77008",Unknown,unknown,HELD_TRIAGE,"{""address"": ""626 E 22nd St, Houston, Tx 77008"", ""bucket"": ""RESOLVED-SINGLE"", ""reason"": ""4,510 sf = 90% of plat median 4,987""}; one whole lot; units=1 (one address); master_size=None (none); depth_ft=142.5006; geometry=HCAD unique exact-address polygon; parcel=0200610000001; parcel_history=none",Single Lot,0200610000001,142.5006
index,2131042481,"741 W 21st St, Houston, Tx 77008",Unknown,unknown,HELD_TRIAGE,"{""address"": ""741 W 21st St, Houston, Tx 77008"", ""bucket"": ""RESOLVED-SINGLE"", ""reason"": ""legal assembled 2 lots, 6,550 sf >= 2x2400""}; assembled 2 lots -> needs_review; units=1 (one address); master_size=None (none); depth_ft=131.0002; geometry=HCAD unique exact-address polygon; parcel=0200740000027; parcel_history=none",Unknown,0200740000027,131.0002
index,2131044801,"838 Waverly St, Houston, Tx 77007",Unknown,unknown,HELD_TRIAGE,"{""address"": ""838 Waverly St, Houston, Tx 77007"", ""bucket"": ""GENUINELY-AMBIGUOUS"", ""reason"": ""13,200 sf \u2014 larger than any Heights full lot""}; assembled 3 lots -> needs_review; units=1 (one address); master_size=None (none); depth_ft=132.0012; geometry=HCAD unique exact-address polygon; parcel=0202370000031; parcel_history=none",Unknown,0202370000031,132.0012
index,2131146860,"1300 Waverly St, Houston, Tx 77008",Unknown,unknown,HELD_TRIAGE,"{""address"": ""1300 Waverly St, Houston, Tx 77008"", ""bucket"": ""GENUINELY-AMBIGUOUS"", ""reason"": ""4,932 sf = 68% of plat median 7,263""}; no legal; units=1 (one address); master_size=None (none); depth_ft=None; geometry=ambiguous exact-address accounts; parcel=unavailable; parcel_history=none",Unknown,,
index,2131179219,"1211 N Durham Dr, Houston, Tx 77008",Unknown,unknown,HELD_TRIAGE,"{""address"": ""1211 N Durham Dr, Houston, Tx 77008"", ""bucket"": ""GENUINELY-AMBIGUOUS"", ""reason"": ""12,400 sf \u2014 larger than any Heights full lot""}; reserve/replat; units=1 (one address); master_size=None (none); depth_ft=124.1408; geometry=HCAD unique exact-address polygon; parcel=1468120010001; parcel_history=none",Split Lot,1468120010001,124.1408
index,2131152146,"909 Bayland Ave, Houston, Tx 77009",Unknown,unknown,HELD_TRIAGE,"{""address"": ""909 Bayland Ave, Houston, Tx 77009"", ""bucket"": ""RESOLVED-SINGLE"", ""reason"": ""4,893 sf = 99% of plat median 4,959""}; fragment only; units=1 (one address); master_size=None (none); depth_ft=98.851; geometry=HCAD unique exact-address polygon; parcel=0513780000023; parcel_history=none",Common Driveway,0513780000023,98.851
index,2131191267,"1021 Nadine St, Houston, Tx 77009",Unknown,unknown,HELD_TRIAGE,"{""address"": ""1021 Nadine St, Houston, Tx 77009"", ""bucket"": ""RESOLVED-SINGLE"", ""reason"": ""legal LT n + 5,000 sf full lot""}; one whole lot; units=1 (one address); master_size=None (none); depth_ft=100.0002; geometry=HCAD unique exact-address polygon; parcel=0350110030005; parcel_history=none",Single Lot,0350110030005,100.0002
index,2131191475,"1128 Adele St, Houston, Tx 77009",Unknown,unknown,HELD_TRIAGE,"{""address"": ""1128 Adele St, Houston, Tx 77009"", ""bucket"": ""RESOLVED-SINGLE"", ""reason"": ""4,996 sf = 100% of plat median 5,000""}; one whole lot; units=1 (one address); master_size=None (none); depth_ft=100.0762; geometry=HCAD unique exact-address polygon; parcel=0350110040018; parcel_history=none",Single Lot,0350110040018,100.0762
index,2131191611,"1015 Adele St, Houston, Tx 77009",Unknown,unknown,HELD_TRIAGE,"{""address"": ""1015 Adele St, Houston, Tx 77009"", ""bucket"": ""RESOLVED-SINGLE"", ""reason"": ""4,981 sf = 100% of plat median 5,000""}; one whole lot; units=1 (one address); master_size=None (none); depth_ft=99.7158; geometry=HCAD unique exact-address polygon; parcel=0350120060007; parcel_history=none",Single Lot,0350120060007,99.7158
index,2131192777,"839 E 26th St, Houston, Tx 77009",Unknown,unknown,HELD_TRIAGE,"{""address"": ""839 E 26th St, Houston, Tx 77009"", ""bucket"": ""RESOLVED-SINGLE"", ""reason"": ""legal assembled 2 lots, 6,000 sf >= 2x2400""}; assembled 2 lots -> needs_review; units=1 (one address); master_size=None (none); depth_ft=120.0003; geometry=HCAD unique exact-address polygon; parcel=0350840270029; parcel_history=none",Unknown,0350840270029,120.0003
index,2131200820,"1126 W 22nd St, Houston, Tx 77008",Unknown,unknown,HELD_TRIAGE,"{""address"": ""1126 W 22nd St, Houston, Tx 77008"", ""bucket"": ""GENUINELY-AMBIGUOUS"", ""reason"": ""14,500 sf \u2014 larger than any Heights full lot""}; assembled 2 lots -> needs_review; units=1 (one address); master_size=None (none); depth_ft=144.9996; geometry=HCAD unique exact-address polygon; parcel=0610190020015; parcel_history=none",Unknown,0610190020015,144.9996
index,2131200959,"1124 W 21st St, Houston, Tx 77008",Unknown,unknown,HELD_TRIAGE,"{""address"": ""1124 W 21st St, Houston, Tx 77008"", ""bucket"": ""RESOLVED-SPLIT"", ""reason"": ""4,294 sf = 59% of plat median 7,250""}; fragment only; units=1 (one address); master_size=None (none); depth_ft=73.7836; geometry=HCAD unique exact-address polygon; parcel=0610190030009; parcel_history=none",Common Driveway,0610190030009,73.7836
index,2131282520,"837 W 25th St, Houston, Tx 77008",Unknown,unknown,HELD_TRIAGE,"{""address"": ""837 W 25th St, Houston, Tx 77008"", ""bucket"": ""RESOLVED-SPLIT"", ""reason"": ""parcel SPLIT into half lots (children ~3,275 sf)""}; no legal; units=1 (one address); master_size=None (none); depth_ft=None; geometry=ambiguous exact-address accounts; parcel=unavailable; parcel_history=none",Unknown,,
index,2131330179,"1518 W 25th St, Houston, Tx 77008",Unknown,unknown,HELD_TRIAGE,"{""address"": ""1518 W 25th St, Houston, Tx 77008"", ""bucket"": ""GENUINELY-AMBIGUOUS"", ""reason"": ""20,117 sf \u2014 larger than any Heights full lot""}; fragment only; units=1 (one address); master_size=None (none); depth_ft=181.4144; geometry=HCAD unique exact-address polygon; parcel=0561650000288; parcel_history=none",Split Lot,0561650000288,181.4144
index,2131331239,"1610 W 21st St, Houston, Tx 77008",Unknown,unknown,HELD_TRIAGE,"{""address"": ""1610 W 21st St, Houston, Tx 77008"", ""bucket"": ""GENUINELY-AMBIGUOUS"", ""reason"": ""12,654 sf \u2014 larger than any Heights full lot""}; assembled 2 lots -> needs_review; units=1 (one address); master_size=None (none); depth_ft=126.9222; geometry=HCAD unique exact-address polygon; parcel=0561660000250; parcel_history=none",Unknown,0561660000250,126.9222
index,2131195093,"205 Northwood St, Houston, Tx 77009",Unknown,unknown,HELD_TRIAGE,"{""address"": ""205 Northwood St, Houston, Tx 77009"", ""bucket"": ""RESOLVED-SINGLE"", ""reason"": ""legal LT n + 5,085 sf full lot""}; one whole lot; units=1 (one address); master_size=None (none); depth_ft=102.3079; geometry=HCAD unique exact-address polygon; parcel=0330700000009; parcel_history=none",Single Lot,0330700000009,102.3079
index,2131207530,"423 E 28th St, Houston, Tx 77008",Unknown,unknown,HELD_TRIAGE,"{""address"": ""423 E 28th St, Houston, Tx 77008"", ""bucket"": ""GENUINELY-AMBIGUOUS"", ""reason"": ""4,448 sf = 77% of plat median 5,754""}; lot + fragment; units=1 (one address); master_size=None (none); depth_ft=120.2277; geometry=HCAD unique exact-address polygon; parcel=0350760120013; parcel_history=none",Split Lot,0350760120013,120.2277
index,2131208376,"731 E 27th St, Houston, Tx 77009",Unknown,unknown,HELD_TRIAGE,"{""address"": ""731 E 27th St, Houston, Tx 77009"", ""bucket"": ""GENUINELY-AMBIGUOUS"", ""reason"": ""18,000 sf \u2014 larger than any Heights full lot""}; assembled 6 lots -> needs_review; units=1 (one address); master_size=None (none); depth_ft=149.9985; geometry=HCAD unique exact-address polygon; parcel=0350810220024; parcel_history=none",Unknown,0350810220024,149.9985
index,2131226980,"305 Tabor St, Houston, Tx 77009",Unknown,unknown,HELD_TRIAGE,"{""address"": ""305 Tabor St, Houston, Tx 77009"", ""bucket"": ""RESOLVED-SINGLE"", ""reason"": ""legal LT n + 5,090 sf full lot""}; one whole lot; units=1 (one address); master_size=None (none); depth_ft=101.7885; geometry=HCAD unique exact-address polygon; parcel=0330740000009; parcel_history=none",Single Lot,0330740000009,101.7885
index,2131227429,"301 Enid St, Houston, Tx 77009",Unknown,unknown,HELD_TRIAGE,"{""address"": ""301 Enid St, Houston, Tx 77009"", ""bucket"": ""RESOLVED-SINGLE"", ""reason"": ""legal LT n + 5,093 sf full lot""}; one whole lot; units=1 (one address); master_size=None (none); depth_ft=100.9802; geometry=HCAD unique exact-address polygon; parcel=0330830000007; parcel_history=none",Single Lot,0330830000007,100.9802
index,2131242651,"1107 E 27th St, Houston, Tx 77009",Unknown,unknown,HELD_TRIAGE,"{""address"": ""1107 E 27th St, Houston, Tx 77009"", ""bucket"": ""RESOLVED-SINGLE"", ""reason"": ""4,999 sf = 100% of plat median 4,999""}; one whole lot; units=1 (one address); master_size=None (none); depth_ft=100.7883; geometry=HCAD unique exact-address polygon; parcel=0351100060003; parcel_history=none",Single Lot,0351100060003,100.7883
index,2131370103,"512 Threlkeld St, Houston, Tx 77007",Unknown,unknown,HELD_TRIAGE,"{""address"": ""512 Threlkeld St, Houston, Tx 77007"", ""bucket"": ""RESOLVED-SINGLE"", ""reason"": ""5,000 sf = 100% of plat median 5,000""}; one whole lot; units=1 (one address); master_size=None (none); depth_ft=99.9992; geometry=HCAD unique exact-address polygon; parcel=0512050030014; parcel_history=none",Single Lot,0512050030014,99.9992
index,2131370113,"533 Studewood St, Houston, Tx 77007",Unknown,unknown,HELD_TRIAGE,"{""address"": ""533 Studewood St, Houston, Tx 77007"", ""bucket"": ""RESOLVED-SINGLE"", ""reason"": ""legal LT n + 5,750 sf full lot""}; one whole lot; units=1 (one address); master_size=None (none); depth_ft=115.0004; geometry=HCAD unique exact-address polygon; parcel=0512050030021; parcel_history=none",Single Lot,0512050030021,115.0004
index,2131370154,"531 Threlkeld St, Houston, Tx 77007",Unknown,unknown,HELD_TRIAGE,"{""address"": ""531 Threlkeld St, Houston, Tx 77007"", ""bucket"": ""RESOLVED-SINGLE"", ""reason"": ""legal TR only (1 frag) + 6,000 sf full lot""}; fragment only; units=1 (one address); master_size=None (none); depth_ft=100.001; geometry=HCAD unique exact-address polygon; parcel=0512050040005; parcel_history=none",Split Lot,0512050040005,100.001
index,2131374828,"1010 Woodland St, Houston, Tx 77009",Unknown,unknown,HELD_TRIAGE,"{""address"": ""1010 Woodland St, Houston, Tx 77009"", ""bucket"": ""RESOLVED-SINGLE"", ""reason"": ""legal LT n + 5,078 sf full lot""}; one whole lot; units=1 (one address); master_size=None (none); depth_ft=100.7704; geometry=HCAD unique exact-address polygon; parcel=0620660000003; parcel_history=none",Single Lot,0620660000003,100.7704
index,2131318786,"427 E 24th St, Houston, Tx 77008",Unknown,unknown,HELD_TRIAGE,"{""address"": ""427 E 24th St, Houston, Tx 77008"", ""bucket"": ""GENUINELY-AMBIGUOUS"", ""reason"": ""14,670 sf \u2014 larger than any Heights full lot""}; assembled 5 lots -> needs_review; units=1 (one address); master_size=None (none); depth_ft=123.4265; geometry=HCAD unique exact-address polygon; parcel=0350980560013; parcel_history=none",Unknown,0350980560013,123.4265
index,2131347730,"4308 Julian St, Houston, Tx 77009",Unknown,unknown,HELD_TRIAGE,"{""address"": ""4308 Julian St, Houston, Tx 77009"", ""bucket"": ""RESOLVED-SINGLE"", ""reason"": ""4,639 sf = 101% of plat median 4,603""}; replat child; units=1 (one address); master_size=None (none); depth_ft=104.8817; geometry=HCAD unique exact-address polygon; parcel=0590270000006; parcel_history=none",Split Lot,0590270000006,104.8817
index,2131370476,"905 Adele St, Houston, Tx 77009",Unknown,unknown,HELD_TRIAGE,"{""address"": ""905 Adele St, Houston, Tx 77009"", ""bucket"": ""RESOLVED-SINGLE"", ""reason"": ""4,500 sf = 90% of plat median 5,000""}; replat child; units=1 (one address); master_size=None (none); depth_ft=100.9294; geometry=HCAD unique exact-address polygon; parcel=0513480000009; parcel_history=none",Split Lot,0513480000009,100.9294
index,2131437359,"117 Munford St, Houston, Tx 77008",Unknown,unknown,HELD_TRIAGE,"{""address"": ""117 Munford St, Houston, Tx 77008"", ""bucket"": ""RESOLVED-SINGLE"", ""reason"": ""legal LT n + 5,200 sf full lot""}; one whole lot; units=1 (one address); master_size=None (none); depth_ft=100.0007; geometry=HCAD unique exact-address polygon; parcel=0562790000009; parcel_history=none",Single Lot,0562790000009,100.0007
index,2131437380,"212 E 25th St, Houston, Tx 77008",Unknown,unknown,HELD_TRIAGE,"{""address"": ""212 E 25th St, Houston, Tx 77008"", ""bucket"": ""RESOLVED-SINGLE"", ""reason"": ""legal assembled 2 lots, 5,908 sf >= 2x2400""}; assembled 2 lots -> needs_review; units=1 (one address); master_size=None (none); depth_ft=98.8866; geometry=HCAD unique exact-address polygon; parcel=0562800000012; parcel_history=none",Unknown,0562800000012,98.8866
index,2131437447,"117 E 25th St, Houston, Tx 77008",Unknown,unknown,HELD_TRIAGE,"{""address"": ""117 E 25th St, Houston, Tx 77008"", ""bucket"": ""RESOLVED-SINGLE"", ""reason"": ""legal assembled 2 lots, 9,464 sf >= 2x2400""}; assembled 2 lots -> needs_review; units=1 (one address); master_size=None (none); depth_ft=104.0015; geometry=HCAD unique exact-address polygon; parcel=0562820000009; parcel_history=none",Unknown,0562820000009,104.0015
index,2161199012,"710 E 13th St, Houston, Tx 77008",Unknown,unknown,HELD_TRIAGE,"{""address"": ""710 E 13th St, Houston, Tx 77008"", ""bucket"": ""GENUINELY-AMBIGUOUS"", ""reason"": ""4,785 sf in the 4-5k dead zone, no plat median""}; replat child; units=1 (one address); master_size=None (none); depth_ft=191.5001; geometry=HCAD unique exact-address polygon; parcel=1393250010002; parcel_history=none",Split Lot,1393250010002,191.5001
index,2170723831,"303 Enid St, Houston, Tx 77009",Unknown,unknown,HELD_TRIAGE,"{""address"": ""303 Enid St, Houston, Tx 77009"", ""bucket"": ""RESOLVED-SINGLE"", ""reason"": ""legal LT n + 5,093 sf full lot""}; one whole lot; units=1 (one address); master_size=None (none); depth_ft=101.0749; geometry=HCAD unique exact-address polygon; parcel=0330830000014; parcel_history=none",Single Lot,0330830000014,101.0749
index,2131175661,"611 Mathis St, Houston, Tx 77009",Unknown,unknown,HELD_TRIAGE,"{""address"": ""611 Mathis St, Houston, Tx 77009"", ""bucket"": ""RESOLVED-SINGLE"", ""reason"": ""5,000 sf = 100% of plat median 5,000""}; one whole lot; units=1 (one address); master_size=None (none); depth_ft=100.0033; geometry=HCAD unique exact-address polygon; parcel=0331140610001; parcel_history=none",Single Lot,0331140610001,100.0033
index,2131176668,"1208 Cordell St, Houston, Tx 77009",Unknown,unknown,HELD_TRIAGE,"{""address"": ""1208 Cordell St, Houston, Tx 77009"", ""bucket"": ""RESOLVED-SINGLE"", ""reason"": ""5,000 sf = 100% of plat median 5,000""}; one whole lot; units=1 (one address); master_size=None (none); depth_ft=100.0; geometry=HCAD unique exact-address polygon; parcel=0331220730003; parcel_history=none",Single Lot,0331220730003,100.0
index,2131176672,"1204 Cordell St, Houston, Tx 77009",Unknown,unknown,HELD_TRIAGE,"{""address"": ""1204 Cordell St, Houston, Tx 77009"", ""bucket"": ""RESOLVED-SINGLE"", ""reason"": ""5,000 sf = 100% of plat median 5,000""}; one whole lot; units=1 (one address); master_size=None (none); depth_ft=100.0003; geometry=HCAD unique exact-address polygon; parcel=0331220730005; parcel_history=none",Single Lot,0331220730005,100.0003
index,2131177133,"1201 Cordell St, Houston, Tx 77009",Unknown,unknown,HELD_TRIAGE,"{""address"": ""1201 Cordell St, Houston, Tx 77009"", ""bucket"": ""RESOLVED-SINGLE"", ""reason"": ""legal LT n + 5,022 sf full lot""}; one whole lot; units=1 (one address); master_size=None (none); depth_ft=100.1041; geometry=HCAD unique exact-address polygon; parcel=0331250800007; parcel_history=none",Single Lot,0331250800007,100.1041
index,2131227565,"507 Cordell St, Houston, Tx 77009",Unknown,unknown,HELD_TRIAGE,"{""address"": ""507 Cordell St, Houston, Tx 77009"", ""bucket"": ""RESOLVED-SINGLE"", ""reason"": ""4,940 sf = 100% of plat median 4,940""}; one whole lot; units=1 (one address); master_size=None (none); depth_ft=98.6687; geometry=HCAD unique exact-address polygon; parcel=0330860000012; parcel_history=none",Single Lot,0330860000012,98.6687
index,2131227567,"511 Cordell St, Houston, Tx 77009",Unknown,unknown,HELD_TRIAGE,"{""address"": ""511 Cordell St, Houston, Tx 77009"", ""bucket"": ""RESOLVED-SINGLE"", ""reason"": ""4,926 sf = 100% of plat median 4,940""}; one whole lot; units=1 (one address); master_size=None (none); depth_ft=98.6742; geometry=HCAD unique exact-address polygon; parcel=0330860000013; parcel_history=none",Single Lot,0330860000013,98.6742
index,2131228154,"607 Melwood St, Houston, Tx 77009",Unknown,unknown,HELD_TRIAGE,"{""address"": ""607 Melwood St, Houston, Tx 77009"", ""bucket"": ""RESOLVED-SINGLE"", ""reason"": ""4,967 sf = 99% of plat median 5,001""}; one whole lot; units=1 (one address); master_size=None (none); depth_ft=100.5492; geometry=HCAD unique exact-address polygon; parcel=0330960000012; parcel_history=none",Single Lot,0330960000012,100.5492
index,2131228576,"805 Tabor St, Houston, Tx 77009",Unknown,unknown,HELD_TRIAGE,"{""address"": ""805 Tabor St, Houston, Tx 77009"", ""bucket"": ""RESOLVED-SINGLE"", ""reason"": ""legal LT n + 5,013 sf full lot""}; one whole lot; units=1 (one address); master_size=None (none); depth_ft=100.3097; geometry=HCAD unique exact-address polygon; parcel=0331400090009; parcel_history=none",Single Lot,0331400090009,100.3097
index,2131228942,"1412 Northwood St, Houston, Tx 77009",Unknown,unknown,HELD_TRIAGE,"{""address"": ""1412 Northwood St, Houston, Tx 77009"", ""bucket"": ""RESOLVED-SINGLE"", ""reason"": ""legal LT n + 5,215 sf full lot""}; one whole lot; units=1 (one address); master_size=None (none); depth_ft=105.5318; geometry=HCAD unique exact-address polygon; parcel=0331430150002; parcel_history=none",Single Lot,0331430150002,105.5318
index,2131312288,"1007 Cordell St, Houston, Tx 77009",Unknown,unknown,HELD_TRIAGE,"{""address"": ""1007 Cordell St, Houston, Tx 77009"", ""bucket"": ""RESOLVED-SINGLE"", ""reason"": ""legal LT n + 5,000 sf full lot""}; one whole lot; units=1 (one address); master_size=None (none); depth_ft=100.0005; geometry=HCAD unique exact-address polygon; parcel=0331260820010; parcel_history=none",Single Lot,0331260820010,100.0005
index,2131312670,"1003 Enid St, Houston, Tx 77009",Unknown,unknown,HELD_TRIAGE,"{""address"": ""1003 Enid St, Houston, Tx 77009"", ""bucket"": ""RESOLVED-SINGLE"", ""reason"": ""legal LT n + 5,000 sf full lot""}; one whole lot; units=1 (one address); master_size=None (none); depth_ft=100.0002; geometry=HCAD unique exact-address polygon; parcel=0331310910008; parcel_history=none",Single Lot,0331310910008,100.0002
index,2131312852,"1506 Tabor St, Houston, Tx 77009",Unknown,unknown,HELD_TRIAGE,"{""address"": ""1506 Tabor St, Houston, Tx 77009"", ""bucket"": ""RESOLVED-SINGLE"", ""reason"": ""legal LT n + 1 TR + 6,222 sf full lot""}; lot + fragment; units=1 (one address); master_size=None (none); depth_ft=99.714; geometry=HCAD unique exact-address polygon; parcel=0331340970003; parcel_history=none",Common Driveway,0331340970003,99.714
index,2131313166,"805 Walton St, Houston, Tx 77009",Unknown,unknown,HELD_TRIAGE,"{""address"": ""805 Walton St, Houston, Tx 77009"", ""bucket"": ""RESOLVED-SINGLE"", ""reason"": ""4,993 sf = 100% of plat median 5,000""}; one whole lot; units=1 (one address); master_size=None (none); depth_ft=100.0459; geometry=HCAD unique exact-address polygon; parcel=0331370040009; parcel_history=none",Single Lot,0331370040009,100.0459
index,2131313407,"1631 Walton St, Houston, Tx 77009",Unknown,unknown,HELD_TRIAGE,"{""address"": ""1631 Walton St, Houston, Tx 77009"", ""bucket"": ""RESOLVED-SINGLE"", ""reason"": ""legal LT n + 5,279 sf full lot""}; replat child; units=1 (one address); master_size=None (none); depth_ft=100.6901; geometry=HCAD unique exact-address polygon; parcel=0521510000008; parcel_history=none",Split Lot,0521510000008,100.6901
index,2177158676,"Enid St, Houston, Tx 77009",Unknown,unknown,HELD_TRIAGE,"{""address"": ""Enid St, Houston, Tx 77009"", ""bucket"": ""GENUINELY-AMBIGUOUS"", ""reason"": ""4,111 sf = 63% of plat median 6,479""}; no legal; units=1 (one address); master_size=None (none); depth_ft=None; geometry=unavailable; parcel=unavailable; parcel_history=none",Unknown,,
index,2177158678,"Enid St, Houston, Tx 77009",Unknown,unknown,HELD_TRIAGE,"{""address"": ""Enid St, Houston, Tx 77009"", ""bucket"": ""GENUINELY-AMBIGUOUS"", ""reason"": ""4,112 sf = 63% of plat median 6,479""}; no legal; units=1 (one address); master_size=None (none); depth_ft=None; geometry=unavailable; parcel=unavailable; parcel_history=none",Unknown,,
index,pmt_745-w-17th-st-77008,"745 W 17th St, Houston, TX 77008",Unknown,unknown,HELD_TRIAGE,"{""address"": ""745 W 17th St, Houston, TX 77008"", ""bucket"": ""GENUINELY-AMBIGUOUS"", ""reason"": ""16,983 sf \u2014 larger than any Heights full lot""}; no legal; units=1 (one address); master_size=None (none); depth_ft=None; geometry=unavailable; parcel=unavailable; parcel_history=none",Unknown,,
index,pmt_949-ridge-st-77009,"949 Ridge St, Houston, TX 77009",Unknown,unknown,HELD_TRIAGE,"{""address"": ""949 Ridge St, Houston, TX 77009"", ""bucket"": ""RESOLVED-SINGLE"", ""reason"": ""legal LT n + 5,228 sf full lot""}; replat child; units=1 (one address); master_size=None (none); depth_ft=105.6837; geometry=HCAD unique exact-address polygon; parcel=0562880000014; parcel_history=none",Split Lot,0562880000014,105.6837
index,2131537524,"1219 Bay Oaks Rd, Houston, Tx 77008",Unknown,unknown,HELD_TRIAGE,"{""address"": ""1219 Bay Oaks Rd, Houston, Tx 77008"", ""bucket"": ""GENUINELY-AMBIGUOUS"", ""reason"": ""16,834 sf \u2014 larger than any Heights full lot""}; replat child; units=1 (one address); master_size=None (none); depth_ft=301.942; geometry=HCAD unique exact-address polygon; parcel=0771810060016; parcel_history=none",Split Lot,0771810060016,301.942
index,2131538718,"905 Bay Oaks Rd, Houston, Tx 77008",Unknown,unknown,HELD_TRIAGE,"{""address"": ""905 Bay Oaks Rd, Houston, Tx 77008"", ""bucket"": ""GENUINELY-AMBIGUOUS"", ""reason"": ""13,835 sf \u2014 larger than any Heights full lot""}; replat child; units=1 (one address); master_size=None (none); depth_ft=129.9474; geometry=HCAD unique exact-address polygon; parcel=0771820160010; parcel_history=none",Split Lot,0771820160010,129.9474
index,2131538738,"1522 Glen Oaks St, Houston, Tx 77008",Unknown,unknown,HELD_TRIAGE,"{""address"": ""1522 Glen Oaks St, Houston, Tx 77008"", ""bucket"": ""GENUINELY-AMBIGUOUS"", ""reason"": ""15,954 sf \u2014 larger than any Heights full lot""}; replat child; units=1 (one address); master_size=None (none); depth_ft=237.4591; geometry=HCAD unique exact-address polygon; parcel=0771820170006; parcel_history=none",Split Lot,0771820170006,237.4591
index,pmt_1602-turnpike-rd-77008,"1602 Turnpike Rd, Houston, TX 77008",Unknown,unknown,HELD_TRIAGE,"{""address"": ""1602 Turnpike Rd, Houston, TX 77008"", ""bucket"": ""GENUINELY-AMBIGUOUS"", ""reason"": ""17,339 sf \u2014 larger than any Heights full lot""}; replat child; units=1 (one address); master_size=None (none); depth_ft=303.5196; geometry=HCAD unique exact-address polygon; parcel=0771820170019; parcel_history=none",Split Lot,0771820170019,303.5196
index,pmt_1032-key-st-77009,"1032 Key St, Houston, TX 77009",Unknown,unknown,HELD_TRIAGE,"{""address"": ""1032 Key St, Houston, TX 77009"", ""bucket"": ""RESOLVED-SINGLE"", ""reason"": ""legal LT n + 5,000 sf full lot""}; replat child; units=1 (one address); master_size=None (none); depth_ft=100.0003; geometry=HCAD unique exact-address polygon; parcel=0621120000029; parcel_history=none",Split Lot,0621120000029,100.0003
index,pmt_1138-fugate-st-77009,"1138 Fugate St, Houston, TX 77009",Unknown,unknown,HELD_TRIAGE,"{""address"": ""1138 Fugate St, Houston, TX 77009"", ""bucket"": ""GENUINELY-AMBIGUOUS"", ""reason"": ""no parcel, no legal""}; replat child; units=1 (one address); master_size=None (none); depth_ft=99.9997; geometry=HCAD unique exact-address polygon; parcel=0621010000010; parcel_history=none",Common Driveway,0621010000010,99.9997
index,pmt_1013-woodland-st-77009,"1013 Woodland St, Houston, TX 77009",Unknown,unknown,HELD_TRIAGE,"{""address"": ""1013 Woodland St, Houston, TX 77009"", ""bucket"": ""RESOLVED-SINGLE"", ""reason"": ""legal LT n + 5,091 sf full lot""}; one whole lot; units=1 (one address); master_size=None (none); depth_ft=101.0974; geometry=HCAD unique exact-address polygon; parcel=0620650000013; parcel_history=none",Single Lot,0620650000013,101.0974
index,pmt_1040-louise-st-77009,"1040 Louise St, Houston, TX 77009",Unknown,unknown,HELD_TRIAGE,"{""address"": ""1040 Louise St, Houston, TX 77009"", ""bucket"": ""RESOLVED-SINGLE"", ""reason"": ""4,908 sf = 98% of plat median 5,000""}; one whole lot; units=1 (one address); master_size=None (none); depth_ft=103.8557; geometry=HCAD unique exact-address polygon; parcel=0350120060020; parcel_history=none",Single Lot,0350120060020,103.8557
index,pmt_2436-white-oak-dr-77009,"2436 White Oak Dr, Houston, TX 77009",Unknown,unknown,HELD_TRIAGE,"{""address"": ""2436 White Oak Dr, Houston, TX 77009"", ""bucket"": ""GENUINELY-AMBIGUOUS"", ""reason"": ""no parcel, no legal""}; no legal; units=1 (one address); master_size=None (none); depth_ft=None; geometry=unavailable; parcel=unavailable; parcel_history=none",Unknown,,
index,pmt_832-e-27th-st-77009,"832 E 27th St, Houston, TX 77009",Unknown,unknown,HELD_TRIAGE,"{""address"": ""832 E 27th St, Houston, TX 77009"", ""bucket"": ""GENUINELY-AMBIGUOUS"", ""reason"": ""no parcel, no legal""}; no legal; units=1 (one address); master_size=None (none); depth_ft=None; geometry=unavailable; parcel=unavailable; parcel_history=none",Unknown,,
index,pmt_631-mazal-pvt-ln-77009,"631 Mazal (Pvt) Ln, Houston, TX 77009",Unknown,unknown,HELD_TRIAGE,"{""address"": ""631 Mazal (Pvt) Ln, Houston, TX 77009"", ""bucket"": ""GENUINELY-AMBIGUOUS"", ""reason"": ""legal claims 3 lots but only 4,170 sf""}; no legal; units=1 (one address); master_size=3 (25114941); depth_ft=None; geometry=unavailable; parcel=unavailable; parcel_history=none",Unknown,,
index,2131191542,"1115 Adele St, Houston, Tx 77009",Unknown,unknown,HELD_TRIAGE,"{""address"": ""1115 Adele St, Houston, Tx 77009"", ""bucket"": ""RESOLVED-SINGLE"", ""reason"": ""4,999 sf = 100% of plat median 5,000""}; one whole lot; units=1 (one address); master_size=None (none); depth_ft=100.0001; geometry=HCAD unique exact-address polygon; parcel=0350120050008; parcel_history=none",Single Lot,0350120050008,100.0001
index,2131437247,"205 E 24th St, Houston, Tx 77008",Unknown,unknown,HELD_TRIAGE,"{""address"": ""205 E 24th St, Houston, Tx 77008"", ""bucket"": ""RESOLVED-SINGLE"", ""reason"": ""legal LT n + 5,298 sf full lot""}; one whole lot; units=1 (one address); master_size=None (none); depth_ft=100.2215; geometry=HCAD unique exact-address polygon; parcel=0562770000003; parcel_history=none",Single Lot,0562770000003,100.2215
index,2131387479,"932 W Temple St, Houston, Tx 77009",Unknown,unknown,HELD_TRIAGE,"{""address"": ""932 W Temple St, Houston, Tx 77009"", ""bucket"": ""RESOLVED-SINGLE"", ""reason"": ""legal LT n + 5,284 sf full lot""}; replat child; units=1 (one address); master_size=None (none); depth_ft=106.4632; geometry=HCAD unique exact-address polygon; parcel=0621330190002; parcel_history=none",Split Lot,0621330190002,106.4632
index,2131074923,"707 E 6th 1/2 St, Houston, Tx 77007",Unknown,unknown,HELD_TRIAGE,"{""address"": ""707 E 6th 1/2 St, Houston, Tx 77007"", ""bucket"": ""GENUINELY-AMBIGUOUS"", ""reason"": ""24,983 sf \u2014 larger than any Heights full lot""}; assembled 3 lots -> needs_review; units=1 (one address); master_size=None (none); depth_ft=202.116; geometry=HCAD unique exact-address polygon; parcel=0350290550020; parcel_history=none",Unknown,0350290550020,202.116
index,2131186526,"404 W 21st St, Houston, Tx 77008",Unknown,unknown,HELD_TRIAGE,"{""address"": ""404 W 21st St, Houston, Tx 77008"", ""bucket"": ""GENUINELY-AMBIGUOUS"", ""reason"": ""29,473 sf \u2014 larger than any Heights full lot""}; assembled 9 lots -> needs_review; units=1 (one address); master_size=None (none); depth_ft=224.9905; geometry=HCAD unique exact-address polygon; parcel=0200800000001; parcel_history=none",Unknown,0200800000001,224.9905
index,2131187484,"1808 N Shepherd Dr, Houston, Tx 77008",Unknown,unknown,HELD_TRIAGE,"{""address"": ""1808 N Shepherd Dr, Houston, Tx 77008"", ""bucket"": ""GENUINELY-AMBIGUOUS"", ""reason"": ""19,650 sf \u2014 larger than any Heights full lot""}; reserve/replat; units=1 (one address); master_size=None (none); depth_ft=150.1282; geometry=HCAD unique exact-address polygon; parcel=1455700010001; parcel_history=none",Split Lot,1455700010001,150.1282
index,2131191607,"1025 Adele St, Houston, Tx 77009",Unknown,unknown,HELD_TRIAGE,"{""address"": ""1025 Adele St, Houston, Tx 77009"", ""bucket"": ""RESOLVED-SINGLE"", ""reason"": ""legal LT n + 5,371 sf full lot""}; one whole lot; units=1 (one address); master_size=None (none); depth_ft=100.0; geometry=HCAD unique exact-address polygon; parcel=0350120060004; parcel_history=none",Single Lot,0350120060004,100.0
index,2131200768,"902 W 22nd St, Houston, Tx 77008",Unknown,unknown,HELD_TRIAGE,"{""address"": ""902 W 22nd St, Houston, Tx 77008"", ""bucket"": ""GENUINELY-AMBIGUOUS"", ""reason"": ""23,940 sf \u2014 larger than any Heights full lot""}; assembled 3 lots -> needs_review; units=1 (one address); master_size=None (none); depth_ft=163.8547; geometry=HCAD unique exact-address polygon; parcel=0610190010019; parcel_history=none",Unknown,0610190010019,163.8547
index,2131240334,"745 E 11th 1/2 St, Houston, Tx 77008",Unknown,unknown,HELD_TRIAGE,"{""address"": ""745 E 11th 1/2 St, Houston, Tx 77008"", ""bucket"": ""GENUINELY-AMBIGUOUS"", ""reason"": ""12,473 sf \u2014 larger than any Heights full lot""}; assembled 2 lots -> needs_review; units=1 (one address); master_size=None (none); depth_ft=124.923; geometry=HCAD unique exact-address polygon; parcel=0350190360013; parcel_history=none",Unknown,0350190360013,124.923
index,2131318291,"1211 Gibbs St, Houston, Tx 77009",Unknown,unknown,HELD_TRIAGE,"{""address"": ""1211 Gibbs St, Houston, Tx 77009"", ""bucket"": ""GENUINELY-AMBIGUOUS"", ""reason"": ""20,491 sf \u2014 larger than any Heights full lot""}; assembled 6 lots -> needs_review; units=1 (one address); master_size=None (none); depth_ft=196.7673; geometry=HCAD unique exact-address polygon; parcel=0350930450029; parcel_history=none",Unknown,0350930450029,196.7673
index,pmt_835-lawrence-st-77007,"835 Lawrence St, Houston, TX 77007",Unknown,unknown,HELD_TRIAGE,"{""address"": ""835 Lawrence St, Houston, TX 77007"", ""bucket"": ""GENUINELY-AMBIGUOUS"", ""reason"": ""legal claims 3 lots but only 5,700 sf""}; assembled 4 lots -> needs_review; units=1 (one address); master_size=None (none); depth_ft=100.5315; geometry=HCAD unique exact-address polygon; parcel=0621980020043; parcel_history=none",Unknown,0621980020043,100.5315
index,pmt_710-le-green-st-77008,"710 Le Green St, Houston, TX 77008",Unknown,unknown,HELD_TRIAGE,"{""address"": ""710 Le Green St, Houston, TX 77008"", ""bucket"": ""RESOLVED-SINGLE"", ""reason"": ""legal LT n + 5,043 sf full lot""}; one whole lot; units=1 (one address); master_size=None (none); depth_ft=100.2083; geometry=HCAD unique exact-address polygon; parcel=0520390000072; parcel_history=none",Single Lot,0520390000072,100.2083
index,pmt_845-w-23rd-st-a-77008,"845 W 23rd St A, Houston, TX 77008",Unknown,unknown,HELD_TRIAGE,"{""address"": ""845 W 23rd St A, Houston, TX 77008"", ""bucket"": ""RESOLVED-SPLIT"", ""reason"": ""2 lettered units on one parcel (6,550 sf)""}; no legal; units=2 (distinct address unit letters); master_size=None (none); depth_ft=None; geometry=unavailable; parcel=unavailable; parcel_history=none",Split Lot,,
index,pmt_845-w-23rd-st-b-77008,"845 W 23rd St B, Houston, TX 77008",Unknown,unknown,HELD_TRIAGE,"{""address"": ""845 W 23rd St B, Houston, TX 77008"", ""bucket"": ""RESOLVED-SPLIT"", ""reason"": ""2 lettered units on one parcel (6,550 sf)""}; no legal; units=2 (distinct address unit letters); master_size=None (none); depth_ft=None; geometry=unavailable; parcel=unavailable; parcel_history=none",Split Lot,,
index,pmt_606-link-rd-f-77009,"606 Link Rd F, Houston, TX 77009",Common Driveway,high,V9_VERIFIED,"replat child; units=7 (distinct address unit letters); master_size=7 (26012766); depth_ft=85.5613; geometry=HCAD unique exact-address polygon; parcel=1496850010002; parcel_history={'event': 'SPLIT', 'vintage': '2025_Oct->2026_Jul', 'parents': ['0400590000012'], 'children': ['1496850010008', '1496850010001', '1496850010002', '1496850010003', '1496850010004', '1496850010005', '1496850010006', '1496850010007'], 'source': 'refresh/parcel_events.json'}",Common Driveway,1496850010002,85.5613
index,pmt_606-link-rd-e-77009,"606 Link Rd E, Houston, TX 77009",Common Driveway,high,V9_VERIFIED,"replat child; units=7 (distinct address unit letters); master_size=7 (26012766); depth_ft=83.579; geometry=HCAD unique exact-address polygon; parcel=1496850010003; parcel_history={'event': 'SPLIT', 'vintage': '2025_Oct->2026_Jul', 'parents': ['0400590000012'], 'children': ['1496850010008', '1496850010001', '1496850010002', '1496850010003', '1496850010004', '1496850010005', '1496850010006', '1496850010007'], 'source': 'refresh/parcel_events.json'}",Common Driveway,1496850010003,83.579
index,pmt_606-link-rd-d-77009,"606 Link Rd D, Houston, TX 77009",Common Driveway,high,V9_VERIFIED,"replat child; units=7 (distinct address unit letters); master_size=7 (26012766); depth_ft=80.1898; geometry=HCAD unique exact-address polygon; parcel=1496850010004; parcel_history={'event': 'SPLIT', 'vintage': '2025_Oct->2026_Jul', 'parents': ['0400590000012'], 'children': ['1496850010008', '1496850010001', '1496850010002', '1496850010003', '1496850010004', '1496850010005', '1496850010006', '1496850010007'], 'source': 'refresh/parcel_events.json'}",Common Driveway,1496850010004,80.1898
index,pmt_606-link-rd-c-77009,"606 Link Rd C, Houston, TX 77009",Common Driveway,high,V9_VERIFIED,"replat child; units=7 (distinct address unit letters); master_size=7 (26012766); depth_ft=76.8006; geometry=HCAD unique exact-address polygon; parcel=1496850010005; parcel_history={'event': 'SPLIT', 'vintage': '2025_Oct->2026_Jul', 'parents': ['0400590000012'], 'children': ['1496850010008', '1496850010001', '1496850010002', '1496850010003', '1496850010004', '1496850010005', '1496850010006', '1496850010007'], 'source': 'refresh/parcel_events.json'}",Common Driveway,1496850010005,76.8006
index,pmt_606-link-rd-b-77009,"606 Link Rd B, Houston, TX 77009",Common Driveway,high,V9_VERIFIED,"replat child; units=7 (distinct address unit letters); master_size=7 (26012766); depth_ft=73.4113; geometry=HCAD unique exact-address polygon; parcel=1496850010006; parcel_history={'event': 'SPLIT', 'vintage': '2025_Oct->2026_Jul', 'parents': ['0400590000012'], 'children': ['1496850010008', '1496850010001', '1496850010002', '1496850010003', '1496850010004', '1496850010005', '1496850010006', '1496850010007'], 'source': 'refresh/parcel_events.json'}",Common Driveway,1496850010006,73.4113
index,pmt_606-link-rd-a-77009,"606 Link Rd A, Houston, TX 77009",Common Driveway,high,V9_VERIFIED,"replat child; units=7 (distinct address unit letters); master_size=7 (26012766); depth_ft=70.0221; geometry=HCAD unique exact-address polygon; parcel=1496850010007; parcel_history={'event': 'SPLIT', 'vintage': '2025_Oct->2026_Jul', 'parents': ['0400590000012'], 'children': ['1496850010008', '1496850010001', '1496850010002', '1496850010003', '1496850010004', '1496850010005', '1496850010006', '1496850010007'], 'source': 'refresh/parcel_events.json'}",Common Driveway,1496850010007,70.0221
index,pmt_4616-eli-st-c-77007,"4616 Eli St C, Houston, TX 77007",Common Driveway,high,V9_VERIFIED,"replat child; units=3 (distinct address unit letters); master_size=6 (26014116); depth_ft=50.0001; geometry=HCAD unique exact-address polygon; parcel=1487810010001; parcel_history={'event': 'SPLIT', 'vintage': '2025_Oct->2026_Jul', 'parents': ['0072670000003'], 'children': ['1487810010007', '1487810010006', '1487810010001', '1487810010002', '1487810010005', '1487810010003', '1487810010004'], 'source': 'refresh/parcel_events.json'}",Common Driveway,1487810010001,50.0001
index,pmt_4612-eli-st-b-77007,"4612 Eli St B, Houston, TX 77007",Common Driveway,high,V9_VERIFIED,"replat child; units=3 (distinct address unit letters); master_size=6 (26014116); depth_ft=49.9999; geometry=HCAD unique exact-address polygon; parcel=1487810010005; parcel_history={'event': 'SPLIT', 'vintage': '2025_Oct->2026_Jul', 'parents': ['0072670000003'], 'children': ['1487810010007', '1487810010006', '1487810010001', '1487810010002', '1487810010005', '1487810010003', '1487810010004'], 'source': 'refresh/parcel_events.json'}",Common Driveway,1487810010005,49.9999
index,pmt_2311-roy-cir-77007,"2311 Roy Cir, Houston, TX 77007",Unknown,unknown,UNVERIFIED_PLAT,replat child; units=1 (one address); master_size=None (none); depth_ft=120.8933; geometry=HCAD unique exact-address polygon; parcel=0800710000011; parcel_history=none,Split Lot,0800710000011,120.8933
index,pmt_1019-e-7th-st-77009,"1019 E 7th St, Houston, TX 77009",Single Lot,high,V9_VERIFIED,one whole lot; units=1 (one address); master_size=None (none); depth_ft=133.2179; geometry=HCAD unique exact-address polygon; parcel=0620700000014; parcel_history=none,Single Lot,0620700000014,133.2179
index,pmt_4616-eli-st-a-77007,"4616 Eli St A, Houston, TX 77007",Common Driveway,high,V9_VERIFIED,"replat child; units=3 (distinct address unit letters); master_size=6 (26014116); depth_ft=50.0001; geometry=HCAD unique exact-address polygon; parcel=1487810010003; parcel_history={'event': 'SPLIT', 'vintage': '2025_Oct->2026_Jul', 'parents': ['0072670000003'], 'children': ['1487810010007', '1487810010006', '1487810010001', '1487810010002', '1487810010005', '1487810010003', '1487810010004'], 'source': 'refresh/parcel_events.json'}",Common Driveway,1487810010003,50.0001
index,2131085991,"1439 Laird St, Houston, Tx 77008",Unknown,unknown,ASSEMBLED_REVIEW,assembled 4 lots -> needs_review; units=1 (one address); master_size=None (none); depth_ft=100.001; geometry=HCAD unique exact-address polygon; parcel=0391180000610; parcel_history=none,Unknown,0391180000610,100.001
index,2131191490,"1133 Adele St, Houston, Tx 77009",Single Lot,high,V9_VERIFIED,one whole lot; units=1 (one address); master_size=None (none); depth_ft=100.4207; geometry=HCAD unique exact-address polygon; parcel=0350120050003; parcel_history=none,Single Lot,0350120050003,100.4207
index,2131043751,"1440 Arlington St, Houston, Tx 77008",Single Lot,high,V9_VERIFIED,one whole lot; units=1 (one address); master_size=None (none); depth_ft=131.9998; geometry=HCAD unique exact-address polygon; parcel=0201560000022; parcel_history=none,Single Lot,0201560000022,131.9998
index,2131283575,"1619 Cortlandt St, Houston, Tx 77008",Split Lot,high,V9_VERIFIED,lot + fragment; units=1 (one address); master_size=None (none); depth_ft=132.483; geometry=HCAD unique exact-address polygon; parcel=0201120000008; parcel_history=none,Split Lot,0201120000008,132.483
index,2131284732,"1424 Ashland St, Houston, Tx 77008",Split Lot,high,V9_VERIFIED,lot + fragment; units=1 (one address); master_size=None (none); depth_ft=132.0742; geometry=HCAD unique exact-address polygon; parcel=0201480000026; parcel_history=none,Split Lot,0201480000026,132.0742
index,2131249205,"813 Bayland Ave, Houston, Tx 77009",Common Driveway,high,V9_VERIFIED,fragment only; units=1 (one address); master_size=None (none); depth_ft=98.8082; geometry=HCAD unique exact-address polygon; parcel=0373060000011; parcel_history=none,Common Driveway,0373060000011,98.8082
index,2131475807,"1811 W 14th 1/2 St, Houston, Tx 77008",Unknown,unknown,UNVERIFIED_PLAT,replat child; units=1 (one address); master_size=None (none); depth_ft=107.2999; geometry=HCAD unique exact-address polygon; parcel=0720130080014; parcel_history=none,Split Lot,0720130080014,107.2999
index,2131374679,"1129 Highland St, Houston, Tx 77009",Single Lot,high,V9_VERIFIED,one whole lot; units=1 (one address); master_size=None (none); depth_ft=98.7818; geometry=HCAD unique exact-address polygon; parcel=0620600000011; parcel_history=none,Single Lot,0620600000011,98.7818
index,2131191859,"1014 Robbie St, Houston, Tx 77009",Single Lot,high,V9_VERIFIED,one whole lot; units=1 (one address); master_size=None (none); depth_ft=101.5787; geometry=HCAD unique exact-address polygon; parcel=0350120070014; parcel_history=none,Single Lot,0350120070014,101.5787
index,2131208519,"1005 E 27th St, Houston, Tx 77009",Unknown,unknown,ASSEMBLED_REVIEW,assembled 2 lots -> needs_review; units=1 (one address); master_size=None (none); depth_ft=121.3685; geometry=HCAD unique exact-address polygon; parcel=0350820240025; parcel_history=none,Unknown,0350820240025,121.3685
index,2131191265,"1031 Nadine St, Houston, Tx 77009",Single Lot,high,V9_VERIFIED,one whole lot; units=1 (one address); master_size=None (none); depth_ft=100.0002; geometry=HCAD unique exact-address polygon; parcel=0350110030003; parcel_history=none,Single Lot,0350110030003,100.0002
index,2131227325,"206 Tabor St, Houston, Tx 77009",Single Lot,high,V9_VERIFIED,one whole lot; units=1 (one address); master_size=None (none); depth_ft=100.0001; geometry=HCAD unique exact-address polygon; parcel=0330800000004; parcel_history=none,Single Lot,0330800000004,100.0001
index,2131271381,"1604 Spring St, Houston, Tx 77007",Unknown,unknown,UNVERIFIED_PLAT,replat child; units=1 (one address); master_size=None (none); depth_ft=149.9988; geometry=HCAD unique exact-address polygon; parcel=0142570000007; parcel_history=none,Split Lot,0142570000007,149.9988
index,2131285466,"1017 Rutland St, Houston, Tx 77008",Unknown,unknown,ASSEMBLED_REVIEW,assembled 2 lots -> needs_review; units=1 (one address); master_size=None (none); depth_ft=132.0533; geometry=HCAD unique exact-address polygon; parcel=0202090000013; parcel_history=none,Unknown,0202090000013,132.0533
index,2131312302,"617 Peddie St, Houston, Tx 77008",Single Lot,high,V9_VERIFIED,one whole lot; units=1 (one address); master_size=None (none); depth_ft=147.4272; geometry=HCAD unique exact-address polygon; parcel=0520370000001; parcel_history=none,Single Lot,0520370000001,147.4272
index,2131360419,"1144 Dorothy St, Houston, Tx 77008",Single Lot,high,V9_VERIFIED,one whole lot; units=1 (one address); master_size=None (none); depth_ft=120.0586; geometry=HCAD unique exact-address polygon; parcel=0600830020027; parcel_history=none,Single Lot,0600830020027,120.0586
index,2131370516,"912 Robbie St, Houston, Tx 77009",Unknown,unknown,UNVERIFIED_PLAT,replat child; units=1 (one address); master_size=None (none); depth_ft=100.0009; geometry=HCAD unique exact-address polygon; parcel=0513500000012; parcel_history=none,Split Lot,0513500000012,100.0009
index,2131374781,"1126 Bayland Ave, Houston, Tx 77009",Single Lot,high,V9_VERIFIED,one whole lot; units=1 (one address); master_size=None (none); depth_ft=101.9019; geometry=HCAD unique exact-address polygon; parcel=0620640000006; parcel_history=none,Single Lot,0620640000006,101.9019
index,2131377369,"1214 Farwood St, Houston, Tx 77009",Unknown,unknown,UNVERIFIED_PLAT,replat child; units=1 (one address); master_size=None (none); depth_ft=102.2823; geometry=HCAD unique exact-address polygon; parcel=0571440000007; parcel_history=none,Split Lot,0571440000007,102.2823
index,2131377371,"1317 Oleander St, Houston, Tx 77009",Unknown,unknown,UNVERIFIED_PLAT,replat child; units=1 (one address); master_size=None (none); depth_ft=101.4819; geometry=HCAD unique exact-address polygon; parcel=0571440000011; parcel_history=none,Split Lot,0571440000011,101.4819
index,2131377372,"1315 Oleander St, Houston, Tx 77009",Unknown,unknown,UNVERIFIED_PLAT,replat child; units=1 (one address); master_size=None (none); depth_ft=99.3605; geometry=HCAD unique exact-address polygon; parcel=0571440000012; parcel_history=none,Common Driveway,0571440000012,99.3605
index,pmt_4327-center-st-77007,"4327 Center St, Houston, TX 77007",Common Driveway,high,V9_VERIFIED,replat child; units=1 (one address); master_size=4 (24053698); depth_ft=59.4492; geometry=HCAD unique exact-address polygon; parcel=1440920010004; parcel_history=none,Common Driveway,1440920010004,59.4492
index,pmt_4325-center-st-77007,"4325 Center St, Houston, TX 77007",Common Driveway,high,V9_VERIFIED,replat child; units=1 (one address); master_size=4 (24053698); depth_ft=59.4491; geometry=HCAD unique exact-address polygon; parcel=1440920010003; parcel_history=none,Common Driveway,1440920010003,59.4491
index,pmt_4323-center-st-77007,"4323 Center St, Houston, TX 77007",Common Driveway,high,V9_VERIFIED,replat child; units=1 (one address); master_size=4 (24053698); depth_ft=59.4493; geometry=HCAD unique exact-address polygon; parcel=1440920010002; parcel_history=none,Common Driveway,1440920010002,59.4493
index,pmt_4105-allen-st-77007,"4105 Allen St, Houston, TX 77007",Common Driveway,high,V9_VERIFIED,replat child; units=1 (one address); master_size=3 (24047986); depth_ft=69.7364; geometry=HCAD unique exact-address polygon; parcel=1343540010007; parcel_history=none,Common Driveway,1343540010007,69.7364
index,pmt_4107-allen-st-77007,"4107 Allen St, Houston, TX 77007",Common Driveway,high,V9_VERIFIED,replat child; units=1 (one address); master_size=3 (24047986); depth_ft=69.674; geometry=HCAD unique exact-address polygon; parcel=1343540010008; parcel_history=none,Common Driveway,1343540010008,69.674
index,pmt_4103-allen-st-77007,"4103 Allen St, Houston, TX 77007",Common Driveway,high,V9_VERIFIED,replat child; units=1 (one address); master_size=3 (24047986); depth_ft=69.5128; geometry=HCAD unique exact-address polygon; parcel=1343540010006; parcel_history=none,Common Driveway,1343540010006,69.5128
index,pmt_1918-johnson-st-77007,"1918 Johnson St, Houston, TX 77007",Unknown,unknown,UNVERIFIED_PLAT,replat child; units=1 (one address); master_size=None (none); depth_ft=88.1904; geometry=HCAD unique exact-address polygon; parcel=1478670010002; parcel_history=none,Common Driveway,1478670010002,88.1904
index,pmt_1520-winter-st-77007,"1520 Winter St, Houston, TX 77007",Unknown,unknown,UNVERIFIED_PLAT,replat child; units=1 (one address); master_size=None (none); depth_ft=65.7691; geometry=HCAD unique exact-address polygon; parcel=1477970010006; parcel_history=none,Common Driveway,1477970010006,65.7691
index,pmt_706-e-7th-st-77007,"706 E 7th St, Houston, TX 77007",Unknown,unknown,ASSEMBLED_REVIEW,assembled 3 lots -> needs_review; units=1 (one address); master_size=None (none); depth_ft=124.9997; geometry=HCAD unique exact-address polygon; parcel=0350290550001; parcel_history=none,Unknown,0350290550001,124.9997
index,pmt_818-lawrence-st-77007,"818 Lawrence St, Houston, TX 77007",Unknown,unknown,ASSEMBLED_REVIEW,assembled 2 lots -> needs_review; units=1 (one address); master_size=None (none); depth_ft=100.0041; geometry=HCAD unique exact-address polygon; parcel=0621980010011; parcel_history=none,Unknown,0621980010011,100.0041
index,pmt_406-columbia-st-77007,"406 Columbia St, Houston, TX 77007",Split Lot,high,V9_VERIFIED,"replat child; units=1 (one address); master_size=None (none); depth_ft=132.0; geometry=HCAD unique exact-address polygon; parcel=1482440010001; parcel_history={'event': 'SPLIT', 'vintage': '2024_Oct->2025_Oct', 'parents': ['1414060010001'], 'children': ['1480720010001', '1480720010002', '1482440010001', '1482430010001', '1482430010002'], 'source': 'refresh/parcel_events.json'}",Split Lot,1482440010001,132.0
index,pmt_5111-allen-st-77007,"5111 Allen St, Houston, TX 77007",Common Driveway,high,V9_VERIFIED,"replat child; units=1 (one address); master_size=2 (24124941); depth_ft=53.311; geometry=HCAD unique exact-address polygon; parcel=1476850010002; parcel_history={'event': 'SPLIT', 'vintage': '2024_Oct->2025_Oct', 'parents': ['0072610000007'], 'children': ['1476850010003', '1476850010002', '1476850010001'], 'source': 'refresh/parcel_events.json'}",Common Driveway,1476850010002,53.311
index,pmt_5113-allen-st-77007,"5113 Allen St, Houston, TX 77007",Common Driveway,high,V9_VERIFIED,"replat child; units=1 (one address); master_size=2 (24124941); depth_ft=54.45; geometry=HCAD unique exact-address polygon; parcel=1476850010001; parcel_history={'event': 'SPLIT', 'vintage': '2024_Oct->2025_Oct', 'parents': ['0072610000007'], 'children': ['1476850010003', '1476850010002', '1476850010001'], 'source': 'refresh/parcel_events.json'}",Common Driveway,1476850010001,54.45
index,pmt_717-e-5th-1-2-st-77007,"717 E 5th 1/2 St, Houston, TX 77007",Unknown,unknown,UNVERIFIED_PLAT,replat child; units=1 (one address); master_size=None (none); depth_ft=125.056; geometry=HCAD unique exact-address polygon; parcel=1464340010002; parcel_history=none,Split Lot,1464340010002,125.056
index,pmt_702-e-8th-st-77007,"702 E 8th St, Houston, TX 77007",Single Lot,high,V9_VERIFIED,one whole lot; units=1 (one address); master_size=None (none); depth_ft=124.9462; geometry=HCAD unique exact-address polygon; parcel=0350270520001; parcel_history=none,Single Lot,0350270520001,124.9462
index,pmt_1521-ovid-st-77007,"1521 Ovid St, Houston, TX 77007",Common Driveway,high,V9_VERIFIED,"replat child; units=1 (one address); master_size=None (none); depth_ft=99.2001; geometry=HCAD unique exact-address polygon; parcel=0142580000024; parcel_history={'event': 'SPLIT', 'vintage': '2024_Oct->2025_Oct', 'parents': ['0142580000003'], 'children': ['0142580000003', '0142580000024'], 'source': 'refresh/parcel_events.json'}",Common Driveway,0142580000024,99.2001
index,pmt_5109-allen-st-77007,"5109 Allen St, Houston, TX 77007",Common Driveway,high,V9_VERIFIED,"replat child; units=1 (one address); master_size=None (none); depth_ft=53.3111; geometry=HCAD unique exact-address polygon; parcel=1476850010003; parcel_history={'event': 'SPLIT', 'vintage': '2024_Oct->2025_Oct', 'parents': ['0072610000007'], 'children': ['1476850010003', '1476850010002', '1476850010001'], 'source': 'refresh/parcel_events.json'}",Common Driveway,1476850010003,53.3111
index,pmt_513-w-8th-st-77007,"513 W 8th St, Houston, TX 77007",Split Lot,high,V9_VERIFIED,fragment only; units=1 (one address); master_size=None (none); depth_ft=100.0002; geometry=HCAD unique exact-address polygon; parcel=0202380000038; parcel_history=none,Split Lot,0202380000038,100.0002
index,pmt_1522-winter-st-77007,"1522 Winter St, Houston, TX 77007",Unknown,unknown,UNVERIFIED_PLAT,replat child; units=1 (one address); master_size=None (none); depth_ft=69.14; geometry=HCAD unique exact-address polygon; parcel=1477970010007; parcel_history=none,Common Driveway,1477970010007,69.14
index,pmt_1610-johnson-st-77007,"1610 Johnson St, Houston, TX 77007",Common Driveway,high,V9_VERIFIED,replat child; units=1 (one address); master_size=2 (24115206); depth_ft=47.0001; geometry=HCAD unique exact-address polygon; parcel=1477970010002; parcel_history=none,Common Driveway,1477970010002,47.0001
index,pmt_404-columbia-st-77007,"404 Columbia St, Houston, TX 77007",Split Lot,high,V9_VERIFIED,"replat child; units=1 (one address); master_size=None (none); depth_ft=132.0001; geometry=HCAD unique exact-address polygon; parcel=1480720010002; parcel_history={'event': 'SPLIT', 'vintage': '2024_Oct->2025_Oct', 'parents': ['1414060010001'], 'children': ['1480720010001', '1480720010002', '1482440010001', '1482430010001', '1482430010002'], 'source': 'refresh/parcel_events.json'}",Split Lot,1480720010002,132.0001
index,pmt_4605-nolda-st-77007,"4605 Nolda St, Houston, TX 77007",Common Driveway,high,V9_VERIFIED,"replat child; units=1 (one address); master_size=None (none); depth_ft=99.9998; geometry=HCAD unique exact-address polygon; parcel=1478650010001; parcel_history={'event': 'SPLIT', 'vintage': '2024_Oct->2025_Oct', 'parents': ['0072840000010'], 'children': ['1478650010001', '1478650010002'], 'source': 'refresh/parcel_events.json'}",Common Driveway,1478650010001,99.9998
index,pmt_4133-kolb-st-a-77007,"4133 Kolb St A, Houston, TX 77007",Common Driveway,high,V9_VERIFIED,replat child; units=2 (distinct address unit letters); master_size=2 (25003422); depth_ft=94.9999; geometry=HCAD unique exact-address polygon; parcel=1467550010001; parcel_history=none,Common Driveway,1467550010001,94.9999
index,pmt_4133-kolb-st-b-77007,"4133 Kolb St B, Houston, TX 77007",Common Driveway,high,V9_VERIFIED,replat child; units=2 (distinct address unit letters); master_size=2 (25003422); depth_ft=94.9999; geometry=HCAD unique exact-address polygon; parcel=1467550010002; parcel_history=none,Common Driveway,1467550010002,94.9999
index,pmt_5114-eigel-st-77007,"5114 Eigel St, Houston, TX 77007",Unknown,unknown,UNVERIFIED_PLAT,replat child; units=1 (one address); master_size=None (none); depth_ft=100.0001; geometry=HCAD unique exact-address polygon; parcel=0072760000004; parcel_history=none,Split Lot,0072760000004,100.0001
index,pmt_1308-edwards-st-b-77007,"1308 Edwards St B, Houston, TX 77007",Split Lot,high,V9_VERIFIED,"replat child; units=2 (distinct address unit letters); master_size=2 (25048881); depth_ft=100.0001; geometry=HCAD unique exact-address polygon; parcel=1490260010001; parcel_history={'event': 'SPLIT', 'vintage': '2025_Oct->2026_Jul', 'parents': ['0050880000002'], 'children': ['1490260010001', '1490260010002'], 'source': 'refresh/parcel_events.json'}",Split Lot,1490260010001,100.0001
index,pmt_1308-edwards-st-a-77007,"1308 Edwards St A, Houston, TX 77007",Split Lot,high,V9_VERIFIED,"replat child; units=2 (distinct address unit letters); master_size=None (none); depth_ft=100.0002; geometry=HCAD unique exact-address polygon; parcel=1490260010002; parcel_history={'event': 'SPLIT', 'vintage': '2025_Oct->2026_Jul', 'parents': ['0050880000002'], 'children': ['1490260010001', '1490260010002'], 'source': 'refresh/parcel_events.json'}",Split Lot,1490260010002,100.0002
index,pmt_4612-eli-st-c-77007,"4612 Eli St C, Houston, TX 77007",Common Driveway,high,V9_VERIFIED,"replat child; units=3 (distinct address unit letters); master_size=6 (26014116); depth_ft=49.9997; geometry=HCAD unique exact-address polygon; parcel=1487810010004; parcel_history={'event': 'SPLIT', 'vintage': '2025_Oct->2026_Jul', 'parents': ['0072670000003'], 'children': ['1487810010007', '1487810010006', '1487810010001', '1487810010002', '1487810010005', '1487810010003', '1487810010004'], 'source': 'refresh/parcel_events.json'}",Common Driveway,1487810010004,49.9997
index,pmt_4616-eli-st-b-77007,"4616 Eli St B, Houston, TX 77007",Common Driveway,high,V9_VERIFIED,"replat child; units=3 (distinct address unit letters); master_size=6 (26014116); depth_ft=50.0002; geometry=HCAD unique exact-address polygon; parcel=1487810010002; parcel_history={'event': 'SPLIT', 'vintage': '2025_Oct->2026_Jul', 'parents': ['0072670000003'], 'children': ['1487810010007', '1487810010006', '1487810010001', '1487810010002', '1487810010005', '1487810010003', '1487810010004'], 'source': 'refresh/parcel_events.json'}",Common Driveway,1487810010002,50.0002
index,pmt_4612-eli-st-a-77007,"4612 Eli St A, Houston, TX 77007",Common Driveway,high,V9_VERIFIED,"replat child; units=3 (distinct address unit letters); master_size=6 (26014116); depth_ft=49.9999; geometry=HCAD unique exact-address polygon; parcel=1487810010006; parcel_history={'event': 'SPLIT', 'vintage': '2025_Oct->2026_Jul', 'parents': ['0072670000003'], 'children': ['1487810010007', '1487810010006', '1487810010001', '1487810010002', '1487810010005', '1487810010003', '1487810010004'], 'source': 'refresh/parcel_events.json'}",Common Driveway,1487810010006,49.9999
index,pmt_5016-schuler-st-77007,"5016 Schuler St, Houston, TX 77007",Split Lot,high,V9_VERIFIED,"replat child; units=1 (one address); master_size=None (none); depth_ft=100.0007; geometry=HCAD unique exact-address polygon; parcel=1495650010002; parcel_history={'event': 'SPLIT', 'vintage': '2025_Oct->2026_Jul', 'parents': ['0072600000007'], 'children': ['1495650010001', '1495650010002'], 'source': 'refresh/parcel_events.json'}",Split Lot,1495650010002,100.0007
index,pmt_5018-schuler-st-77007,"5018 Schuler St, Houston, TX 77007",Split Lot,high,V9_VERIFIED,"replat child; units=1 (one address); master_size=None (none); depth_ft=100.0008; geometry=HCAD unique exact-address polygon; parcel=1495650010001; parcel_history={'event': 'SPLIT', 'vintage': '2025_Oct->2026_Jul', 'parents': ['0072600000007'], 'children': ['1495650010001', '1495650010002'], 'source': 'refresh/parcel_events.json'}",Split Lot,1495650010001,100.0008
index,pmt_5212-kansas-st-77007,"5212 Kansas St, Houston, TX 77007",Unknown,unknown,UNVERIFIED_PLAT,replat child; units=1 (one address); master_size=None (none); depth_ft=107.6593; geometry=HCAD unique exact-address polygon; parcel=0102020000087; parcel_history=none,Split Lot,0102020000087,107.6593
index,pmt_742-allston-st-77007,"742 Allston St, Houston, TX 77007",Unknown,unknown,LEGAL_UNAVAILABLE,no legal; units=1 (one address); master_size=None (none); depth_ft=None; geometry=unavailable; parcel=unavailable; parcel_history=none,Unknown,,
index,pmt_2008-w-14th-1-2-st-77008,"2008 W 14th 1/2 St, Houston, TX 77008",Unknown,unknown,UNVERIFIED_PLAT,replat child; units=1 (one address); master_size=None (none); depth_ft=111.5717; geometry=HCAD unique exact-address polygon; parcel=0720130110005; parcel_history=none,Split Lot,0720130110005,111.5717
index,pmt_1023-grovewood-ln-77008,"1023 Grovewood Ln, Houston, TX 77008",Unknown,unknown,UNVERIFIED_PLAT,replat child; units=1 (one address); master_size=None (none); depth_ft=117.6722; geometry=HCAD unique exact-address polygon; parcel=0771810030023; parcel_history=none,Split Lot,0771810030023,117.6722
index,pmt_1030-w-24th-st-b-77008,"1030 W 24th St B, Houston, TX 77008",Common Driveway,high,V9_VERIFIED,replat child; units=3 (distinct address unit letters); master_size=3 (24015638); depth_ft=58.057; geometry=HCAD unique exact-address polygon; parcel=1425110010002; parcel_history=none,Common Driveway,1425110010002,58.057
index,pmt_1030-w-24th-st-c-77008,"1030 W 24th St C, Houston, TX 77008",Common Driveway,high,V9_VERIFIED,replat child; units=3 (distinct address unit letters); master_size=3 (24015638); depth_ft=58.1025; geometry=HCAD unique exact-address polygon; parcel=1425110010001; parcel_history=none,Common Driveway,1425110010001,58.1025
index,pmt_1030-w-24th-st-a-77008,"1030 W 24th St A, Houston, TX 77008",Common Driveway,high,V9_VERIFIED,replat child; units=3 (distinct address unit letters); master_size=3 (24015638); depth_ft=48.4734; geometry=HCAD unique exact-address polygon; parcel=1425110010003; parcel_history=none,Common Driveway,1425110010003,48.4734
index,pmt_1443-w-25th-st-e-77008,"1443 W 25th St E, Houston, TX 77008",Common Driveway,high,V9_VERIFIED,replat child; units=8 (distinct address unit letters); master_size=8 (24068783); depth_ft=50.5802; geometry=HCAD unique exact-address polygon; parcel=1425360010005; parcel_history=none,Common Driveway,1425360010005,50.5802
index,pmt_1443-w-25th-st-f-77008,"1443 W 25th St F, Houston, TX 77008",Common Driveway,high,V9_VERIFIED,replat child; units=8 (distinct address unit letters); master_size=8 (24068783); depth_ft=43.5018; geometry=HCAD unique exact-address polygon; parcel=1425360010006; parcel_history=none,Common Driveway,1425360010006,43.5018
index,pmt_1443-w-25th-st-g-77008,"1443 W 25th St G, Houston, TX 77008",Common Driveway,high,V9_VERIFIED,replat child; units=8 (distinct address unit letters); master_size=8 (24068783); depth_ft=43.5018; geometry=HCAD unique exact-address polygon; parcel=1425360010007; parcel_history=none,Common Driveway,1425360010007,43.5018
index,pmt_1443-w-25th-st-h-77008,"1443 W 25th St H, Houston, TX 77008",Common Driveway,high,V9_VERIFIED,replat child; units=8 (distinct address unit letters); master_size=8 (24068783); depth_ft=52.9601; geometry=HCAD unique exact-address polygon; parcel=1425360010008; parcel_history=none,Common Driveway,1425360010008,52.9601
index,pmt_1443-w-25th-st-a-77008,"1443 W 25th St A, Houston, TX 77008",Common Driveway,high,V9_VERIFIED,replat child; units=8 (distinct address unit letters); master_size=8 (24068783); depth_ft=53.5001; geometry=HCAD unique exact-address polygon; parcel=1425360010001; parcel_history=none,Common Driveway,1425360010001,53.5001
index,pmt_1443-w-25th-st-b-77008,"1443 W 25th St B, Houston, TX 77008",Common Driveway,high,V9_VERIFIED,replat child; units=8 (distinct address unit letters); master_size=8 (24068783); depth_ft=43.5014; geometry=HCAD unique exact-address polygon; parcel=1425360010002; parcel_history=none,Common Driveway,1425360010002,43.5014
index,pmt_1443-w-25th-st-c-77008,"1443 W 25th St C, Houston, TX 77008",Common Driveway,high,V9_VERIFIED,replat child; units=8 (distinct address unit letters); master_size=8 (24068783); depth_ft=43.5014; geometry=HCAD unique exact-address polygon; parcel=1425360010003; parcel_history=none,Common Driveway,1425360010003,43.5014
index,pmt_1443-w-25th-st-d-77008,"1443 W 25th St D, Houston, TX 77008",Common Driveway,high,V9_VERIFIED,replat child; units=8 (distinct address unit letters); master_size=8 (24068783); depth_ft=50.0399; geometry=HCAD unique exact-address polygon; parcel=1425360010004; parcel_history=none,Common Driveway,1425360010004,50.0399
index,pmt_1122-w-17th-st-d-77008,"1122 W 17th St D, Houston, TX 77008",Common Driveway,high,V9_VERIFIED,"replat child; units=6 (distinct address unit letters); master_size=6 (24047449); depth_ft=72.6635; geometry=HCAD unique exact-address polygon; parcel=1477820010003; parcel_history={'event': 'SPLIT', 'vintage': '2024_Oct->2025_Oct', 'parents': ['0561670000373'], 'children': ['1477820010006', '1477820010005', '1477820010004', '1477820010003', '1477820010002', '1477820010001', '1477820010007'], 'source': 'refresh/parcel_events.json'}",Common Driveway,1477820010003,72.6635
index,pmt_1122-w-17th-st-c-77008,"1122 W 17th St C, Houston, TX 77008",Common Driveway,high,V9_VERIFIED,"replat child; units=6 (distinct address unit letters); master_size=6 (24047449); depth_ft=72.6643; geometry=HCAD unique exact-address polygon; parcel=1477820010004; parcel_history={'event': 'SPLIT', 'vintage': '2024_Oct->2025_Oct', 'parents': ['0561670000373'], 'children': ['1477820010006', '1477820010005', '1477820010004', '1477820010003', '1477820010002', '1477820010001', '1477820010007'], 'source': 'refresh/parcel_events.json'}",Common Driveway,1477820010004,72.6643
index,pmt_1122-w-17th-st-b-77008,"1122 W 17th St B, Houston, TX 77008",Common Driveway,high,V9_VERIFIED,"replat child; units=6 (distinct address unit letters); master_size=6 (24047449); depth_ft=72.665; geometry=HCAD unique exact-address polygon; parcel=1477820010005; parcel_history={'event': 'SPLIT', 'vintage': '2024_Oct->2025_Oct', 'parents': ['0561670000373'], 'children': ['1477820010006', '1477820010005', '1477820010004', '1477820010003', '1477820010002', '1477820010001', '1477820010007'], 'source': 'refresh/parcel_events.json'}",Common Driveway,1477820010005,72.665
index,pmt_1122-w-17th-st-a-77008,"1122 W 17th St A, Houston, TX 77008",Common Driveway,high,V9_VERIFIED,"replat child; units=6 (distinct address unit letters); master_size=6 (24047449); depth_ft=72.6683; geometry=HCAD unique exact-address polygon; parcel=1477820010006; parcel_history={'event': 'SPLIT', 'vintage': '2024_Oct->2025_Oct', 'parents': ['0561670000373'], 'children': ['1477820010006', '1477820010005', '1477820010004', '1477820010003', '1477820010002', '1477820010001', '1477820010007'], 'source': 'refresh/parcel_events.json'}",Common Driveway,1477820010006,72.6683
index,pmt_1122-w-17th-st-f-77008,"1122 W 17th St F, Houston, TX 77008",Common Driveway,high,V9_VERIFIED,"replat child; units=6 (distinct address unit letters); master_size=6 (24047449); depth_ft=72.6878; geometry=HCAD unique exact-address polygon; parcel=1477820010001; parcel_history={'event': 'SPLIT', 'vintage': '2024_Oct->2025_Oct', 'parents': ['0561670000373'], 'children': ['1477820010006', '1477820010005', '1477820010004', '1477820010003', '1477820010002', '1477820010001', '1477820010007'], 'source': 'refresh/parcel_events.json'}",Common Driveway,1477820010001,72.6878
index,pmt_1122-w-17th-st-e-77008,"1122 W 17th St E, Houston, TX 77008",Common Driveway,high,V9_VERIFIED,"replat child; units=6 (distinct address unit letters); master_size=6 (24047449); depth_ft=72.6654; geometry=HCAD unique exact-address polygon; parcel=1477820010002; parcel_history={'event': 'SPLIT', 'vintage': '2024_Oct->2025_Oct', 'parents': ['0561670000373'], 'children': ['1477820010006', '1477820010005', '1477820010004', '1477820010003', '1477820010002', '1477820010001', '1477820010007'], 'source': 'refresh/parcel_events.json'}",Common Driveway,1477820010002,72.6654
index,pmt_916-w-24th-st-77008,"916 W 24th St, Houston, TX 77008",Common Driveway,high,V9_VERIFIED,"replat child; units=1 (one address); master_size=None (none); depth_ft=75.5866; geometry=HCAD unique exact-address polygon; parcel=1479380010001; parcel_history={'event': 'SPLIT', 'vintage': '2024_Oct->2025_Oct', 'parents': ['0561630000317'], 'children': ['1479380010002', '1479380010003', '1479380010001', '1479380010004'], 'source': 'refresh/parcel_events.json'}",Common Driveway,1479380010001,75.5866
index,pmt_1910-w-14th-1-2-st-77008,"1910 W 14th 1/2 St, Houston, TX 77008",Unknown,unknown,UNVERIFIED_PLAT,replat child; units=1 (one address); master_size=None (none); depth_ft=110.0003; geometry=HCAD unique exact-address polygon; parcel=0720130090001; parcel_history=none,Split Lot,0720130090001,110.0003
index,pmt_910-w-24th-st-77008,"910 W 24th St, Houston, TX 77008",Common Driveway,high,V9_VERIFIED,"replat child; units=1 (one address); master_size=None (none); depth_ft=75.5905; geometry=HCAD unique exact-address polygon; parcel=1479380010004; parcel_history={'event': 'SPLIT', 'vintage': '2024_Oct->2025_Oct', 'parents': ['0561630000317'], 'children': ['1479380010002', '1479380010003', '1479380010001', '1479380010004'], 'source': 'refresh/parcel_events.json'}",Common Driveway,1479380010004,75.5905
index,pmt_1522-w-21st-st-77008,"1522 W 21st St, Houston, TX 77008",Split Lot,high,V9_VERIFIED,"replat child; units=1 (one address); master_size=None (none); depth_ft=126.3749; geometry=HCAD unique exact-address polygon; parcel=1487050010002; parcel_history={'event': 'SPLIT', 'vintage': '2025_Oct->2026_Jul', 'parents': ['0561660000245'], 'children': ['1487050010001', '1487050010002', '1487050010003', '1487050010004'], 'source': 'refresh/parcel_events.json'}",Split Lot,1487050010002,126.3749
index,pmt_1034-w-17th-st-d-77008,"1034 W 17th St D, Houston, TX 77008",Common Driveway,high,V9_VERIFIED,replat child; units=5 (distinct address unit letters); master_size=13 (24081990); depth_ft=53.2404; geometry=HCAD unique exact-address polygon; parcel=1475190010002; parcel_history=none,Common Driveway,1475190010002,53.2404
index,pmt_1034-w-17th-st-c-77008,"1034 W 17th St C, Houston, TX 77008",Common Driveway,high,V9_VERIFIED,replat child; units=5 (distinct address unit letters); master_size=13 (24081990); depth_ft=52.9909; geometry=HCAD unique exact-address polygon; parcel=1475190010003; parcel_history=none,Common Driveway,1475190010003,52.9909
index,pmt_1034-w-17th-st-e-77008,"1034 W 17th St E, Houston, TX 77008",Common Driveway,high,V9_VERIFIED,replat child; units=5 (distinct address unit letters); master_size=13 (24081990); depth_ft=53.4987; geometry=HCAD unique exact-address polygon; parcel=1475190010001; parcel_history=none,Common Driveway,1475190010001,53.4987
index,pmt_1034-w-17th-st-b-77008,"1034 W 17th St B, Houston, TX 77008",Common Driveway,high,V9_VERIFIED,replat child; units=5 (distinct address unit letters); master_size=13 (24081990); depth_ft=52.7412; geometry=HCAD unique exact-address polygon; parcel=1475190010004; parcel_history=none,Common Driveway,1475190010004,52.7412
index,pmt_1034-w-17th-st-a-77008,"1034 W 17th St A, Houston, TX 77008",Common Driveway,high,V9_VERIFIED,replat child; units=5 (distinct address unit letters); master_size=13 (24081990); depth_ft=52.4677; geometry=HCAD unique exact-address polygon; parcel=1475190010005; parcel_history=none,Common Driveway,1475190010005,52.4677
index,pmt_1032-w-17th-st-c-77008,"1032 W 17th St C, Houston, TX 77008",Common Driveway,high,V9_VERIFIED,replat child; units=3 (distinct address unit letters); master_size=13 (24081990); depth_ft=49.5001; geometry=HCAD unique exact-address polygon; parcel=1475190010006; parcel_history=none,Common Driveway,1475190010006,49.5001
index,pmt_1032-w-17th-st-b-77008,"1032 W 17th St B, Houston, TX 77008",Common Driveway,high,V9_VERIFIED,replat child; units=3 (distinct address unit letters); master_size=13 (24081990); depth_ft=49.5005; geometry=HCAD unique exact-address polygon; parcel=1475190010007; parcel_history=none,Common Driveway,1475190010007,49.5005
index,pmt_1438-dian-st-a-77008,"1438 Dian St A, Houston, TX 77008",Split Lot,high,V9_VERIFIED,"one whole lot; units=2 (distinct address unit letters); master_size=None (none); depth_ft=100.0001; geometry=HCAD unique exact-address polygon; parcel=0391150000436; parcel_history={'event': 'SPLIT', 'vintage': '2025_Oct->2026_Jul', 'parents': ['0391150000436'], 'children': ['0391150000436', '0391150000502'], 'source': 'refresh/parcel_events.json'}",Split Lot,0391150000436,100.0001
index,pmt_1115-nashua-st-77008,"1115 Nashua St, Houston, TX 77008",Unknown,unknown,UNVERIFIED_PLAT,"replat child; units=1 (one address); master_size=None (none); depth_ft=124.0003; geometry=HCAD unique exact-address polygon; parcel=0771820110017; parcel_history={'event': 'ASSEMBLY', 'vintage': '2025_Oct->2026_Jul', 'parents': ['0771820110018', '0771820110017'], 'children': ['0771820110017'], 'source': 'refresh/parcel_events.json'}",Split Lot,0771820110017,124.0003
index,pmt_1239-waverly-st-77008,"1239 Waverly St, Houston, TX 77008",Unknown,unknown,PARCEL_HISTORY_CONFLICT,"one whole lot; units=1 (one address); master_size=None (none); depth_ft=132.054; geometry=HCAD unique exact-address polygon; parcel=0201760000046; parcel_history={'event': 'SPLIT', 'vintage': '2025_Oct->2026_Jul', 'parents': ['0201760000004'], 'children': ['0201760000004', '0201760000046'], 'source': 'refresh/parcel_events.json'}",Single Lot,0201760000046,132.054
index,pmt_310-e-28th-st-77008,"310 E 28th St, Houston, TX 77008",Unknown,unknown,PARCEL_HISTORY_CONFLICT,"one whole lot; units=1 (one address); master_size=None (none); depth_ft=119.9756; geometry=HCAD unique exact-address polygon; parcel=0350790000043; parcel_history={'event': 'SPLIT', 'vintage': '2025_Oct->2026_Jul', 'parents': ['0350790000007'], 'children': ['0350790000007', '0350790000043'], 'source': 'refresh/parcel_events.json'}",Single Lot,0350790000043,119.9756
index,pmt_614-algregg-st-77008,"614 Algregg St, Houston, TX 77008",Single Lot,high,V9_VERIFIED,one whole lot; units=1 (one address); master_size=None (none); depth_ft=125.0011; geometry=HCAD unique exact-address polygon; parcel=0201590000001; parcel_history=none,Single Lot,0201590000001,125.0011
index,pmt_1039-alexander-st-77008,"1039 Alexander St, Houston, TX 77008",Single Lot,high,V9_VERIFIED,one whole lot; units=1 (one address); master_size=None (none); depth_ft=120.0004; geometry=HCAD unique exact-address polygon; parcel=0600840060021; parcel_history=none,Single Lot,0600840060021,120.0004
index,pmt_323-w-23rd-st-77008,"323 W 23rd St, Houston, TX 77008",Unknown,unknown,PARCEL_HISTORY_CONFLICT,"one whole lot; units=1 (one address); master_size=None (none); depth_ft=131.1374; geometry=HCAD unique exact-address polygon; parcel=0200410000068; parcel_history={'event': 'SPLIT', 'vintage': '2025_Oct->2026_Jul', 'parents': ['0200410000039'], 'children': ['0200410000068', '0200410000067'], 'source': 'refresh/parcel_events.json'}",Single Lot,0200410000068,131.1374
index,pmt_243-w-26th-st-77008,"243 W 26th St, Houston, TX 77008",Unknown,unknown,PARCEL_HISTORY_CONFLICT,"one whole lot; units=1 (one address); master_size=None (none); depth_ft=131.0001; geometry=HCAD unique exact-address polygon; parcel=0200240000073; parcel_history={'event': 'SPLIT', 'vintage': '2025_Oct->2026_Jul', 'parents': ['0200240000028'], 'children': ['0200240000073', '0200240000072'], 'source': 'refresh/parcel_events.json'}",Single Lot,0200240000073,131.0001
index,pmt_302-w-23rd-st-77008,"302 W 23rd St, Houston, TX 77008",Unknown,unknown,ASSEMBLED_REVIEW,assembled 2 lots -> needs_review; units=1 (one address); master_size=None (none); depth_ft=131.0; geometry=HCAD unique exact-address polygon; parcel=0200520000001; parcel_history=none,Unknown,0200520000001,131.0
index,pmt_501-e-26th-st-77008,"501 E 26th St, Houston, TX 77008",Unknown,unknown,ASSEMBLED_REVIEW,assembled 2 lots -> needs_review; units=1 (one address); master_size=None (none); depth_ft=120.3136; geometry=HCAD unique exact-address polygon; parcel=0350850300023; parcel_history=none,Unknown,0350850300023,120.3136
index,pmt_213-e-23rd-st-77008,"213 E 23rd St, Houston, TX 77008",Single Lot,high,V9_VERIFIED,one whole lot; units=1 (one address); master_size=None (none); depth_ft=99.0591; geometry=HCAD unique exact-address polygon; parcel=0562760000007; parcel_history=none,Single Lot,0562760000007,99.0591
index,pmt_608-e-26th-st-77008,"608 E 26th St, Houston, TX 77008",Unknown,unknown,ASSEMBLED_REVIEW,assembled 2 lots -> needs_review; units=1 (one address); master_size=None (none); depth_ft=120.2149; geometry=HCAD unique exact-address polygon; parcel=0350900400004; parcel_history=none,Unknown,0350900400004,120.2149
index,pmt_1011-worthshire-st-77008,"1011 Worthshire St, Houston, TX 77008",Unknown,unknown,UNVERIFIED_PLAT,replat child; units=1 (one address); master_size=None (none); depth_ft=120.0635; geometry=HCAD unique exact-address polygon; parcel=0771820200019; parcel_history=none,Split Lot,0771820200019,120.0635
index,pmt_1507-w-23rd-st-e-77008,"1507 W 23rd St E, Houston, TX 77008",Common Driveway,high,V9_VERIFIED,"replat child; units=5 (distinct address unit letters); master_size=5 (24094765); depth_ft=60.4745; geometry=HCAD unique exact-address polygon; parcel=1481530010001; parcel_history={'event': 'SPLIT', 'vintage': '2024_Oct->2025_Oct', 'parents': ['0561650000621'], 'children': ['1481530010001', '1481530010002', '1481530010003', '1481530010004', '1481530010005'], 'source': 'refresh/parcel_events.json'}",Common Driveway,1481530010001,60.4745
index,pmt_1516-dorothy-st-a-77008,"1516 Dorothy St A, Houston, TX 77008",Common Driveway,high,V9_VERIFIED,"one whole lot; units=3 (distinct address unit letters); master_size=3 (25040624); depth_ft=101.0; geometry=HCAD unique exact-address polygon; parcel=0391120000358; parcel_history={'event': 'SPLIT', 'vintage': '2025_Oct->2026_Jul', 'parents': ['0391120000305'], 'children': ['0391120000358', '0391120000357', '0391120000305'], 'source': 'refresh/parcel_events.json'}",Common Driveway,0391120000358,101.0
index,pmt_1516-dorothy-st-b-77008,"1516 Dorothy St B, Houston, TX 77008",Common Driveway,high,V9_VERIFIED,"one whole lot; units=3 (distinct address unit letters); master_size=None (none); depth_ft=100.9999; geometry=HCAD unique exact-address polygon; parcel=0391120000357; parcel_history={'event': 'SPLIT', 'vintage': '2025_Oct->2026_Jul', 'parents': ['0391120000305'], 'children': ['0391120000358', '0391120000357', '0391120000305'], 'source': 'refresh/parcel_events.json'}",Common Driveway,0391120000357,100.9999
index,pmt_1516-dorothy-st-c-77008,"1516 Dorothy St C, Houston, TX 77008",Common Driveway,high,V9_VERIFIED,"one whole lot; units=3 (distinct address unit letters); master_size=None (none); depth_ft=100.9999; geometry=HCAD unique exact-address polygon; parcel=0391120000305; parcel_history={'event': 'SPLIT', 'vintage': '2025_Oct->2026_Jul', 'parents': ['0391120000305'], 'children': ['0391120000358', '0391120000357', '0391120000305'], 'source': 'refresh/parcel_events.json'}",Common Driveway,0391120000305,100.9999
index,pmt_1507-w-23rd-st-d-77008,"1507 W 23rd St D, Houston, TX 77008",Common Driveway,high,V9_VERIFIED,"replat child; units=5 (distinct address unit letters); master_size=5 (24094765); depth_ft=60.4487; geometry=HCAD unique exact-address polygon; parcel=1481530010002; parcel_history={'event': 'SPLIT', 'vintage': '2024_Oct->2025_Oct', 'parents': ['0561650000621'], 'children': ['1481530010001', '1481530010002', '1481530010003', '1481530010004', '1481530010005'], 'source': 'refresh/parcel_events.json'}",Common Driveway,1481530010002,60.4487
index,pmt_1507-w-23rd-st-c-77008,"1507 W 23rd St C, Houston, TX 77008",Common Driveway,high,V9_VERIFIED,"replat child; units=5 (distinct address unit letters); master_size=5 (24094765); depth_ft=60.4338; geometry=HCAD unique exact-address polygon; parcel=1481530010003; parcel_history={'event': 'SPLIT', 'vintage': '2024_Oct->2025_Oct', 'parents': ['0561650000621'], 'children': ['1481530010001', '1481530010002', '1481530010003', '1481530010004', '1481530010005'], 'source': 'refresh/parcel_events.json'}",Common Driveway,1481530010003,60.4338
index,pmt_1507-w-23rd-st-b-77008,"1507 W 23rd St B, Houston, TX 77008",Common Driveway,high,V9_VERIFIED,"replat child; units=5 (distinct address unit letters); master_size=5 (24094765); depth_ft=60.4341; geometry=HCAD unique exact-address polygon; parcel=1481530010004; parcel_history={'event': 'SPLIT', 'vintage': '2024_Oct->2025_Oct', 'parents': ['0561650000621'], 'children': ['1481530010001', '1481530010002', '1481530010003', '1481530010004', '1481530010005'], 'source': 'refresh/parcel_events.json'}",Common Driveway,1481530010004,60.4341
index,pmt_1507-w-23rd-st-a-77008,"1507 W 23rd St A, Houston, TX 77008",Common Driveway,high,V9_VERIFIED,"replat child; units=5 (distinct address unit letters); master_size=5 (24094765); depth_ft=60.4339; geometry=HCAD unique exact-address polygon; parcel=1481530010005; parcel_history={'event': 'SPLIT', 'vintage': '2024_Oct->2025_Oct', 'parents': ['0561650000621'], 'children': ['1481530010001', '1481530010002', '1481530010003', '1481530010004', '1481530010005'], 'source': 'refresh/parcel_events.json'}",Common Driveway,1481530010005,60.4339
index,pmt_827-w-16th-st-b-77008,"827 W 16th St B, Houston, TX 77008",Split Lot,high,V9_VERIFIED,replat child; units=2 (distinct address unit letters); master_size=2 (25042403); depth_ft=131.0047; geometry=HCAD unique exact-address polygon; parcel=1458980010001; parcel_history=none,Split Lot,1458980010001,131.0047
index,pmt_310-e-27th-st-77008,"310 E 27th St, Houston, TX 77008",Unknown,unknown,ASSEMBLED_REVIEW,assembled 2 lots -> needs_review; units=1 (one address); master_size=None (none); depth_ft=120.0001; geometry=HCAD unique exact-address polygon; parcel=0350860320008; parcel_history=none,Unknown,0350860320008,120.0001
index,pmt_811-w-18th-st-77008,"811 W 18th St, Houston, TX 77008",Split Lot,high,V9_VERIFIED,"one whole lot; units=1 (one address); master_size=2 (24114419); depth_ft=131.4169; geometry=HCAD unique exact-address polygon; parcel=0200920000039; parcel_history={'event': 'SPLIT', 'vintage': '2024_Oct->2025_Oct', 'parents': ['0200920000039'], 'children': ['0200920000039', '0200920000045'], 'source': 'refresh/parcel_events.json'}",Split Lot,0200920000039,131.4169
index,pmt_809-w-18th-st-77008,"809 W 18th St, Houston, TX 77008",Split Lot,high,V9_VERIFIED,"one whole lot; units=1 (one address); master_size=2 (24114419); depth_ft=131.4166; geometry=HCAD unique exact-address polygon; parcel=0200920000045; parcel_history={'event': 'SPLIT', 'vintage': '2024_Oct->2025_Oct', 'parents': ['0200920000039'], 'children': ['0200920000039', '0200920000045'], 'source': 'refresh/parcel_events.json'}",Split Lot,0200920000045,131.4166
index,pmt_1424-w-23rd-st-c-77008,"1424 W 23rd St C, Houston, TX 77008",Common Driveway,high,V9_VERIFIED,replat child; units=3 (distinct address unit letters); master_size=None (none); depth_ft=48.5029; geometry=HCAD unique exact-address polygon; parcel=1362690010006; parcel_history=none,Common Driveway,1362690010006,48.5029
index,pmt_1424-w-23rd-st-b-77008,"1424 W 23rd St B, Houston, TX 77008",Common Driveway,high,V9_VERIFIED,replat child; units=3 (distinct address unit letters); master_size=None (none); depth_ft=47.505; geometry=HCAD unique exact-address polygon; parcel=1362690010005; parcel_history=none,Common Driveway,1362690010005,47.505
index,pmt_1021-ashland-st-77008,"1021 Ashland St, Houston, TX 77008",Unknown,unknown,UNVERIFIED_PLAT,replat child; units=1 (one address); master_size=None (none); depth_ft=131.9999; geometry=HCAD unique exact-address polygon; parcel=1417040010003; parcel_history=none,Split Lot,1417040010003,131.9999
index,pmt_1237-waverly-st-77008,"1237 Waverly St, Houston, TX 77008",Unknown,unknown,PARCEL_HISTORY_CONFLICT,"one whole lot; units=1 (one address); master_size=None (none); depth_ft=132.0537; geometry=HCAD unique exact-address polygon; parcel=0201760000004; parcel_history={'event': 'SPLIT', 'vintage': '2025_Oct->2026_Jul', 'parents': ['0201760000004'], 'children': ['0201760000004', '0201760000046'], 'source': 'refresh/parcel_events.json'}",Single Lot,0201760000004,132.0537
index,pmt_222-e-27th-st-77008,"222 E 27th St, Houston, TX 77008",Unknown,unknown,PARCEL_HISTORY_CONFLICT,"one whole lot; units=1 (one address); master_size=None (none); depth_ft=119.9998; geometry=HCAD unique exact-address polygon; parcel=0350870330013; parcel_history={'event': 'SPLIT', 'vintage': '2024_Oct->2025_Oct', 'parents': ['0350870330013'], 'children': ['0350870330013', '0350870330040', '0350870330041'], 'source': 'refresh/parcel_events.json'}",Single Lot,0350870330013,119.9998
index,pmt_226-e-27th-st-77008,"226 E 27th St, Houston, TX 77008",Split Lot,high,V9_VERIFIED,"replat child; units=1 (one address); master_size=None (none); depth_ft=119.9998; geometry=HCAD unique exact-address polygon; parcel=0350870330041; parcel_history={'event': 'SPLIT', 'vintage': '2024_Oct->2025_Oct', 'parents': ['0350870330013'], 'children': ['0350870330013', '0350870330040', '0350870330041'], 'source': 'refresh/parcel_events.json'}",Split Lot,0350870330041,119.9998
index,pmt_224-e-27th-st-77008,"224 E 27th St, Houston, TX 77008",Split Lot,high,V9_VERIFIED,"replat child; units=1 (one address); master_size=None (none); depth_ft=119.9998; geometry=HCAD unique exact-address polygon; parcel=0350870330040; parcel_history={'event': 'SPLIT', 'vintage': '2024_Oct->2025_Oct', 'parents': ['0350870330013'], 'children': ['0350870330013', '0350870330040', '0350870330041'], 'source': 'refresh/parcel_events.json'}",Split Lot,0350870330040,119.9998
index,pmt_1405-w-21st-st-c-77008,"1405 W 21st St C, Houston, TX 77008",Common Driveway,high,V9_VERIFIED,"replat child; units=3 (distinct address unit letters); master_size=7 (24106612); depth_ft=52.0544; geometry=HCAD unique exact-address polygon; parcel=1486620010001; parcel_history={'event': 'SPLIT', 'vintage': '2025_Oct->2026_Jul', 'parents': ['0561660000284'], 'children': ['1486620010008', '1486620010001', '1486620010002', '1486620010003'], 'source': 'refresh/parcel_events.json'}",Common Driveway,1486620010001,52.0544
index,pmt_1405-w-21st-st-b-77008,"1405 W 21st St B, Houston, TX 77008",Common Driveway,high,V9_VERIFIED,"replat child; units=3 (distinct address unit letters); master_size=7 (24106612); depth_ft=52.0542; geometry=HCAD unique exact-address polygon; parcel=1486620010002; parcel_history={'event': 'SPLIT', 'vintage': '2025_Oct->2026_Jul', 'parents': ['0561660000284'], 'children': ['1486620010008', '1486620010001', '1486620010002', '1486620010003'], 'source': 'refresh/parcel_events.json'}",Common Driveway,1486620010002,52.0542
index,pmt_1405-w-21st-st-a-77008,"1405 W 21st St A, Houston, TX 77008",Common Driveway,high,V9_VERIFIED,"replat child; units=3 (distinct address unit letters); master_size=7 (24106612); depth_ft=52.0542; geometry=HCAD unique exact-address polygon; parcel=1486620010003; parcel_history={'event': 'SPLIT', 'vintage': '2025_Oct->2026_Jul', 'parents': ['0561660000284'], 'children': ['1486620010008', '1486620010001', '1486620010002', '1486620010003'], 'source': 'refresh/parcel_events.json'}",Common Driveway,1486620010003,52.0542
index,pmt_1403-w-21st-st-d-77008,"1403 W 21st St D, Houston, TX 77008",Common Driveway,high,V9_VERIFIED,"replat child; units=4 (distinct address unit letters); master_size=7 (24106612); depth_ft=52.0817; geometry=HCAD unique exact-address polygon; parcel=1486620010004; parcel_history={'event': 'SPLIT', 'vintage': '2025_Oct->2026_Jul', 'parents': ['0561660000212'], 'children': ['1486620010007', '1486620010006', '1486620010005', '1486620010004'], 'source': 'refresh/parcel_events.json'}",Common Driveway,1486620010004,52.0817
index,pmt_1403-w-21st-st-c-77008,"1403 W 21st St C, Houston, TX 77008",Common Driveway,high,V9_VERIFIED,"replat child; units=4 (distinct address unit letters); master_size=7 (24106612); depth_ft=52.1036; geometry=HCAD unique exact-address polygon; parcel=1486620010005; parcel_history={'event': 'SPLIT', 'vintage': '2025_Oct->2026_Jul', 'parents': ['0561660000212'], 'children': ['1486620010007', '1486620010006', '1486620010005', '1486620010004'], 'source': 'refresh/parcel_events.json'}",Common Driveway,1486620010005,52.1036
index,pmt_1403-w-21st-st-b-77008,"1403 W 21st St B, Houston, TX 77008",Common Driveway,high,V9_VERIFIED,"replat child; units=4 (distinct address unit letters); master_size=7 (24106612); depth_ft=52.1205; geometry=HCAD unique exact-address polygon; parcel=1486620010006; parcel_history={'event': 'SPLIT', 'vintage': '2025_Oct->2026_Jul', 'parents': ['0561660000212'], 'children': ['1486620010007', '1486620010006', '1486620010005', '1486620010004'], 'source': 'refresh/parcel_events.json'}",Common Driveway,1486620010006,52.1205
index,pmt_1403-w-21st-st-a-77008,"1403 W 21st St A, Houston, TX 77008",Common Driveway,high,V9_VERIFIED,"replat child; units=4 (distinct address unit letters); master_size=7 (24106612); depth_ft=52.1345; geometry=HCAD unique exact-address polygon; parcel=1486620010007; parcel_history={'event': 'SPLIT', 'vintage': '2025_Oct->2026_Jul', 'parents': ['0561660000212'], 'children': ['1486620010007', '1486620010006', '1486620010005', '1486620010004'], 'source': 'refresh/parcel_events.json'}",Common Driveway,1486620010007,52.1345
index,pmt_319-e-24th-st-77008,"319 E 24th St, Houston, TX 77008",Unknown,unknown,ASSEMBLED_REVIEW,assembled 2 lots -> needs_review; units=1 (one address); master_size=None (none); depth_ft=120.0005; geometry=HCAD unique exact-address polygon; parcel=0350980550023; parcel_history=none,Unknown,0350980550023,120.0005
index,pmt_1519-glen-oaks-st-77008,"1519 Glen Oaks St, Houston, TX 77008",Unknown,unknown,UNVERIFIED_PLAT,replat child; units=1 (one address); master_size=None (none); depth_ft=246.6927; geometry=HCAD unique exact-address polygon; parcel=0771820170009; parcel_history=none,Split Lot,0771820170009,246.6927
index,pmt_1221-prince-st-77008,"1221 Prince St, Houston, TX 77008",Split Lot,high,V9_VERIFIED,"replat child; units=1 (one address); master_size=None (none); depth_ft=118.9999; geometry=HCAD unique exact-address polygon; parcel=1485030010002; parcel_history={'event': 'SPLIT', 'vintage': '2024_Oct->2025_Oct', 'parents': ['0582430040001'], 'children': ['1485030010002', '1485030010001', '1485030010003'], 'source': 'refresh/parcel_events.json'}",Split Lot,1485030010002,118.9999
index,pmt_1223-prince-st-77008,"1223 Prince St, Houston, TX 77008",Split Lot,high,V9_VERIFIED,"replat child; units=1 (one address); master_size=None (none); depth_ft=119.0001; geometry=HCAD unique exact-address polygon; parcel=1485030010001; parcel_history={'event': 'SPLIT', 'vintage': '2024_Oct->2025_Oct', 'parents': ['0582430040001'], 'children': ['1485030010002', '1485030010001', '1485030010003'], 'source': 'refresh/parcel_events.json'}",Split Lot,1485030010001,119.0001
index,pmt_1006-nashua-st-77008,"1006 Nashua St, Houston, TX 77008",Unknown,unknown,UNVERIFIED_PLAT,replat child; units=1 (one address); master_size=None (none); depth_ft=137.4781; geometry=HCAD unique exact-address polygon; parcel=0771820130008; parcel_history=none,Split Lot,0771820130008,137.4781
index,pmt_325-w-23rd-st-77008,"325 W 23rd St, Houston, TX 77008",Unknown,unknown,PARCEL_HISTORY_CONFLICT,"one whole lot; units=1 (one address); master_size=None (none); depth_ft=131.1378; geometry=HCAD unique exact-address polygon; parcel=0200410000067; parcel_history={'event': 'SPLIT', 'vintage': '2025_Oct->2026_Jul', 'parents': ['0200410000039'], 'children': ['0200410000068', '0200410000067'], 'source': 'refresh/parcel_events.json'}",Single Lot,0200410000067,131.1378
index,pmt_710-e-12th-st-77008,"710 E 12th St, Houston, TX 77008",Single Lot,high,V9_VERIFIED,one whole lot; units=1 (one address); master_size=None (none); depth_ft=125.0352; geometry=HCAD unique exact-address polygon; parcel=0350190360004; parcel_history=none,Single Lot,0350190360004,125.0352
index,pmt_708-ralfallen-st-77008,"708 Ralfallen St, Houston, TX 77008",Single Lot,high,V9_VERIFIED,one whole lot; units=1 (one address); master_size=None (none); depth_ft=101.443; geometry=HCAD unique exact-address polygon; parcel=0520400000106; parcel_history=none,Single Lot,0520400000106,101.443
index,pmt_1438-dian-st-b-77008,"1438 Dian St B, Houston, TX 77008",Split Lot,high,V9_VERIFIED,"one whole lot; units=2 (distinct address unit letters); master_size=None (none); depth_ft=100.0002; geometry=HCAD unique exact-address polygon; parcel=0391150000502; parcel_history={'event': 'SPLIT', 'vintage': '2025_Oct->2026_Jul', 'parents': ['0391150000436'], 'children': ['0391150000436', '0391150000502'], 'source': 'refresh/parcel_events.json'}",Split Lot,0391150000502,100.0002
index,pmt_730-e-13th-1-2-st-77008,"730 E 13th 1/2 St, Houston, TX 77008",Unknown,unknown,UNVERIFIED_PLAT,replat child; units=1 (one address); master_size=None (none); depth_ft=125.0899; geometry=HCAD unique exact-address polygon; parcel=0522740000008; parcel_history=none,Split Lot,0522740000008,125.0899
index,pmt_832-w-19th-st-77008,"832 W 19th St, Houston, TX 77008",Split Lot,high,V9_VERIFIED,"one whole lot; units=1 (one address); master_size=2 (24124851); depth_ft=131.0026; geometry=HCAD unique exact-address polygon; parcel=0200920000016; parcel_history={'event': 'SPLIT', 'vintage': '2024_Oct->2025_Oct', 'parents': ['0200920000016'], 'children': ['0200920000046', '0200920000016'], 'source': 'refresh/parcel_events.json'}",Split Lot,0200920000016,131.0026
index,pmt_834-w-19th-st-77008,"834 W 19th St, Houston, TX 77008",Split Lot,high,V9_VERIFIED,"one whole lot; units=1 (one address); master_size=2 (24124851); depth_ft=131.0032; geometry=HCAD unique exact-address polygon; parcel=0200920000046; parcel_history={'event': 'SPLIT', 'vintage': '2024_Oct->2025_Oct', 'parents': ['0200920000016'], 'children': ['0200920000046', '0200920000016'], 'source': 'refresh/parcel_events.json'}",Split Lot,0200920000046,131.0032
index,pmt_326-w-27th-st-77008,"326 W 27th St, Houston, TX 77008",Split Lot,high,V9_VERIFIED,"one whole lot; units=1 (one address); master_size=2 (25001059); depth_ft=131.0091; geometry=HCAD unique exact-address polygon; parcel=0200230000056; parcel_history={'event': 'SPLIT', 'vintage': '2024_Oct->2025_Oct', 'parents': ['0200230000012'], 'children': ['0200230000056', '0200230000012'], 'source': 'refresh/parcel_events.json'}",Split Lot,0200230000056,131.0091
index,pmt_324-w-27th-st-77008,"324 W 27th St, Houston, TX 77008",Split Lot,high,V9_VERIFIED,"one whole lot; units=1 (one address); master_size=2 (25001059); depth_ft=131.0524; geometry=HCAD unique exact-address polygon; parcel=0200230000012; parcel_history={'event': 'SPLIT', 'vintage': '2024_Oct->2025_Oct', 'parents': ['0200230000012'], 'children': ['0200230000056', '0200230000012'], 'source': 'refresh/parcel_events.json'}",Split Lot,0200230000012,131.0524
index,pmt_1211-bay-oaks-rd-77008,"1211 Bay Oaks Rd, Houston, TX 77008",Unknown,unknown,UNVERIFIED_PLAT,replat child; units=1 (one address); master_size=None (none); depth_ft=175.4352; geometry=HCAD unique exact-address polygon; parcel=0771810060014; parcel_history=none,Split Lot,0771810060014,175.4352
index,pmt_1424-w-23rd-st-a-77008,"1424 W 23rd St A, Houston, TX 77008",Common Driveway,high,V9_VERIFIED,replat child; units=3 (distinct address unit letters); master_size=None (none); depth_ft=55.5062; geometry=HCAD unique exact-address polygon; parcel=1362690010004; parcel_history=none,Common Driveway,1362690010004,55.5062
index,pmt_320-e-18th-st-77008,"320 E 18th St, Houston, TX 77008",Split Lot,high,V9_VERIFIED,fragment only; units=1 (one address); master_size=None (none); depth_ft=110.001; geometry=HCAD unique exact-address polygon; parcel=0201110000027; parcel_history=none,Split Lot,0201110000027,110.001
index,pmt_1207-tulane-st-77008,"1207 Tulane St, Houston, TX 77008",Split Lot,high,V9_VERIFIED,lot + fragment; units=1 (one address); master_size=None (none); depth_ft=132.0003; geometry=HCAD unique exact-address polygon; parcel=0201780000014; parcel_history=none,Split Lot,0201780000014,132.0003
index,pmt_1813-w-14th-st-77008,"1813 W 14th St, Houston, TX 77008",Unknown,unknown,UNVERIFIED_PLAT,replat child; units=1 (one address); master_size=None (none); depth_ft=132.7281; geometry=HCAD unique exact-address polygon; parcel=0720120020011; parcel_history=none,Split Lot,0720120020011,132.7281
index,pmt_305-w-17th-st-77008,"305 W 17th St, Houston, TX 77008",Unknown,unknown,ASSEMBLED_REVIEW,assembled 2 lots -> needs_review; units=1 (one address); master_size=None (none); depth_ft=132.0012; geometry=HCAD unique exact-address polygon; parcel=0201160000047; parcel_history=none,Unknown,0201160000047,132.0012
index,pmt_321-e-24th-st-77008,"321 E 24th St, Houston, TX 77008",Unknown,unknown,ASSEMBLED_REVIEW,assembled 2 lots -> needs_review; units=1 (one address); master_size=None (none); depth_ft=120.0001; geometry=HCAD unique exact-address polygon; parcel=0350980550021; parcel_history=none,Unknown,0350980550021,120.0001
index,pmt_1312-e-28th-st-a-77009,"1312 E 28th St A, Houston, TX 77009",Unknown,unknown,UNVERIFIED_PLAT,replat child; units=1 (distinct address unit letters); master_size=None (none); depth_ft=100.0293; geometry=HCAD unique exact-address polygon; parcel=0580150000005; parcel_history=none,Split Lot,0580150000005,100.0293
index,pmt_1101-usener-st-77009,"1101 Usener St, Houston, TX 77009",Single Lot,high,V9_VERIFIED,one whole lot; units=1 (one address); master_size=None (none); depth_ft=131.5421; geometry=HCAD unique exact-address polygon; parcel=0620760000016; parcel_history=none,Single Lot,0620760000016,131.5421
index,pmt_1115-e-26th-st-77009,"1115 E 26th St, Houston, TX 77009",Split Lot,high,V9_VERIFIED,fragment only; units=1 (one address); master_size=None (none); depth_ft=124.0671; geometry=HCAD unique exact-address polygon; parcel=0350830250010; parcel_history=none,Split Lot,0350830250010,124.0671
index,pmt_1809-palmetto-landing-dr-77009,"1809 Palmetto Landing Dr, Houston, TX 77009",Unknown,unknown,UNVERIFIED_PLAT,replat child; units=1 (one address); master_size=None (none); depth_ft=67.0035; geometry=HCAD unique exact-address polygon; parcel=1385300010010; parcel_history=none,Common Driveway,1385300010010,67.0035
index,pmt_1807-palmetto-landing-dr-77009,"1807 Palmetto Landing Dr, Houston, TX 77009",Unknown,unknown,UNVERIFIED_PLAT,replat child; units=1 (one address); master_size=None (none); depth_ft=67.0032; geometry=HCAD unique exact-address polygon; parcel=1385300010009; parcel_history=none,Common Driveway,1385300010009,67.0032
index,pmt_721-usener-st-77009,"721 Usener St, Houston, TX 77009",Single Lot,high,V9_VERIFIED,one whole lot; units=1 (one address); master_size=None (none); depth_ft=144.2018; geometry=HCAD unique exact-address polygon; parcel=0611830100012; parcel_history=none,Single Lot,0611830100012,144.2018
index,pmt_605-cordell-st-77009,"605 Cordell St, Houston, TX 77009",Single Lot,high,V9_VERIFIED,one whole lot; units=1 (one address); master_size=None (none); depth_ft=99.9999; geometry=HCAD unique exact-address polygon; parcel=0331280860009; parcel_history=none,Single Lot,0331280860009,99.9999
index,pmt_1106-robbie-st-77009,"1106 Robbie St, Houston, TX 77009",Single Lot,high,V9_VERIFIED,one whole lot; units=1 (one address); master_size=None (none); depth_ft=100.0656; geometry=HCAD unique exact-address polygon; parcel=0350120080013; parcel_history=none,Single Lot,0350120080013,100.0656
index,pmt_115-northwood-st-77009,"115 Northwood St, Houston, TX 77009",Single Lot,high,V9_VERIFIED,one whole lot; units=1 (one address); master_size=None (none); depth_ft=100.0389; geometry=HCAD unique exact-address polygon; parcel=0330710000005; parcel_history=none,Single Lot,0330710000005,100.0389
index,pmt_1132-adele-st-77009,"1132 Adele St, Houston, TX 77009",Split Lot,high,V9_VERIFIED,replat child; units=1 (one address); master_size=2 (25039338); depth_ft=100.0001; geometry=HCAD unique exact-address polygon; parcel=1446520010002; parcel_history=none,Split Lot,1446520010002,100.0001
index,pmt_1125-euclid-st-77009,"1125 Euclid St, Houston, TX 77009",Single Lot,high,V9_VERIFIED,one whole lot; units=1 (one address); master_size=None (none); depth_ft=101.1427; geometry=HCAD unique exact-address polygon; parcel=0620670000011; parcel_history=none,Single Lot,0620670000011,101.1427
index,pmt_1134-adele-st-77009,"1134 Adele St, Houston, TX 77009",Unknown,unknown,UNVERIFIED_PLAT,replat child; units=1 (one address); master_size=None (none); depth_ft=100.0001; geometry=HCAD unique exact-address polygon; parcel=1446520010001; parcel_history=none,Split Lot,1446520010001,100.0001
index,pmt_707-teetshorn-st-77009,"707 Teetshorn St, Houston, TX 77009",Single Lot,high,V9_VERIFIED,one whole lot; units=1 (one address); master_size=None (none); depth_ft=108.0227; geometry=HCAD unique exact-address polygon; parcel=0611810040013; parcel_history=none,Single Lot,0611810040013,108.0227
index,pmt_121-northwood-st-77009,"121 Northwood St, Houston, TX 77009",Single Lot,high,V9_VERIFIED,one whole lot; units=1 (one address); master_size=None (none); depth_ft=100.0399; geometry=HCAD unique exact-address polygon; parcel=0330710000008; parcel_history=none,Single Lot,0330710000008,100.0399
index,pmt_1805-palmetto-landing-dr-77009,"1805 Palmetto Landing Dr, Houston, TX 77009",Unknown,unknown,UNVERIFIED_PLAT,replat child; units=1 (one address); master_size=None (none); depth_ft=67.0095; geometry=HCAD unique exact-address polygon; parcel=1385300010008; parcel_history=none,Common Driveway,1385300010008,67.0095
index,pmt_1023-e-23rd-st-77009,"1023 E 23rd St, Houston, TX 77009",Split Lot,high,V9_VERIFIED,lot + fragment; units=1 (one address); master_size=None (none); depth_ft=120.0001; geometry=HCAD unique exact-address polygon; parcel=0351030650008; parcel_history=none,Split Lot,0351030650008,120.0001
index,pmt_2922-michaux-st-77009,"2922 Michaux St, Houston, TX 77009",Common Driveway,high,V9_VERIFIED,replat child; units=1 (one address); master_size=11 (24079057); depth_ft=57.1776; geometry=HCAD unique exact-address polygon; parcel=1402070010006; parcel_history=none,Common Driveway,1402070010006,57.1776
index,pmt_2932-michaux-st-77009,"2932 Michaux St, Houston, TX 77009",Common Driveway,high,V9_VERIFIED,replat child; units=1 (one address); master_size=11 (24079057); depth_ft=50.0007; geometry=HCAD unique exact-address polygon; parcel=1402070010001; parcel_history=none,Common Driveway,1402070010001,50.0007
index,pmt_2912-michaux-st-77009,"2912 Michaux St, Houston, TX 77009",Common Driveway,high,V9_VERIFIED,replat child; units=1 (one address); master_size=11 (24079057); depth_ft=50.1279; geometry=HCAD unique exact-address polygon; parcel=1402070010011; parcel_history=none,Common Driveway,1402070010011,50.1279
index,pmt_2930-michaux-st-77009,"2930 Michaux St, Houston, TX 77009",Common Driveway,high,V9_VERIFIED,replat child; units=1 (one address); master_size=11 (24079057); depth_ft=50.0036; geometry=HCAD unique exact-address polygon; parcel=1402070010002; parcel_history=none,Common Driveway,1402070010002,50.0036
index,pmt_2928-michaux-st-77009,"2928 Michaux St, Houston, TX 77009",Common Driveway,high,V9_VERIFIED,replat child; units=1 (one address); master_size=11 (24079057); depth_ft=50.0014; geometry=HCAD unique exact-address polygon; parcel=1402070010003; parcel_history=none,Common Driveway,1402070010003,50.0014
index,pmt_2926-michaux-st-77009,"2926 Michaux St, Houston, TX 77009",Common Driveway,high,V9_VERIFIED,replat child; units=1 (one address); master_size=11 (24079057); depth_ft=50.0014; geometry=HCAD unique exact-address polygon; parcel=1402070010004; parcel_history=none,Common Driveway,1402070010004,50.0014
index,pmt_2924-michaux-st-77009,"2924 Michaux St, Houston, TX 77009",Common Driveway,high,V9_VERIFIED,replat child; units=1 (one address); master_size=11 (24079057); depth_ft=57.4501; geometry=HCAD unique exact-address polygon; parcel=1402070010005; parcel_history=none,Common Driveway,1402070010005,57.4501
index,pmt_2920-michaux-st-77009,"2920 Michaux St, Houston, TX 77009",Common Driveway,high,V9_VERIFIED,replat child; units=1 (one address); master_size=11 (24079057); depth_ft=56.9028; geometry=HCAD unique exact-address polygon; parcel=1402070010007; parcel_history=none,Common Driveway,1402070010007,56.9028
index,pmt_2918-michaux-st-77009,"2918 Michaux St, Houston, TX 77009",Common Driveway,high,V9_VERIFIED,replat child; units=1 (one address); master_size=11 (24079057); depth_ft=50.002; geometry=HCAD unique exact-address polygon; parcel=1402070010008; parcel_history=none,Common Driveway,1402070010008,50.002
index,pmt_2916-michaux-st-77009,"2916 Michaux St, Houston, TX 77009",Common Driveway,high,V9_VERIFIED,replat child; units=1 (one address); master_size=11 (24079057); depth_ft=50.0033; geometry=HCAD unique exact-address polygon; parcel=1402070010009; parcel_history=none,Common Driveway,1402070010009,50.0033
index,pmt_2914-michaux-st-77009,"2914 Michaux St, Houston, TX 77009",Common Driveway,high,V9_VERIFIED,replat child; units=1 (one address); master_size=11 (24079057); depth_ft=50.0027; geometry=HCAD unique exact-address polygon; parcel=1402070010010; parcel_history=none,Common Driveway,1402070010010,50.0027
index,pmt_602-jewett-st-a-77009,"602 Jewett St A, Houston, TX 77009",Common Driveway,high,V9_VERIFIED,"replat child; units=2 (distinct address unit letters); master_size=2 (25007490); depth_ft=99.9999; geometry=HCAD unique exact-address polygon; parcel=1482900010002; parcel_history={'event': 'SPLIT', 'vintage': '2024_Oct->2025_Oct', 'parents': ['0331150630008'], 'children': ['1482900010001', '1482900010002'], 'source': 'refresh/parcel_events.json'}",Common Driveway,1482900010002,99.9999
index,pmt_2504-baylor-st-77009,"2504 Baylor St, Houston, TX 77009",Common Driveway,high,V9_VERIFIED,"replat child; units=1 (one address); master_size=3 (24102307); depth_ft=50.0001; geometry=HCAD unique exact-address polygon; parcel=1480710010001; parcel_history={'event': 'SPLIT', 'vintage': '2024_Oct->2025_Oct', 'parents': ['0350930450051'], 'children': ['1480710010001', '1480710010002', '1480710010003'], 'source': 'refresh/parcel_events.json'}",Common Driveway,1480710010001,50.0001
index,pmt_2506-baylor-st-77009,"2506 Baylor St, Houston, TX 77009",Common Driveway,high,V9_VERIFIED,"replat child; units=1 (one address); master_size=3 (24102307); depth_ft=50.0007; geometry=HCAD unique exact-address polygon; parcel=1480710010002; parcel_history={'event': 'SPLIT', 'vintage': '2024_Oct->2025_Oct', 'parents': ['0350930450051'], 'children': ['1480710010001', '1480710010002', '1480710010003'], 'source': 'refresh/parcel_events.json'}",Common Driveway,1480710010002,50.0007
index,pmt_2508-baylor-st-77009,"2508 Baylor St, Houston, TX 77009",Common Driveway,high,V9_VERIFIED,"replat child; units=1 (one address); master_size=3 (24102307); depth_ft=50.0015; geometry=HCAD unique exact-address polygon; parcel=1480710010003; parcel_history={'event': 'SPLIT', 'vintage': '2024_Oct->2025_Oct', 'parents': ['0350930450051'], 'children': ['1480710010001', '1480710010002', '1480710010003'], 'source': 'refresh/parcel_events.json'}",Common Driveway,1480710010003,50.0015
index,pmt_2701-julian-st-77009,"2701 Julian St, Houston, TX 77009",Unknown,unknown,UNVERIFIED_PLAT,replat child; units=1 (one address); master_size=None (none); depth_ft=102.5262; geometry=HCAD unique exact-address polygon; parcel=0562880000025; parcel_history=none,Split Lot,0562880000025,102.5262
index,pmt_1110-jerome-st-77009,"1110 Jerome St, Houston, TX 77009",Unknown,unknown,UNVERIFIED_PLAT,replat child; units=1 (one address); master_size=None (none); depth_ft=100.0022; geometry=HCAD unique exact-address polygon; parcel=0620810030020; parcel_history=none,Split Lot,0620810030020,100.0022
index,pmt_829-e-25th-st-77009,"829 E 25th St, Houston, TX 77009",Unknown,unknown,PARCEL_HISTORY_CONFLICT,"one whole lot; units=1 (one address); master_size=None (none); depth_ft=120.0339; geometry=HCAD unique exact-address polygon; parcel=0350940470055; parcel_history={'event': 'SPLIT', 'vintage': '2025_Oct->2026_Jul', 'parents': ['0350940470055'], 'children': ['0350940470091', '0350940470055'], 'source': 'refresh/parcel_events.json'}",Single Lot,0350940470055,120.0339
index,pmt_827-e-25th-st-77009,"827 E 25th St, Houston, TX 77009",Unknown,unknown,PARCEL_HISTORY_CONFLICT,"one whole lot; units=1 (one address); master_size=None (none); depth_ft=120.0339; geometry=HCAD unique exact-address polygon; parcel=0350940470091; parcel_history={'event': 'SPLIT', 'vintage': '2025_Oct->2026_Jul', 'parents': ['0350940470055'], 'children': ['0350940470091', '0350940470055'], 'source': 'refresh/parcel_events.json'}",Single Lot,0350940470091,120.0339
index,pmt_1001-e-7th-1-2-st-77009,"1001 E 7th 1/2 St, Houston, TX 77009",Single Lot,high,V9_VERIFIED,one whole lot; units=1 (one address); master_size=None (none); depth_ft=116.8313; geometry=HCAD unique exact-address polygon; parcel=0620690000018; parcel_history=none,Single Lot,0620690000018,116.8313
index,pmt_1040-voight-st-77009,"1040 Voight St, Houston, TX 77009",Common Driveway,high,V9_VERIFIED,"replat child; units=1 (one address); master_size=2 (24120301); depth_ft=99.9999; geometry=HCAD unique exact-address polygon; parcel=1483980010002; parcel_history={'event': 'SPLIT', 'vintage': '2024_Oct->2025_Oct', 'parents': ['0512040010015'], 'children': ['1483980010002', '1483980010001'], 'source': 'refresh/parcel_events.json'}",Common Driveway,1483980010002,99.9999
index,pmt_1042-voight-st-77009,"1042 Voight St, Houston, TX 77009",Common Driveway,high,V9_VERIFIED,"replat child; units=1 (one address); master_size=2 (24120301); depth_ft=99.9999; geometry=HCAD unique exact-address polygon; parcel=1483980010001; parcel_history={'event': 'SPLIT', 'vintage': '2024_Oct->2025_Oct', 'parents': ['0512040010015'], 'children': ['1483980010002', '1483980010001'], 'source': 'refresh/parcel_events.json'}",Common Driveway,1483980010001,99.9999
index,pmt_1001-e-27th-st-77009,"1001 E 27th St, Houston, TX 77009",Unknown,unknown,ASSEMBLED_REVIEW,assembled 2 lots -> needs_review; units=1 (one address); master_size=None (none); depth_ft=121.3116; geometry=HCAD unique exact-address polygon; parcel=0350820240027; parcel_history=none,Unknown,0350820240027,121.3116
index,pmt_1016-e-27th-st-77009,"1016 E 27th St, Houston, TX 77009",Unknown,unknown,ASSEMBLED_REVIEW,assembled 2 lots -> needs_review; units=1 (one address); master_size=None (none); depth_ft=120.0; geometry=HCAD unique exact-address polygon; parcel=0350830260020; parcel_history=none,Unknown,0350830260020,120.0
index,pmt_1127-robbie-st-77009,"1127 Robbie St, Houston, TX 77009",Single Lot,high,V9_VERIFIED,one whole lot; units=1 (one address); master_size=None (none); depth_ft=101.9048; geometry=HCAD unique exact-address polygon; parcel=0350130090005; parcel_history=none,Single Lot,0350130090005,101.9048
index,pmt_610-skyland-terrace-way-77009,"610 Skyland Terrace Way, Houston, TX 77009",Common Driveway,high,V9_VERIFIED,"replat child; units=1 (one address); master_size=None (none); depth_ft=46.4854; geometry=HCAD unique exact-address polygon; parcel=1481750010003; parcel_history={'event': 'SPLIT', 'vintage': '2024_Oct->2025_Oct', 'parents': ['0400610000045'], 'children': ['1481750020010', '1481750020009', '1481750020008', '1481750020007', '1481750020006', '1481750020001', '1481750020005', '1481750020004', '1481750020003', '1481750020002', '1481750020011', '1481750020012', '1481750020014', '1481750020013', '1481750010008', '1481750010007', '1481750010006', '1481750010009', '1481750010012', '1481750010011', '1481750010005', '1481750010004', '1481750010003', '1481750010002', '1481750010010', '1481750010001'], 'source': 'refresh/parcel_events.json'}",Common Driveway,1481750010003,46.4854
index,pmt_606-skyland-terrace-way-77009,"606 Skyland Terrace Way, Houston, TX 77009",Common Driveway,high,V9_VERIFIED,"replat child; units=1 (one address); master_size=None (none); depth_ft=46.3352; geometry=HCAD unique exact-address polygon; parcel=1481750010002; parcel_history={'event': 'SPLIT', 'vintage': '2024_Oct->2025_Oct', 'parents': ['0400610000045'], 'children': ['1481750020010', '1481750020009', '1481750020008', '1481750020007', '1481750020006', '1481750020001', '1481750020005', '1481750020004', '1481750020003', '1481750020002', '1481750020011', '1481750020012', '1481750020014', '1481750020013', '1481750010008', '1481750010007', '1481750010006', '1481750010009', '1481750010012', '1481750010011', '1481750010005', '1481750010004', '1481750010003', '1481750010002', '1481750010010', '1481750010001'], 'source': 'refresh/parcel_events.json'}",Common Driveway,1481750010002,46.3352
index,pmt_602-skyland-terrace-way-77009,"602 Skyland Terrace Way, Houston, TX 77009",Common Driveway,high,V9_VERIFIED,"replat child; units=1 (one address); master_size=None (none); depth_ft=50.5394; geometry=HCAD unique exact-address polygon; parcel=1481750010001; parcel_history={'event': 'SPLIT', 'vintage': '2024_Oct->2025_Oct', 'parents': ['0400610000045'], 'children': ['1481750020010', '1481750020009', '1481750020008', '1481750020007', '1481750020006', '1481750020001', '1481750020005', '1481750020004', '1481750020003', '1481750020002', '1481750020011', '1481750020012', '1481750020014', '1481750020013', '1481750010008', '1481750010007', '1481750010006', '1481750010009', '1481750010012', '1481750010011', '1481750010005', '1481750010004', '1481750010003', '1481750010002', '1481750010010', '1481750010001'], 'source': 'refresh/parcel_events.json'}",Common Driveway,1481750010001,50.5394
index,pmt_603-skyland-terrace-way-77009,"603 Skyland Terrace Way, Houston, TX 77009",Common Driveway,high,V9_VERIFIED,"replat child; units=1 (one address); master_size=None (none); depth_ft=50.4589; geometry=HCAD unique exact-address polygon; parcel=1481750020001; parcel_history={'event': 'SPLIT', 'vintage': '2024_Oct->2025_Oct', 'parents': ['0400610000045'], 'children': ['1481750020010', '1481750020009', '1481750020008', '1481750020007', '1481750020006', '1481750020001', '1481750020005', '1481750020004', '1481750020003', '1481750020002', '1481750020011', '1481750020012', '1481750020014', '1481750020013', '1481750010008', '1481750010007', '1481750010006', '1481750010009', '1481750010012', '1481750010011', '1481750010005', '1481750010004', '1481750010003', '1481750010002', '1481750010010', '1481750010001'], 'source': 'refresh/parcel_events.json'}",Common Driveway,1481750020001,50.4589
index,pmt_1208-e-26th-st-b-77009,"1208 E 26th St B, Houston, TX 77009",Split Lot,high,V9_VERIFIED,"replat child; units=2 (distinct address unit letters); master_size=None (none); depth_ft=100.3636; geometry=HCAD unique exact-address polygon; parcel=1496180010002; parcel_history={'event': 'SPLIT', 'vintage': '2025_Oct->2026_Jul', 'parents': ['0351100020005'], 'children': ['1496180010001', '1496180010002'], 'source': 'refresh/parcel_events.json'}",Split Lot,1496180010002,100.3636
index,pmt_614-skyland-terrace-way-77009,"614 Skyland Terrace Way, Houston, TX 77009",Common Driveway,high,V9_VERIFIED,"replat child; units=1 (one address); master_size=None (none); depth_ft=46.6353; geometry=HCAD unique exact-address polygon; parcel=1481750010004; parcel_history={'event': 'SPLIT', 'vintage': '2024_Oct->2025_Oct', 'parents': ['0400610000045'], 'children': ['1481750020010', '1481750020009', '1481750020008', '1481750020007', '1481750020006', '1481750020001', '1481750020005', '1481750020004', '1481750020003', '1481750020002', '1481750020011', '1481750020012', '1481750020014', '1481750020013', '1481750010008', '1481750010007', '1481750010006', '1481750010009', '1481750010012', '1481750010011', '1481750010005', '1481750010004', '1481750010003', '1481750010002', '1481750010010', '1481750010001'], 'source': 'refresh/parcel_events.json'}",Common Driveway,1481750010004,46.6353
index,pmt_606-link-rd-g-77009,"606 Link Rd G, Houston, TX 77009",Common Driveway,high,V9_VERIFIED,"replat child; units=7 (distinct address unit letters); master_size=7 (26012766); depth_ft=94.8122; geometry=HCAD unique exact-address polygon; parcel=1496850010001; parcel_history={'event': 'SPLIT', 'vintage': '2025_Oct->2026_Jul', 'parents': ['0400590000012'], 'children': ['1496850010008', '1496850010001', '1496850010002', '1496850010003', '1496850010004', '1496850010005', '1496850010006', '1496850010007'], 'source': 'refresh/parcel_events.json'}",Common Driveway,1496850010001,94.8122
index,pmt_615-skyland-terrace-way-77009,"615 Skyland Terrace Way, Houston, TX 77009",Common Driveway,high,V9_VERIFIED,"replat child; units=1 (one address); master_size=None (none); depth_ft=46.9087; geometry=HCAD unique exact-address polygon; parcel=1481750020004; parcel_history={'event': 'SPLIT', 'vintage': '2024_Oct->2025_Oct', 'parents': ['0400610000045'], 'children': ['1481750020010', '1481750020009', '1481750020008', '1481750020007', '1481750020006', '1481750020001', '1481750020005', '1481750020004', '1481750020003', '1481750020002', '1481750020011', '1481750020012', '1481750020014', '1481750020013', '1481750010008', '1481750010007', '1481750010006', '1481750010009', '1481750010012', '1481750010011', '1481750010005', '1481750010004', '1481750010003', '1481750010002', '1481750010010', '1481750010001'], 'source': 'refresh/parcel_events.json'}",Common Driveway,1481750020004,46.9087
index,pmt_611-skyland-terrace-way-77009,"611 Skyland Terrace Way, Houston, TX 77009",Common Driveway,high,V9_VERIFIED,"replat child; units=1 (one address); master_size=None (none); depth_ft=46.9466; geometry=HCAD unique exact-address polygon; parcel=1481750020003; parcel_history={'event': 'SPLIT', 'vintage': '2024_Oct->2025_Oct', 'parents': ['0400610000045'], 'children': ['1481750020010', '1481750020009', '1481750020008', '1481750020007', '1481750020006', '1481750020001', '1481750020005', '1481750020004', '1481750020003', '1481750020002', '1481750020011', '1481750020012', '1481750020014', '1481750020013', '1481750010008', '1481750010007', '1481750010006', '1481750010009', '1481750010012', '1481750010011', '1481750010005', '1481750010004', '1481750010003', '1481750010002', '1481750010010', '1481750010001'], 'source': 'refresh/parcel_events.json'}",Common Driveway,1481750020003,46.9466
index,pmt_607-skyland-terrace-way-77009,"607 Skyland Terrace Way, Houston, TX 77009",Common Driveway,high,V9_VERIFIED,"replat child; units=1 (one address); master_size=None (none); depth_ft=46.9843; geometry=HCAD unique exact-address polygon; parcel=1481750020002; parcel_history={'event': 'SPLIT', 'vintage': '2024_Oct->2025_Oct', 'parents': ['0400610000045'], 'children': ['1481750020010', '1481750020009', '1481750020008', '1481750020007', '1481750020006', '1481750020001', '1481750020005', '1481750020004', '1481750020003', '1481750020002', '1481750020011', '1481750020012', '1481750020014', '1481750020013', '1481750010008', '1481750010007', '1481750010006', '1481750010009', '1481750010012', '1481750010011', '1481750010005', '1481750010004', '1481750010003', '1481750010002', '1481750010010', '1481750010001'], 'source': 'refresh/parcel_events.json'}",Common Driveway,1481750020002,46.9843
montrose,pmt_4813-milam-st-77006,"4813 Milam St, Houston, TX 77006",Unknown,unknown,UNVERIFIED_PLAT,replat child; units=1 (one address); master_size=None (none); depth_ft=94.8378; geometry=HCAD unique exact-address polygon; parcel=1494040010001; parcel_history=none,Common Driveway,1494040010001,94.8378
montrose,pmt_1408-indiana-st-b-77006,"1408 Indiana St B, Houston, TX 77006",Common Driveway,high,V9_VERIFIED,replat child; units=2 (distinct address unit letters); master_size=3 (25098277); depth_ft=62.5002; geometry=HCAD unique exact-address polygon; parcel=0180300110002; parcel_history=none,Common Driveway,0180300110002,62.5002
montrose,pmt_418-w-saulnier-st-77019,"418 W Saulnier St, Houston, TX 77019",Common Driveway,high,V9_VERIFIED,replat child; units=1 (one address); master_size=2 (26024758); depth_ft=97.8341; geometry=HCAD unique exact-address polygon; parcel=1492530010001; parcel_history=none,Common Driveway,1492530010001,97.8341
montrose,pmt_416-w-saulnier-st-77019,"416 W Saulnier St, Houston, TX 77019",Common Driveway,high,V9_VERIFIED,replat child; units=1 (one address); master_size=2 (26024758); depth_ft=98.1444; geometry=HCAD unique exact-address polygon; parcel=1492530010002; parcel_history=none,Common Driveway,1492530010002,98.1444
montrose,pmt_608-w-saulnier-st-77019,"608 W Saulnier St, Houston, TX 77019",Common Driveway,high,V9_VERIFIED,replat child; units=1 (one address); master_size=2 (26021909); depth_ft=96.7696; geometry=HCAD unique exact-address polygon; parcel=1492520010001; parcel_history=none,Common Driveway,1492520010001,96.7696
montrose,pmt_606-w-saulnier-st-77019,"606 W Saulnier St, Houston, TX 77019",Common Driveway,high,V9_VERIFIED,replat child; units=1 (one address); master_size=2 (26021909); depth_ft=97.082; geometry=HCAD unique exact-address polygon; parcel=1492520010002; parcel_history=none,Common Driveway,1492520010002,97.082
montrose,pmt_410-w-saulnier-st-77019,"410 W Saulnier St, Houston, TX 77019",Common Driveway,high,V9_VERIFIED,replat child; units=1 (one address); master_size=2 (26025195); depth_ft=97.9679; geometry=HCAD unique exact-address polygon; parcel=1492710010001; parcel_history=none,Common Driveway,1492710010001,97.9679
montrose,pmt_412-w-saulnier-st-77019,"412 W Saulnier St, Houston, TX 77019",Common Driveway,high,V9_VERIFIED,replat child; units=1 (one address); master_size=2 (26025195); depth_ft=98.2768; geometry=HCAD unique exact-address polygon; parcel=1492710010002; parcel_history=none,Common Driveway,1492710010002,98.2768
montrose,pmt_1715-harold-st-77098,"1715 Harold St, Houston, TX 77098",Unknown,unknown,UNVERIFIED_PLAT,replat child; units=1 (one address); master_size=None (none); depth_ft=125.6087; geometry=HCAD unique exact-address polygon; parcel=0542320000004; parcel_history=none,Split Lot,0542320000004,125.6087
riveroaks,pmt_3024-chevy-chase-dr-77019,"3024 Chevy Chase Dr, Houston, TX 77019",Unknown,unknown,UNVERIFIED_PLAT,replat child; units=1 (one address); master_size=None (none); depth_ft=184.7157; geometry=HCAD unique exact-address polygon; parcel=0601500300001; parcel_history=none,Split Lot,0601500300001,184.7157
riveroaks,pmt_2433-inwood-dr-77019,"2433 Inwood Dr, Houston, TX 77019",Unknown,unknown,UNVERIFIED_PLAT,replat child; units=1 (one address); master_size=None (none); depth_ft=127.9923; geometry=HCAD unique exact-address polygon; parcel=0601540380008; parcel_history=none,Split Lot,0601540380008,127.9923
springbranch,pmt_1702-sedola-pvt-ln-77055,"1702 Sedola Ln, Houston, TX 77055",Unknown,unknown,UNVERIFIED_PLAT,replat child; units=1 (one address); master_size=None (none); depth_ft=61.2875; geometry=HCAD unique exact-address polygon; parcel=1423870010001; parcel_history=none,Common Driveway,1423870010001,61.2875
springbranch,pmt_7006-northampton-way-77055,"7006 Northampton Way, Houston, TX 77055",Unknown,unknown,UNVERIFIED_PLAT,replat child; units=1 (one address); master_size=None (none); depth_ft=134.0931; geometry=HCAD unique exact-address polygon; parcel=0832420000021; parcel_history=none,Split Lot,0832420000021,134.0931
springbranch,pmt_8525-panatella-dr-77055,"8525 Panatella Dr, Houston, TX 77055",Split Lot,high,V9_VERIFIED,replat child; units=1 (one address); master_size=None (none); depth_ft=191.9084; geometry=HCAD unique exact-address polygon; parcel=0791290070133; parcel_history=none,Split Lot,0791290070133,191.9084
springbranch,pmt_9253-elizabeth-rd-77055,"9253 Elizabeth Rd, Houston, TX 77055",Unknown,unknown,UNVERIFIED_PLAT,replat child; units=1 (one address); master_size=None (none); depth_ft=328.0955; geometry=HCAD unique exact-address polygon; parcel=0730330080002; parcel_history=none,Split Lot,0730330080002,328.0955
springbranch,pmt_1507-jacquelyn-dr-77055,"1507 Jacquelyn Dr, Houston, TX 77055",Unknown,unknown,UNVERIFIED_PLAT,replat child; units=1 (one address); master_size=None (none); depth_ft=139.5371; geometry=HCAD unique exact-address polygon; parcel=0770390070044; parcel_history=none,Split Lot,0770390070044,139.5371
springbranch,pmt_1605-pine-chase-dr-77055,"1605 Pine Chase Dr, Houston, TX 77055",Unknown,unknown,UNVERIFIED_PLAT,replat child; units=1 (one address); master_size=None (none); depth_ft=114.898; geometry=HCAD unique exact-address polygon; parcel=0770590010007; parcel_history=none,Split Lot,0770590010007,114.898
springbranch,pmt_9017-kerrwood-ln-c-77080,"9017 Kerrwood Ln C, Houston, TX 77080",Unknown,unknown,DEPTH_UNAVAILABLE,no legal; units=2 (distinct address unit letters); master_size=None (none); depth_ft=None; geometry=unavailable; parcel=unavailable; parcel_history=none,Split Lot,,
springbranch,pmt_9017-kerrwood-ln-b-77080,"9017 Kerrwood Ln B, Houston, TX 77080",Unknown,unknown,DEPTH_UNAVAILABLE,no legal; units=2 (distinct address unit letters); master_size=None (none); depth_ft=None; geometry=unavailable; parcel=unavailable; parcel_history=none,Split Lot,,
springbranch,pmt_10407-metronome-dr-77043,"10407 Metronome Dr, Houston, TX 77043",Unknown,unknown,UNVERIFIED_PLAT,replat child; units=1 (one address); master_size=None (none); depth_ft=115.2693; geometry=HCAD unique exact-address polygon; parcel=0971600000014; parcel_history=none,Split Lot,0971600000014,115.2693
springbranch,pmt_7203-housman-st-77055,"7203 Housman St, Houston, TX 77055",Unknown,unknown,UNVERIFIED_PLAT,replat child; units=1 (one address); master_size=None (none); depth_ft=118.7146; geometry=HCAD unique exact-address polygon; parcel=0771220110004; parcel_history=none,Split Lot,0771220110004,118.7146
timbergrove,2130421544,"6727 Grovewood Ln, Houston, Tx 77008",Unknown,unknown,UNVERIFIED_PLAT,replat child; units=1 (one address); master_size=None (none); depth_ft=136.1439; geometry=HCAD unique exact-address polygon; parcel=0891390000007; parcel_history=none,Split Lot,0891390000007,136.1439
timbergrove,2130573149,"2326 Haverhill Dr, Houston, Tx 77008",Unknown,unknown,UNVERIFIED_PLAT,replat child; units=1 (one address); master_size=None (none); depth_ft=110.9731; geometry=HCAD unique exact-address polygon; parcel=0925310000002; parcel_history=none,Split Lot,0925310000002,110.9731
timbergrove,2130573761,"2230 Tannehill Dr, Houston, Tx 77008",Unknown,unknown,UNVERIFIED_PLAT,replat child; units=1 (one address); master_size=None (none); depth_ft=108.4998; geometry=HCAD unique exact-address polygon; parcel=0925320000009; parcel_history=none,Split Lot,0925320000009,108.4998
westu,pmt_2336-dunstan-rd-77005,"2336 Dunstan Rd, Houston, TX 77005",Unknown,unknown,UNVERIFIED_PLAT,replat child; units=1 (one address); master_size=None (none); depth_ft=123.0526; geometry=HCAD unique exact-address polygon; parcel=0591290030004; parcel_history=none,Split Lot,0591290030004,123.0526
westu,pmt_3711-purdue-st-77005,"3711 Purdue St, Houston, TX 77005",Unknown,unknown,UNVERIFIED_PLAT,replat child; units=1 (one address); master_size=None (none); depth_ft=132.2588; geometry=HCAD unique exact-address polygon; parcel=0681250250027; parcel_history=none,Split Lot,0681250250027,132.2588
gardenoaksoakforest,pmt_1918-gardenia-dr-77018,"1918 Gardenia Dr, Houston, TX 77018",Unknown,unknown,UNVERIFIED_PLAT,replat child; units=1 (one address); master_size=None (none); depth_ft=116.4199; geometry=HCAD unique exact-address polygon; parcel=0731000590026; parcel_history=none,Split Lot,0731000590026,116.4199
gardenoaksoakforest,pmt_2218-libbey-dr-77018,"2218 Libbey Dr, Houston, TX 77018",Unknown,unknown,UNVERIFIED_PLAT,replat child; units=1 (one address); master_size=None (none); depth_ft=121.7856; geometry=HCAD unique exact-address polygon; parcel=0731010030015; parcel_history=none,Split Lot,0731010030015,121.7856
gardenoaksoakforest,pmt_1415-woodcrest-dr-77018,"1415 Woodcrest Dr, Houston, TX 77018",Unknown,unknown,UNVERIFIED_PLAT,replat child; units=1 (one address); master_size=None (none); depth_ft=120.1259; geometry=HCAD unique exact-address polygon; parcel=0731000020015; parcel_history=none,Split Lot,0731000020015,120.1259
gardenoaksoakforest,pmt_312-w-32nd-st-77018,"312 W 32nd St, Houston, TX 77018",Unknown,unknown,UNVERIFIED_PLAT,replat child; units=1 (one address); master_size=None (none); depth_ft=169.9289; geometry=HCAD unique exact-address polygon; parcel=0660450040012; parcel_history=none,Split Lot,0660450040012,169.9289
gardenoaksoakforest,pmt_5218-lido-ln-77092,"5218 Lido Ln, Houston, TX 77092",Unknown,unknown,UNVERIFIED_PLAT,replat child; units=1 (one address); master_size=None (none); depth_ft=107.8395; geometry=HCAD unique exact-address polygon; parcel=0804440000026; parcel_history=none,Split Lot,0804440000026,107.8395
gardenoaksoakforest,pmt_1231-martin-st-77018,"1231 Martin St, Houston, TX 77018",Unknown,unknown,UNVERIFIED_PLAT,replat child; units=1 (one address); master_size=None (none); depth_ft=120.6686; geometry=HCAD unique exact-address polygon; parcel=0731000150021; parcel_history=none,Split Lot,0731000150021,120.6686
gardenoaksoakforest,pmt_1220-martin-st-77018,"1220 Martin St, Houston, TX 77018",Unknown,unknown,UNVERIFIED_PLAT,replat child; units=1 (one address); master_size=None (none); depth_ft=121.8704; geometry=HCAD unique exact-address polygon; parcel=0731000160033; parcel_history=none,Split Lot,0731000160033,121.8704
gardenoaksoakforest,pmt_2119-althea-dr-77018,"2119 Althea Dr, Houston, TX 77018",Unknown,unknown,UNVERIFIED_PLAT,replat child; units=1 (one address); master_size=None (none); depth_ft=122.3623; geometry=HCAD unique exact-address polygon; parcel=0731000830014; parcel_history=none,Split Lot,0731000830014,122.3623
